bancarizado,codigodepartamentoatencion,codigomunicipioatencion,discapacidad,estadobeneficiario,etnia,fechainscripcionbeneficiario,genero,nivelescolaridad,nombredepartamentoatencion,nombremunicipioatencion,pais,tipoasignacionbeneficio,tipobeneficio,tipodocumento,tipopoblacion,rangobeneficioconsolidadoasignado,rangoultimobeneficioasignado,fechaultimobeneficioasignado,rangoedad,titular,cantidaddebeneficiarios
NO,15,15572,SI,ACTIVO,ND,2012-12-01,Mujer,ND,BOYACA,PUERTO BOYACA,ND,ND,ND,TI,DESPLAZADOS,0 - 1.500.000,0 - 1.300.000,1900-01-01,06-17,NO,1
NO,15,15572,NO,ACTIVO,ND,2013-08-01,Mujer,PRIMARIA,BOYACA,PUERTO BOYACA,ND,ND,EDUCACIÓN PRIMARIA,TI,DESPLAZADOS,0 - 1.500.000,0 - 1.300.000,1900-01-01,06-17,NO,3
ND,15,15572,NO,ACTIVO,ND,2015-09-01,Mujer,ND,BOYACA,PUERTO BOYACA,Colombia,MONETARIO,NUTRICIÓN,No Definido,DESPLAZADOS,3.000.001 - 4.500.000,0 - 1.300.000,2018-01-01,30-49,SI,1
SI,15,15572,NO,ACTIVO,ND,2012-12-01,Mujer,ND,BOYACA,PUERTO BOYACA,ND,MONETARIO,ND,CC,UNIDOS,0 - 1.500.000,0 - 1.300.000,2018-01-01,>65,SI,1
NO,15,15572,NO,ACTIVO,ND,2012-12-01,Hombre,ND,BOYACA,PUERTO BOYACA,Colombia,ND,EDUCACIÓN PRIMARIA,TI,UNIDOS,0 - 1.500.000,0 - 1.300.000,1900-01-01,18-29,NO,3
NO,15,15572,NO,ACTIVO,ND,2015-11-01,Hombre,ND,BOYACA,PUERTO BOYACA,ND,ND,ND,CC,DESPLAZADOS,0 - 1.500.000,0 - 1.300.000,1900-01-01,18-29,NO,1
NO,15,15572,NO,ACTIVO,ND,2012-12-01,Hombre,PRIMARIA,BOYACA,PUERTO BOYACA,ND,ND,EDUCACIÓN PRIMARIANUTRICIÓN MENOR,RC,SISBEN,0 - 1.500.000,0 - 1.300.000,1900-01-01,06-17,NO,4
NO,15,15572,NO,ACTIVO,ND,2014-08-01,Mujer,PRIMARIA,BOYACA,PUERTO BOYACA,ND,ND,EDUCACIÓN PRIMARIA,RC,DESPLAZADOS,0 - 1.500.000,0 - 1.300.000,1900-01-01,06-17,NO,1
ND,15,15572,NO,NO ACTIVO,ND,2012-12-01,Mujer,ND,BOYACA,PUERTO BOYACA,Colombia,ND,ND,TI,UNIDOS,0 - 1.500.000,0 - 1.300.000,1900-01-01,18-29,NO,1
ND,15,15572,NO,ACTIVO,ND,2012-12-01,Mujer,ND,BOYACA,PUERTO BOYACA,Colombia,ND,ND,TI,SISBEN,0 - 1.500.000,0 - 1.300.000,1900-01-01,18-29,NO,1
SI,15,15572,NO,NO ACTIVO,ND,2012-12-01,Mujer,ND,BOYACA,PUERTO BOYACA,ND,MONETARIO,ND,CC,SISBEN,0 - 1.500.000,0 - 1.300.000,2014-01-01,>65,SI,1
NO,15,15572,NO,NO ACTIVO,ND,2012-12-01,Mujer,ND,BOYACA,PUERTO BOYACA,ND,MONETARIO,ND,CC,UNIDOS,0 - 1.500.000,0 - 1.300.000,2015-01-01,18-29,SI,1
NO,15,15572,NO,ACTIVO,ND,2014-09-01,Mujer,PRIMARIA,BOYACA,PUERTO BOYACA,ND,ND,EDUCACIÓN PRIMARIA,TI,DESPLAZADOS,0 - 1.500.000,0 - 1.300.000,1900-01-01,06-17,NO,2
NO,15,15572,NO,ACTIVO,ND,2013-06-01,Hombre,ND,BOYACA,PUERTO BOYACA,ND,ND,ND,TI,DESPLAZADOS,0 - 1.500.000,0 - 1.300.000,1900-01-01,18-29,NO,2
SI,15,15572,NO,ACTIVO,ND,2012-12-01,Hombre,ND,BOYACA,PUERTO BOYACA,ND,MONETARIO,ND,CC,DESPLAZADOS,0 - 1.500.000,0 - 1.300.000,2018-01-01,30-49,SI,1
NO,15,15572,NO,ACTIVO,ND,2015-08-01,Hombre,TRANSICION,BOYACA,PUERTO BOYACA,ND,ND,TRANSICIÓNNUTRICIÓN MENOR,RC,SISBEN,0 - 1.500.000,0 - 1.300.000,1900-01-01,06-17,NO,1
NO,15,15572,NO,ACTIVO,ND,2014-12-01,Mujer,SECUNDARIA,BOYACA,PUERTO BOYACA,ND,ND,EDUCACIÓN SECUNDARIA,TI,DESPLAZADOS,0 - 1.500.000,0 - 1.300.000,1900-01-01,18-29,NO,2
NO,15,15572,NO,NO ACTIVO,ND,2013-03-01,Mujer,ND,BOYACA,PUERTO BOYACA,ND,ND,ND,TI,DESPLAZADOS,0 - 1.500.000,0 - 1.300.000,1900-01-01,18-29,NO,1
NO,15,15572,NO,ACTIVO,ND,2013-11-01,Mujer,PRIMARIA,BOYACA,PUERTO BOYACA,ND,ND,EDUCACIÓN PRIMARIA,TI,DESPLAZADOS,0 - 1.500.000,0 - 1.300.000,1900-01-01,06-17,NO,1
SI,15,15572,NO,ACTIVO,AFROCOLOMBIANO – NEGRO,2012-12-01,Mujer,ND,BOYACA,PUERTO BOYACA,ND,MONETARIO,ND,CC,SISBEN,3.000.001 - 4.500.000,0 - 1.300.000,2018-01-01,50-65,SI,1
NO,15,15572,NO,ACTIVO,ND,2012-12-01,Mujer,PRIMARIA,BOYACA,PUERTO BOYACA,ND,ND,EDUCACIÓN PRIMARIANUTRICIÓN MENOR,RC,SISBEN,0 - 1.500.000,0 - 1.300.000,1900-01-01,06-17,NO,10
NO,15,15572,NO,ACTIVO,ND,2014-08-01,Mujer,PRIMARIA,BOYACA,PUERTO BOYACA,ND,ND,EDUCACIÓN PRIMARIA,TI,DESPLAZADOS,0 - 1.500.000,0 - 1.300.000,1900-01-01,06-17,NO,1
NO,15,15572,NO,NO ACTIVO,ND,2012-12-01,Mujer,ND,BOYACA,PUERTO BOYACA,ND,MONETARIO,ND,CC,SISBEN,4.500.001 - 6.000.000,0 - 1.300.000,2018-01-01,18-29,SI,1
SI,15,15572,NO,ACTIVO,AFROCOLOMBIANO – NEGRO,2012-12-01,Mujer,ND,BOYACA,PUERTO BOYACA,ND,MONETARIO,ND,CC,SISBEN,4.500.001 - 6.000.000,0 - 1.300.000,2018-01-01,50-65,SI,1
NO,15,15572,NO,NO ACTIVO,ND,2012-12-01,Mujer,ND,BOYACA,PUERTO BOYACA,ND,ND,EDUCACIÓN PRIMARIANUTRICIÓN MENOR,RC,UNIDOS,0 - 1.500.000,0 - 1.300.000,1900-01-01,06-17,NO,1
NO,15,15572,NO,ACTIVO,ND,2012-12-01,Hombre,TRANSICION,BOYACA,PUERTO BOYACA,ND,ND,TRANSICIÓNNUTRICIÓN MENOR,RC,UNIDOS,0 - 1.500.000,0 - 1.300.000,1900-01-01,06-17,NO,19
SI,15,15572,NO,NO ACTIVO,ND,2012-12-01,Mujer,ND,BOYACA,PUERTO BOYACA,Colombia,MONETARIO,ND,CC,ND,0 - 1.500.000,0 - 1.300.000,2014-01-01,>65,SI,1
ND,15,15572,NO,ACTIVO,ND,2012-12-01,Mujer,ND,BOYACA,PUERTO BOYACA,Colombia,ND,TRANSICIÓNNUTRICIÓN MENOR,RC,UNIDOS,0 - 1.500.000,0 - 1.300.000,1900-01-01,06-17,NO,1
SI,15,15572,NO,NO ACTIVO,ND,2012-12-01,Mujer,ND,BOYACA,PUERTO BOYACA,Colombia,MONETARIO,NUTRICIÓN,CC,ND,1.500.001 - 3.000.000,0 - 1.300.000,2014-01-01,50-65,SI,1
NO,15,15572,NO,ACTIVO,ND,2012-12-01,Mujer,TRANSICION,BOYACA,PUERTO BOYACA,ND,ND,TRANSICIÓNNUTRICIÓN MENOR,RC,UNIDOS,0 - 1.500.000,0 - 1.300.000,1900-01-01,06-17,NO,12
NO,15,15572,NO,NO ACTIVO,ND,2012-12-01,Mujer,ND,BOYACA,PUERTO BOYACA,ND,ND,EDUCACIÓN PRIMARIANUTRICIÓN MENOR,RC,ND,0 - 1.500.000,0 - 1.300.000,1900-01-01,06-17,NO,4
ND,15,15572,ND,ACTIVO,ND,2012-12-01,Mujer,ND,BOYACA,PUERTO BOYACA,Colombia,MONETARIO,ND,CC,SISBEN,1.500.001 - 3.000.000,0 - 1.300.000,2018-01-01,30-49,SI,1
NO,15,15572,NO,ACTIVO,ND,2017-04-01,Hombre,ND,BOYACA,PUERTO BOYACA,ND,ND,NUTRICIÓN MENOR,RC,DESPLAZADOS,0 - 1.500.000,0 - 1.300.000,1900-01-01,06-17,NO,2
NO,15,15572,NO,ACTIVO,ND,2012-12-01,Hombre,ND,BOYACA,PUERTO BOYACA,ND,MONETARIO,ND,CC,UNIDOS,1.500.001 - 3.000.000,0 - 1.300.000,2018-01-01,>65,SI,1
ND,15,15572,ND,ACTIVO,ND,2012-12-01,Mujer,ND,BOYACA,PUERTO BOYACA,Colombia,MONETARIO,ND,CC,DESPLAZADOS,1.500.001 - 3.000.000,0 - 1.300.000,2018-01-01,30-49,SI,1
ND,15,15572,ND,ACTIVO,INDIGENA,2014-12-01,Mujer,ND,BOYACA,PUERTO BOYACA,Colombia,ND,ND,TI,DESPLAZADOS,0 - 1.500.000,0 - 1.300.000,1900-01-01,18-29,NO,1
ND,15,15572,ND,ACTIVO,ND,2015-06-01,Mujer,ND,BOYACA,PUERTO BOYACA,Colombia,ND,TRANSICIÓNNUTRICIÓN MENOR,RC,DESPLAZADOS,0 - 1.500.000,0 - 1.300.000,1900-01-01,06-17,NO,1
SI,15,15572,NO,ACTIVO,ND,2015-04-01,Mujer,ND,BOYACA,PUERTO BOYACA,ND,MONETARIO,ND,CC,DESPLAZADOS,0 - 1.500.000,0 - 1.300.000,2018-01-01,50-65,SI,1
ND,15,15572,ND,ACTIVO,ND,2017-05-01,Hombre,ND,BOYACA,PUERTO BOYACA,Colombia,ND,TRANSICIÓNNUTRICIÓN MENOR,RC,DESPLAZADOS,0 - 1.500.000,0 - 1.300.000,1900-01-01,06-17,NO,1
SI,15,15572,NO,ACTIVO,ND,2013-10-01,Mujer,ND,BOYACA,PUERTO BOYACA,ND,MONETARIO,ND,CC,DESPLAZADOS,> 6.000.001,0 - 1.300.000,2018-01-01,30-49,SI,1
SI,15,15572,NO,ACTIVO,ND,2015-11-01,Mujer,ND,BOYACA,PUERTO BOYACA,ND,MONETARIO,ND,CC,DESPLAZADOS,0 - 1.500.000,0 - 1.300.000,2018-01-01,50-65,SI,1
SI,15,15572,NO,NO ACTIVO,ND,2012-12-01,Mujer,ND,BOYACA,PUERTO BOYACA,Colombia,MONETARIO,NUTRICIÓN,CC,UNIDOS,0 - 1.500.000,0 - 1.300.000,2015-01-01,30-49,SI,1
ND,15,15572,ND,NO ACTIVO,ND,2012-12-01,Hombre,ND,BOYACA,PUERTO BOYACA,Colombia,ND,EDUCACIÓN PRIMARIA,TI,ND,0 - 1.500.000,0 - 1.300.000,1900-01-01,18-29,NO,1
ND,15,15572,ND,ACTIVO,ND,2016-11-01,Hombre,ND,BOYACA,PUERTO BOYACA,Colombia,ND,ND,No Definido,DESPLAZADOS,0 - 1.500.000,0 - 1.300.000,1900-01-01,06-17,NO,1
SI,15,15572,NO,ACTIVO,ND,2012-12-01,Mujer,ND,BOYACA,PUERTO BOYACA,ND,MONETARIO,ND,CC,UNIDOS,0 - 1.500.000,0 - 1.300.000,2018-01-01,50-65,SI,2
SI,15,15572,NO,ACTIVO,AFROCOLOMBIANO – NEGRO,2012-12-01,Mujer,ND,BOYACA,PUERTO BOYACA,ND,MONETARIO,ND,CC,UNIDOS,> 6.000.001,0 - 1.300.000,2018-01-01,30-49,SI,1
NO,15,15572,NO,ACTIVO,ND,2013-08-01,Hombre,SECUNDARIA,BOYACA,PUERTO BOYACA,ND,ND,EDUCACIÓN SECUNDARIA,TI,DESPLAZADOS,0 - 1.500.000,0 - 1.300.000,1900-01-01,18-29,NO,2
NO,15,15572,NO,NO ACTIVO,ND,2013-01-01,Hombre,ND,BOYACA,PUERTO BOYACA,ND,ND,ND,TI,DESPLAZADOS,0 - 1.500.000,0 - 1.300.000,1900-01-01,18-29,NO,1
NO,15,15572,NO,ACTIVO,ND,2017-07-01,Mujer,ND,BOYACA,PUERTO BOYACA,ND,ND,NUTRICIÓN MENOR,RC,SISBEN,0 - 1.500.000,0 - 1.300.000,1900-01-01,06-17,NO,12
NO,15,15572,NO,ACTIVO,ND,2014-11-01,Mujer,ND,BOYACA,PUERTO BOYACA,ND,ND,ND,TI,DESPLAZADOS,0 - 1.500.000,0 - 1.300.000,1900-01-01,18-29,NO,2
ND,15,15572,ND,NO ACTIVO,AFROCOLOMBIANO – NEGRO,2012-10-01,Mujer,ND,BOYACA,PUERTO BOYACA,Colombia,MONETARIO,ND,CC,UNIDOS,0 - 1.500.000,0 - 1.300.000,2015-01-01,18-29,SI,1
NO,15,15572,NO,ACTIVO,ND,2013-06-01,Mujer,ND,BOYACA,PUERTO BOYACA,ND,ND,ND,TI,DESPLAZADOS,0 - 1.500.000,0 - 1.300.000,1900-01-01,18-29,NO,2
ND,15,15572,NO,ACTIVO,ND,2012-12-01,Mujer,ND,BOYACA,PUERTO BOYACA,ND,ND,EDUCACIÓN PRIMARIA,TI,SISBEN,0 - 1.500.000,0 - 1.300.000,1900-01-01,06-17,NO,1
NO,15,15572,NO,NO ACTIVO,ND,2012-12-01,Mujer,ND,BOYACA,PUERTO BOYACA,Colombia,ND,EDUCACIÓN SECUNDARIA,TI,ND,0 - 1.500.000,0 - 1.300.000,1900-01-01,18-29,NO,157
NO,15,15572,NO,ACTIVO,ND,2012-12-01,Mujer,ND,BOYACA,PUERTO BOYACA,ND,MONETARIO,ND,CC,SISBEN,0 - 1.500.000,0 - 1.300.000,2015-01-01,30-49,NO,1
SI,15,15572,NO,ACTIVO,ND,2012-12-01,Mujer,ND,BOYACA,PUERTO BOYACA,ND,MONETARIO,ND,CC,SISBEN,3.000.001 - 4.500.000,0 - 1.300.000,2018-01-01,50-65,SI,1
NO,15,15572,NO,ACTIVO,ND,2015-10-01,Hombre,ND,BOYACA,PUERTO BOYACA,ND,ND,ND,RC,SISBEN,0 - 1.500.000,0 - 1.300.000,1900-01-01,06-17,NO,1
NO,15,15572,NO,NO ACTIVO,ND,2012-12-01,Mujer,ND,BOYACA,PUERTO BOYACA,ND,ND,ND,TI,UNIDOS,0 - 1.500.000,0 - 1.300.000,1900-01-01,18-29,NO,109
ND,15,15572,NO,ACTIVO,ND,2012-12-01,Mujer,ND,BOYACA,PUERTO BOYACA,Colombia,ND,EDUCACIÓN PRIMARIA,RC,SISBEN,0 - 1.500.000,0 - 1.300.000,1900-01-01,06-17,NO,1
ND,15,15572,ND,ACTIVO,ND,2012-12-01,Hombre,ND,BOYACA,PUERTO BOYACA,Colombia,ND,ND,CC,UNIDOS,0 - 1.500.000,0 - 1.300.000,1900-01-01,18-29,NO,2
ND,15,15572,ND,ACTIVO,ND,2012-12-01,Mujer,ND,BOYACA,PUERTO BOYACA,Colombia,MONETARIO,ND,CC,UNIDOS,0 - 1.500.000,0 - 1.300.000,2018-01-01,50-65,SI,1
SI,15,15572,NO,NO ACTIVO,ND,2012-12-01,Mujer,ND,BOYACA,PUERTO BOYACA,ND,MONETARIO,ND,TI,SISBEN,1.500.001 - 3.000.000,0 - 1.300.000,2015-01-01,18-29,NO,1
NO,15,15572,ND,ACTIVO,ND,2017-03-01,Mujer,ND,BOYACA,PUERTO BOYACA,Colombia,MONETARIO,ND,CC,DESPLAZADOS,0 - 1.500.000,0 - 1.300.000,2018-01-01,30-49,SI,1
NO,15,15572,NO,ACTIVO,ND,2012-12-01,Mujer,ND,BOYACA,PUERTO BOYACA,ND,MONETARIO,ND,CC,UNIDOS,4.500.001 - 6.000.000,0 - 1.300.000,2018-01-01,30-49,SI,1
ND,15,15572,ND,ACTIVO,AFROCOLOMBIANO – NEGRO,2012-12-01,Mujer,ND,BOYACA,PUERTO BOYACA,Colombia,MONETARIO,ND,CC,UNIDOS,3.000.001 - 4.500.000,0 - 1.300.000,2018-01-01,30-49,SI,1
ND,15,15572,ND,ACTIVO,ND,2014-07-01,Mujer,ND,BOYACA,PUERTO BOYACA,Colombia,MONETARIO,NUTRICIÓN,CC,DESPLAZADOS,3.000.001 - 4.500.000,0 - 1.300.000,2018-01-01,30-49,SI,1
ND,15,15572,ND,ACTIVO,ND,2017-07-01,Mujer,ND,BOYACA,PUERTO BOYACA,Colombia,ND,NUTRICIÓN MENOR,No Definido,SISBEN,0 - 1.500.000,0 - 1.300.000,1900-01-01,06-17,NO,1
SI,15,15572,NO,ACTIVO,ND,2012-12-01,Mujer,ND,BOYACA,PUERTO BOYACA,ND,MONETARIO,NUTRICIÓN,CC,SISBEN,4.500.001 - 6.000.000,0 - 1.300.000,2018-01-01,30-49,SI,1
ND,15,15572,ND,ACTIVO,AFROCOLOMBIANO – NEGRO,2012-12-01,Mujer,ND,BOYACA,PUERTO BOYACA,Colombia,MONETARIO,ND,CC,UNIDOS,0 - 1.500.000,0 - 1.300.000,2018-01-01,50-65,SI,1
NO,15,15572,NO,ACTIVO,ND,2013-01-01,Mujer,PRIMARIA,BOYACA,PUERTO BOYACA,ND,ND,EDUCACIÓN PRIMARIA,RC,DESPLAZADOS,0 - 1.500.000,0 - 1.300.000,1900-01-01,06-17,NO,1
NO,15,15572,NO,ACTIVO,ND,2012-12-01,Mujer,ND,BOYACA,PUERTO BOYACA,ND,ND,EDUCACIÓN PRIMARIA,RC,SISBEN,0 - 1.500.000,0 - 1.300.000,1900-01-01,06-17,NO,2
NO,15,15572,NO,ACTIVO,AFROCOLOMBIANO – NEGRO,2012-12-01,Mujer,ND,BOYACA,PUERTO BOYACA,ND,ND,ND,RC,UNIDOS,0 - 1.500.000,0 - 1.300.000,1900-01-01,06-17,NO,1
SI,15,15572,NO,ACTIVO,ND,2016-02-01,Hombre,ND,BOYACA,PUERTO BOYACA,ND,MONETARIO,ND,CC,SISBEN,0 - 1.500.000,0 - 1.300.000,2018-01-01,30-49,SI,1
NO,15,15572,NO,NO ACTIVO,AFROCOLOMBIANO – NEGRO,2012-12-01,Hombre,ND,BOYACA,PUERTO BOYACA,ND,MONETARIO,ND,CC,UNIDOS,4.500.001 - 6.000.000,0 - 1.300.000,2018-01-01,30-49,SI,1
NO,15,15572,SI,ACTIVO,ND,2012-12-01,Hombre,ND,BOYACA,PUERTO BOYACA,ND,ND,ND,TI,UNIDOS,0 - 1.500.000,0 - 1.300.000,1900-01-01,06-17,NO,1
ND,15,15572,ND,NO ACTIVO,AFROCOLOMBIANO – NEGRO,2012-12-01,Hombre,ND,BOYACA,PUERTO BOYACA,Colombia,ND,ND,TI,DESPLAZADOS,0 - 1.500.000,0 - 1.300.000,1900-01-01,18-29,NO,1
NO,15,15572,NO,ACTIVO,ND,2015-02-01,Hombre,TRANSICION,BOYACA,PUERTO BOYACA,ND,ND,TRANSICIÓNNUTRICIÓN MENOR,RC,SISBEN,0 - 1.500.000,0 - 1.300.000,1900-01-01,06-17,NO,1
NO,15,15572,NO,ACTIVO,ND,2015-03-01,Hombre,ND,BOYACA,PUERTO BOYACA,ND,ND,NUTRICIÓN MENOR,RC,DESPLAZADOS,0 - 1.500.000,0 - 1.300.000,1900-01-01,06-17,NO,6
NO,15,15572,SI,NO ACTIVO,ND,2012-12-01,Hombre,ND,BOYACA,PUERTO BOYACA,ND,ND,ND,TI,SISBEN,0 - 1.500.000,0 - 1.300.000,1900-01-01,18-29,NO,2
NO,15,15572,NO,ACTIVO,ND,2017-09-01,Mujer,TRANSICION,BOYACA,PUERTO BOYACA,ND,ND,TRANSICIÓNNUTRICIÓN MENOR,RC,SISBEN,0 - 1.500.000,0 - 1.300.000,1900-01-01,06-17,NO,1
NO,15,15572,NO,ACTIVO,ND,2016-10-01,Mujer,PRIMARIA,BOYACA,PUERTO BOYACA,ND,ND,EDUCACIÓN PRIMARIA,TI,DESPLAZADOS,0 - 1.500.000,0 - 1.300.000,1900-01-01,18-29,NO,1
NO,15,15572,NO,ACTIVO,ND,2015-03-01,Hombre,TRANSICION,BOYACA,PUERTO BOYACA,ND,ND,TRANSICIÓNNUTRICIÓN MENOR,RC,UNIDOS,0 - 1.500.000,0 - 1.300.000,1900-01-01,06-17,NO,3
ND,15,15572,NO,NO ACTIVO,ND,2012-12-01,Mujer,ND,BOYACA,PUERTO BOYACA,Colombia,ND,ND,CC,SISBEN,0 - 1.500.000,0 - 1.300.000,1900-01-01,18-29,NO,1
,15,15572,NO,ACTIVO,ND,2012-12-01,Hombre,ND,BOYACA,PUERTO BOYACA,Colombia,ND,NUTRICIÓN MENOR,RC,UNIDOS,0 - 1.500.000,0 - 1.300.000,1900-01-01,06-17,NO,1
NO,15,15572,SI,ACTIVO,ND,2012-12-01,Hombre,ND,BOYACA,PUERTO BOYACA,ND,ND,ND,RC,DESPLAZADOS,0 - 1.500.000,0 - 1.300.000,1900-01-01,06-17,NO,1
NO,15,15572,NO,ACTIVO,ND,2012-12-01,Mujer,PRIMARIA,BOYACA,PUERTO BOYACA,ND,ND,ND,TI,DESPLAZADOS,0 - 1.500.000,0 - 1.300.000,1900-01-01,06-17,NO,1
SI,15,15572,NO,ACTIVO,ND,2012-12-01,Hombre,ND,BOYACA,PUERTO BOYACA,ND,MONETARIO,ND,CC,SISBEN,3.000.001 - 4.500.000,0 - 1.300.000,2018-01-01,30-49,SI,2
NO,15,15572,NO,ACTIVO,ND,2016-11-01,Mujer,TRANSICION,BOYACA,PUERTO BOYACA,ND,ND,TRANSICIÓNNUTRICIÓN MENOR,RC,DESPLAZADOS,0 - 1.500.000,0 - 1.300.000,1900-01-01,06-17,NO,2
SI,15,15572,NO,NO ACTIVO,ND,2012-12-01,Mujer,ND,BOYACA,PUERTO BOYACA,Colombia,MONETARIO,ND,CC,UNIDOS,1.500.001 - 3.000.000,0 - 1.300.000,2015-01-01,30-49,SI,1
NO,15,15572,NO,ACTIVO,AFROCOLOMBIANO – NEGRO,2012-12-01,Mujer,SECUNDARIA,BOYACA,PUERTO BOYACA,ND,ND,ND,TI,UNIDOS,0 - 1.500.000,0 - 1.300.000,1900-01-01,18-29,NO,3
ND,15,15572,ND,ACTIVO,ND,2012-12-01,Mujer,ND,BOYACA,PUERTO BOYACA,Colombia,ND,ND,TI,UNIDOS,0 - 1.500.000,0 - 1.300.000,1900-01-01,18-29,NO,1
NO,15,15572,NO,ACTIVO,ND,2015-10-01,Hombre,ND,BOYACA,PUERTO BOYACA,ND,ND,NUTRICIÓN MENOR,RC,SISBEN,0 - 1.500.000,0 - 1.300.000,1900-01-01,06-17,NO,3
ND,15,15572,ND,ACTIVO,ND,2012-12-01,Mujer,ND,BOYACA,PUERTO BOYACA,Colombia,ND,ND,TI,DESPLAZADOS,0 - 1.500.000,0 - 1.300.000,1900-01-01,18-29,NO,1
NO,15,15572,NO,ACTIVO,ND,2012-11-01,Hombre,PRIMARIA,BOYACA,PUERTO BOYACA,ND,ND,EDUCACIÓN PRIMARIA,TI,DESPLAZADOS,0 - 1.500.000,0 - 1.300.000,1900-01-01,18-29,NO,1
NO,15,15572,NO,NO ACTIVO,ND,2012-12-01,Mujer,ND,BOYACA,PUERTO BOYACA,Colombia,ND,EDUCACIÓN SECUNDARIA,RC,ND,0 - 1.500.000,0 - 1.300.000,1900-01-01,18-29,NO,1
SI,15,15572,NO,NO ACTIVO,ND,2012-12-01,Mujer,ND,BOYACA,PUERTO BOYACA,ND,MONETARIO,ND,CC,SISBEN,4.500.001 - 6.000.000,0 - 1.300.000,2017-01-01,50-65,NO,1
NO,15,15572,NO,NO ACTIVO,ND,2012-12-01,Hombre,ND,BOYACA,PUERTO BOYACA,ND,ND,ND,TI,DESPLAZADOS,0 - 1.500.000,0 - 1.300.000,1900-01-01,18-29,NO,28
ND,15,15572,ND,ACTIVO,ND,2015-03-01,Hombre,ND,BOYACA,PUERTO BOYACA,Colombia,ND,NUTRICIÓN MENOR,No Definido,DESPLAZADOS,0 - 1.500.000,0 - 1.300.000,1900-01-01,06-17,NO,1
SI,15,15572,NO,ACTIVO,ND,2014-11-01,Mujer,ND,BOYACA,PUERTO BOYACA,ND,MONETARIO,ND,CC,DESPLAZADOS,1.500.001 - 3.000.000,0 - 1.300.000,2018-01-01,30-49,SI,1
NO,15,15572,NO,ACTIVO,ND,2018-09-01,Mujer,SECUNDARIA,BOYACA,PUERTO BOYACA,Colombia,ND,ND,TI,DESPLAZADOS,0 - 1.500.000,0 - 1.300.000,1900-01-01,18-29,NO,1
ND,15,15572,ND,NO ACTIVO,ND,2012-12-01,Mujer,ND,BOYACA,PUERTO BOYACA,Colombia,ND,EDUCACIÓN SECUNDARIA,TI,ND,0 - 1.500.000,0 - 1.300.000,1900-01-01,18-29,NO,1
NO,15,15572,NO,ACTIVO,ND,2015-04-01,Mujer,ND,BOYACA,PUERTO BOYACA,ND,ND,NUTRICIÓN MENOR,RC,DESPLAZADOS,0 - 1.500.000,0 - 1.300.000,1900-01-01,06-17,NO,2
NO,15,15572,NO,ACTIVO,ND,2012-12-01,Mujer,ND,BOYACA,PUERTO BOYACA,ND,MONETARIO,ND,CC,UNIDOS,> 6.000.001,0 - 1.300.000,2018-01-01,30-49,SI,1
NO,15,15572,NO,ACTIVO,ND,2012-12-01,Mujer,ND,BOYACA,PUERTO BOYACA,Colombia,ND,EDUCACIÓN PRIMARIANUTRICIÓN MENOR,TI,DESPLAZADOS,0 - 1.500.000,0 - 1.300.000,1900-01-01,06-17,NO,1
NO,15,15572,NO,NO ACTIVO,ND,2012-12-01,Mujer,ND,BOYACA,PUERTO BOYACA,Colombia,MONETARIO,NUTRICIÓN,CC,ND,0 - 1.500.000,0 - 1.300.000,2014-01-01,30-49,SI,1
ND,15,15572,ND,NO ACTIVO,ND,2012-12-01,Mujer,ND,BOYACA,PUERTO BOYACA,Colombia,ND,ND,TI,UNIDOS,0 - 1.500.000,0 - 1.300.000,1900-01-01,18-29,NO,1
SI,15,15572,NO,ACTIVO,ND,2012-12-01,Mujer,ND,BOYACA,PUERTO BOYACA,ND,MONETARIO,ND,CC,UNIDOS,3.000.001 - 4.500.000,0 - 1.300.000,2018-01-01,18-29,SI,1
NO,15,15572,NO,ACTIVO,ND,2015-09-01,Hombre,ND,BOYACA,PUERTO BOYACA,ND,ND,NUTRICIÓN MENOR,RC,SISBEN,0 - 1.500.000,0 - 1.300.000,1900-01-01,06-17,NO,2
ND,15,15572,ND,NO ACTIVO,AFROCOLOMBIANO – NEGRO,2013-01-01,Mujer,ND,BOYACA,PUERTO BOYACA,Colombia,ND,ND,CC,SISBEN,0 - 1.500.000,0 - 1.300.000,1900-01-01,18-29,NO,1
SI,15,15572,NO,ACTIVO,ND,2012-11-01,Mujer,ND,BOYACA,PUERTO BOYACA,ND,MONETARIO,ND,CC,DESPLAZADOS,3.000.001 - 4.500.000,0 - 1.300.000,2018-01-01,30-49,SI,1
NO,15,15572,NO,ACTIVO,ND,2014-07-01,Mujer,PRIMARIA,BOYACA,PUERTO BOYACA,ND,ND,EDUCACIÓN PRIMARIA,RC,DESPLAZADOS,0 - 1.500.000,0 - 1.300.000,1900-01-01,06-17,NO,1
NO,15,15572,NO,ACTIVO,ROM O GITANO,2012-12-01,Mujer,ND,BOYACA,PUERTO BOYACA,ND,MONETARIO,ND,CC,UNIDOS,> 6.000.001,0 - 1.300.000,2018-01-01,30-49,SI,1
ND,15,15572,ND,ACTIVO,ND,2016-09-01,Mujer,ND,BOYACA,PUERTO BOYACA,Colombia,ND,EDUCACIÓN PRIMARIANUTRICIÓN MENOR,No Definido,DESPLAZADOS,0 - 1.500.000,0 - 1.300.000,1900-01-01,06-17,NO,1
SI,15,15572,NO,ACTIVO,ND,2012-12-01,Mujer,ND,BOYACA,PUERTO BOYACA,ND,MONETARIO,ND,CC,UNIDOS,1.500.001 - 3.000.000,0 - 1.300.000,2018-01-01,30-49,SI,3
NO,15,15572,NO,ACTIVO,ND,2015-06-01,Hombre,TRANSICION,BOYACA,PUERTO BOYACA,ND,ND,TRANSICIÓNNUTRICIÓN MENOR,RC,DESPLAZADOS,0 - 1.500.000,0 - 1.300.000,1900-01-01,06-17,NO,2
NO,15,15572,SI,ACTIVO,ND,2013-10-01,Mujer,SECUNDARIA,BOYACA,PUERTO BOYACA,ND,ND,EDUCACIÓN SECUNDARIA,TI,DESPLAZADOS,0 - 1.500.000,0 - 1.300.000,1900-01-01,18-29,NO,1
NO,15,15572,NO,ACTIVO,ND,2016-04-01,Mujer,ND,BOYACA,PUERTO BOYACA,ND,ND,NUTRICIÓN MENOR,RC,DESPLAZADOS,0 - 1.500.000,0 - 1.300.000,1900-01-01,06-17,NO,4
NO,15,15572,NO,ACTIVO,ND,2015-07-01,Mujer,TRANSICION,BOYACA,PUERTO BOYACA,ND,ND,TRANSICIÓNNUTRICIÓN MENOR,RC,UNIDOS,0 - 1.500.000,0 - 1.300.000,1900-01-01,06-17,NO,1
NO,15,15572,NO,NO ACTIVO,AFROCOLOMBIANO – NEGRO,2012-12-01,Mujer,ND,BOYACA,PUERTO BOYACA,ND,ND,ND,CC,SISBEN,0 - 1.500.000,0 - 1.300.000,1900-01-01,18-29,NO,1
NO,15,15572,NO,ACTIVO,ND,2013-10-01,Mujer,TRANSICION,BOYACA,PUERTO BOYACA,ND,ND,TRANSICIÓNNUTRICIÓN MENOR,RC,DESPLAZADOS,0 - 1.500.000,0 - 1.300.000,1900-01-01,06-17,NO,1
NO,15,15572,NO,ACTIVO,ND,2012-12-01,Hombre,PRIMARIA,BOYACA,PUERTO BOYACA,ND,ND,EDUCACIÓN PRIMARIANUTRICIÓN MENOR,RC,UNIDOS,0 - 1.500.000,0 - 1.300.000,1900-01-01,06-17,NO,1
NO,15,15572,NO,ACTIVO,ND,2017-04-01,Mujer,ND,BOYACA,PUERTO BOYACA,ND,MONETARIO,ND,CC,DESPLAZADOS,0 - 1.500.000,0 - 1.300.000,2018-01-01,50-65,SI,1
ND,15,15572,ND,ACTIVO,ND,2012-12-01,Hombre,ND,BOYACA,PUERTO BOYACA,Colombia,ND,EDUCACIÓN SECUNDARIA,TI,UNIDOS,0 - 1.500.000,0 - 1.300.000,1900-01-01,18-29,NO,1
,15,15572,NO,ACTIVO,ND,2018-10-01,Hombre,ND,BOYACA,PUERTO BOYACA,Colombia,ND,NUTRICIÓN MENOR,RC,SISBEN,0 - 1.500.000,0 - 1.300.000,1900-01-01,06-17,NO,1
NO,15,15572,NO,NO ACTIVO,ROM O GITANO,2012-12-01,Mujer,ND,BOYACA,PUERTO BOYACA,ND,ND,ND,CC,UNIDOS,0 - 1.500.000,0 - 1.300.000,1900-01-01,18-29,NO,1
NO,15,15572,NO,NO ACTIVO,ROM O GITANO,2012-12-01,Mujer,ND,BOYACA,PUERTO BOYACA,ND,ND,ND,TI,UNIDOS,0 - 1.500.000,0 - 1.300.000,1900-01-01,18-29,NO,3
NO,15,15572,NO,ACTIVO,ND,2012-11-01,Mujer,PRIMARIA,BOYACA,PUERTO BOYACA,ND,ND,EDUCACIÓN PRIMARIA,TI,DESPLAZADOS,0 - 1.500.000,0 - 1.300.000,1900-01-01,06-17,NO,3
NO,15,15572,NO,NO ACTIVO,ND,2012-12-01,Mujer,SECUNDARIA,BOYACA,PUERTO BOYACA,ND,ND,ND,TI,DESPLAZADOS,0 - 1.500.000,0 - 1.300.000,1900-01-01,18-29,NO,1
NO,15,15572,NO,ACTIVO,ND,2016-08-01,Mujer,ND,BOYACA,PUERTO BOYACA,ND,ND,NUTRICIÓN MENOR,RC,UNIDOS,0 - 1.500.000,0 - 1.300.000,1900-01-01,06-17,NO,1
,15,15572,NO,ACTIVO,ND,2018-10-01,Hombre,ND,BOYACA,PUERTO BOYACA,Colombia,ND,ND,TI,SISBEN,0 - 1.500.000,0 - 1.300.000,1900-01-01,06-17,NO,1
SI,15,15572,NO,ACTIVO,ND,2012-12-01,Mujer,ND,BOYACA,PUERTO BOYACA,ND,MONETARIO,ND,CC,DESPLAZADOS,0 - 1.500.000,0 - 1.300.000,2018-01-01,30-49,SI,1
NO,15,15572,NO,ACTIVO,ND,2012-10-01,Mujer,PRIMARIA,BOYACA,PUERTO BOYACA,ND,ND,EDUCACIÓN PRIMARIA,TI,SISBEN,0 - 1.500.000,0 - 1.300.000,1900-01-01,06-17,NO,2
NO,15,15572,NO,ACTIVO,ND,2016-08-01,Hombre,SECUNDARIA,BOYACA,PUERTO BOYACA,ND,ND,EDUCACIÓN SECUNDARIA,CC,DESPLAZADOS,0 - 1.500.000,0 - 1.300.000,1900-01-01,18-29,NO,1
NO,15,15572,NO,ACTIVO,ND,2015-07-01,Hombre,PRIMARIA,BOYACA,PUERTO BOYACA,ND,ND,EDUCACIÓN PRIMARIA,RC,UNIDOS,0 - 1.500.000,0 - 1.300.000,1900-01-01,06-17,NO,1
NO,15,15572,NO,ACTIVO,ND,2012-11-01,Hombre,ND,BOYACA,PUERTO BOYACA,ND,ND,ND,RC,DESPLAZADOS,0 - 1.500.000,0 - 1.300.000,1900-01-01,06-17,NO,1
SI,15,15572,NO,ACTIVO,ND,2012-11-01,Mujer,ND,BOYACA,PUERTO BOYACA,ND,MONETARIO,ND,CC,SISBEN,1.500.001 - 3.000.000,0 - 1.300.000,2018-01-01,30-49,SI,1
NO,15,15572,NO,ACTIVO,ND,2012-12-01,Hombre,SECUNDARIA,BOYACA,PUERTO BOYACA,ND,ND,ND,CC,DESPLAZADOS,0 - 1.500.000,0 - 1.300.000,1900-01-01,18-29,NO,3
ND,15,15572,ND,ACTIVO,ND,2014-06-01,Hombre,ND,BOYACA,PUERTO BOYACA,Colombia,ND,NUTRICIÓN MENOR,RC,DESPLAZADOS,0 - 1.500.000,0 - 1.300.000,1900-01-01,06-17,NO,1
NO,15,15572,NO,ACTIVO,AFROCOLOMBIANO – NEGRO,2012-12-01,Hombre,SECUNDARIA,BOYACA,PUERTO BOYACA,ND,ND,EDUCACIÓN SECUNDARIA,CC,SISBEN,0 - 1.500.000,0 - 1.300.000,1900-01-01,18-29,NO,2
ND,15,15572,ND,ACTIVO,ND,2012-12-01,Mujer,ND,BOYACA,PUERTO BOYACA,Colombia,MONETARIO,ND,CC,UNIDOS,1.500.001 - 3.000.000,0 - 1.300.000,2018-01-01,50-65,SI,1
NO,15,15572,NO,ACTIVO,ND,2012-10-01,Hombre,ND,BOYACA,PUERTO BOYACA,ND,ND,ND,RC,SISBEN,0 - 1.500.000,0 - 1.300.000,1900-01-01,06-17,NO,1
NO,15,15572,NO,ACTIVO,ND,2017-05-01,Mujer,TRANSICION,BOYACA,PUERTO BOYACA,ND,ND,TRANSICIÓNNUTRICIÓN MENOR,RC,SISBEN,0 - 1.500.000,0 - 1.300.000,1900-01-01,06-17,NO,1
NO,15,15572,NO,ACTIVO,ND,2016-05-01,Mujer,ND,BOYACA,PUERTO BOYACA,ND,ND,NUTRICIÓN MENOR,RC,DESPLAZADOS,0 - 1.500.000,0 - 1.300.000,1900-01-01,06-17,NO,2
NO,15,15572,NO,ACTIVO,ND,2016-07-01,Mujer,TRANSICION,BOYACA,PUERTO BOYACA,ND,ND,TRANSICIÓNNUTRICIÓN MENOR,RC,UNIDOS,0 - 1.500.000,0 - 1.300.000,1900-01-01,06-17,NO,1
NO,15,15572,NO,ACTIVO,ND,2012-12-01,Mujer,SECUNDARIA,BOYACA,PUERTO BOYACA,ND,ND,EDUCACIÓN SECUNDARIA,CC,SISBEN,0 - 1.500.000,0 - 1.300.000,1900-01-01,18-29,NO,16
NO,15,15572,NO,ACTIVO,AFROCOLOMBIANO – NEGRO,2012-12-01,Hombre,PRIMARIA,BOYACA,PUERTO BOYACA,ND,ND,ND,TI,UNIDOS,0 - 1.500.000,0 - 1.300.000,1900-01-01,18-29,NO,1
NO,15,15572,NO,ACTIVO,ROM O GITANO,2012-12-01,Hombre,ND,BOYACA,PUERTO BOYACA,ND,ND,ND,RC,UNIDOS,0 - 1.500.000,0 - 1.300.000,1900-01-01,06-17,NO,1
NO,15,15572,NO,ACTIVO,ND,2012-12-01,Mujer,ND,BOYACA,PUERTO BOYACA,ND,ND,TRANSICIÓNNUTRICIÓN MENOR,RC,SISBEN,0 - 1.500.000,0 - 1.300.000,1900-01-01,06-17,NO,1
NO,15,15572,NO,ACTIVO,ND,2015-03-01,Mujer,SECUNDARIA,BOYACA,PUERTO BOYACA,ND,ND,EDUCACIÓN SECUNDARIA,TI,DESPLAZADOS,0 - 1.500.000,0 - 1.300.000,1900-01-01,18-29,NO,1
NO,15,15572,NO,ACTIVO,ND,2012-12-01,Mujer,ND,BOYACA,PUERTO BOYACA,ND,ND,ND,CC,DESPLAZADOS,0 - 1.500.000,0 - 1.300.000,1900-01-01,18-29,NO,5
SI,15,15572,NO,NO ACTIVO,ND,2012-12-01,Mujer,ND,BOYACA,PUERTO BOYACA,Colombia,MONETARIO,ND,CC,ND,0 - 1.500.000,0 - 1.300.000,2014-01-01,50-65,SI,3
NO,15,15572,NO,NO ACTIVO,ND,2013-10-01,Hombre,ND,BOYACA,PUERTO BOYACA,ND,ND,ND,TI,DESPLAZADOS,0 - 1.500.000,0 - 1.300.000,1900-01-01,18-29,NO,2
ND,15,15572,ND,ACTIVO,ND,2013-06-01,Mujer,ND,BOYACA,PUERTO BOYACA,Colombia,MONETARIO,ND,CC,DESPLAZADOS,4.500.001 - 6.000.000,0 - 1.300.000,2018-01-01,30-49,SI,1
NO,15,15572,NO,ACTIVO,ND,2016-05-01,Hombre,PRIMARIA,BOYACA,PUERTO BOYACA,ND,ND,EDUCACIÓN PRIMARIA,TI,UNIDOS,0 - 1.500.000,0 - 1.300.000,1900-01-01,06-17,NO,1
SI,15,15572,NO,ACTIVO,ND,2012-12-01,Hombre,ND,BOYACA,PUERTO BOYACA,ND,MONETARIO,ND,CC,UNIDOS,0 - 1.500.000,0 - 1.300.000,2018-01-01,18-29,SI,1
ND,15,15572,ND,NO ACTIVO,ND,2012-12-01,Mujer,ND,BOYACA,PUERTO BOYACA,Colombia,ND,ND,CC,SISBEN,0 - 1.500.000,0 - 1.300.000,1900-01-01,18-29,NO,4
NO,15,15572,SI,ACTIVO,ND,2012-12-01,Hombre,PRIMARIA,BOYACA,PUERTO BOYACA,ND,ND,EDUCACIÓN PRIMARIA,RC,UNIDOS,0 - 1.500.000,0 - 1.300.000,1900-01-01,06-17,NO,1
SI,15,15572,NO,ACTIVO,ND,2013-10-01,Mujer,ND,BOYACA,PUERTO BOYACA,ND,MONETARIO,ND,CC,DESPLAZADOS,4.500.001 - 6.000.000,0 - 1.300.000,2018-01-01,30-49,SI,1
SI,15,15572,NO,ACTIVO,ND,2017-10-01,Hombre,ND,BOYACA,PUERTO BOYACA,ND,MONETARIO,ND,CC,SISBEN,0 - 1.500.000,0 - 1.300.000,2018-01-01,50-65,SI,1
NO,15,15572,SI,ACTIVO,ND,2012-12-01,Hombre,SECUNDARIA,BOYACA,PUERTO BOYACA,ND,ND,EDUCACIÓN SECUNDARIA,CC,SISBEN,0 - 1.500.000,0 - 1.300.000,1900-01-01,18-29,NO,1
NO,15,15572,NO,ACTIVO,ND,2016-02-01,Mujer,ND,BOYACA,PUERTO BOYACA,ND,ND,NUTRICIÓN MENOR,RC,DESPLAZADOS,0 - 1.500.000,0 - 1.300.000,1900-01-01,06-17,NO,1
SI,15,15572,NO,ACTIVO,AFROCOLOMBIANO – NEGRO,2012-12-01,Mujer,ND,BOYACA,PUERTO BOYACA,ND,MONETARIO,ND,CC,DESPLAZADOS,0 - 1.500.000,0 - 1.300.000,2018-01-01,>65,SI,1
NO,15,15572,NO,NO ACTIVO,ND,2012-12-01,Mujer,ND,BOYACA,PUERTO BOYACA,ND,ND,ND,RC,ND,0 - 1.500.000,0 - 1.300.000,1900-01-01,06-17,NO,5
NO,15,15572,NO,NO ACTIVO,ND,2013-06-01,Hombre,ND,BOYACA,PUERTO BOYACA,ND,ND,ND,TI,DESPLAZADOS,0 - 1.500.000,0 - 1.300.000,1900-01-01,18-29,NO,1
SI,15,15572,NO,ACTIVO,AFROCOLOMBIANO – NEGRO,2012-12-01,Mujer,ND,BOYACA,PUERTO BOYACA,ND,MONETARIO,ND,CC,UNIDOS,0 - 1.500.000,0 - 1.300.000,2018-01-01,30-49,SI,2
SI,15,15572,NO,ACTIVO,ND,2012-12-01,Mujer,ND,BOYACA,PUERTO BOYACA,ND,MONETARIO,ND,CC,DESPLAZADOS,> 6.000.001,0 - 1.300.000,2018-01-01,30-49,SI,1
NO,15,15572,NO,ACTIVO,ND,2016-12-01,Mujer,TRANSICION,BOYACA,PUERTO BOYACA,ND,ND,TRANSICIÓN,RC,DESPLAZADOS,0 - 1.500.000,0 - 1.300.000,1900-01-01,06-17,NO,1
NO,15,15572,NO,ACTIVO,ND,2015-12-01,Hombre,ND,BOYACA,PUERTO BOYACA,ND,MONETARIO,ND,CC,DESPLAZADOS,1.500.001 - 3.000.000,0 - 1.300.000,2018-01-01,50-65,SI,1
NO,15,15572,NO,ACTIVO,ND,2013-01-01,Hombre,ND,BOYACA,PUERTO BOYACA,ND,ND,ND,TI,DESPLAZADOS,0 - 1.500.000,0 - 1.300.000,1900-01-01,18-29,NO,1
NO,15,15572,NO,ACTIVO,ND,2012-12-01,Mujer,ND,BOYACA,PUERTO BOYACA,ND,MONETARIO,ND,CC,SISBEN,0 - 1.500.000,0 - 1.300.000,2015-01-01,>65,NO,1
ND,15,15572,NO,ACTIVO,AFROCOLOMBIANO – NEGRO,2012-12-01,Mujer,ND,BOYACA,PUERTO BOYACA,ND,ND,EDUCACIÓN SECUNDARIA,RC,UNIDOS,0 - 1.500.000,0 - 1.300.000,1900-01-01,18-29,NO,1
NO,15,15572,NO,ACTIVO,ND,2012-12-01,Mujer,ND,BOYACA,PUERTO BOYACA,ND,MONETARIO,ND,CC,UNIDOS,0 - 1.500.000,0 - 1.300.000,2018-01-01,50-65,SI,1
NO,15,15572,NO,ACTIVO,AFROCOLOMBIANO – NEGRO,2012-12-01,Hombre,ND,BOYACA,PUERTO BOYACA,ND,ND,ND,CC,DESPLAZADOS,0 - 1.500.000,0 - 1.300.000,1900-01-01,18-29,NO,3
ND,15,15572,ND,ACTIVO,ND,2012-12-01,Mujer,ND,BOYACA,PUERTO BOYACA,Colombia,MONETARIO,ND,CC,UNIDOS,0 - 1.500.000,0 - 1.300.000,2018-01-01,30-49,SI,1
SI,15,15572,NO,ACTIVO,ND,2012-12-01,Mujer,ND,BOYACA,PUERTO BOYACA,ND,MONETARIO,ND,CC,UNIDOS,> 6.000.001,0 - 1.300.000,2018-01-01,50-65,SI,1
SI,15,15572,NO,ACTIVO,ND,2014-04-01,Hombre,ND,BOYACA,PUERTO BOYACA,ND,MONETARIO,ND,CC,DESPLAZADOS,0 - 1.500.000,0 - 1.300.000,2018-01-01,30-49,SI,1
ND,15,15572,ND,ACTIVO,ND,2012-12-01,Hombre,ND,BOYACA,PUERTO BOYACA,Colombia,ND,EDUCACIÓN PRIMARIA,RC,SISBEN,0 - 1.500.000,0 - 1.300.000,1900-01-01,06-17,NO,2
,15,15572,NO,ACTIVO,ND,2012-12-01,Hombre,SIN ESPECIFICAR,BOYACA,PUERTO BOYACA,ND,ND,ND,TI,SISBEN,0 - 1.500.000,0 - 1.300.000,1900-01-01,18-29,NO,1
ND,15,15572,ND,ACTIVO,ND,2012-10-01,Mujer,ND,BOYACA,PUERTO BOYACA,Colombia,ND,ND,CC,SISBEN,0 - 1.500.000,0 - 1.300.000,1900-01-01,18-29,NO,1
NO,15,15572,NO,ACTIVO,ND,2015-12-01,Mujer,ND,BOYACA,PUERTO BOYACA,ND,MONETARIO,ND,CC,DESPLAZADOS,0 - 1.500.000,0 - 1.300.000,2018-01-01,30-49,SI,1
NO,15,15572,NO,NO ACTIVO,ND,2017-02-01,Mujer,ND,BOYACA,PUERTO BOYACA,Colombia,ND,ND,TI,DESPLAZADOS,0 - 1.500.000,0 - 1.300.000,1900-01-01,18-29,NO,1
NO,15,15572,NO,ACTIVO,ND,2012-12-01,Hombre,SECUNDARIA,BOYACA,PUERTO BOYACA,ND,ND,ND,CC,UNIDOS,0 - 1.500.000,0 - 1.300.000,1900-01-01,18-29,NO,2
ND,15,15572,ND,ACTIVO,ND,2013-01-01,Hombre,ND,BOYACA,PUERTO BOYACA,Colombia,ND,EDUCACIÓN PRIMARIA,RC,SISBEN,0 - 1.500.000,0 - 1.300.000,1900-01-01,06-17,NO,1
ND,15,15572,ND,NO ACTIVO,ND,2012-12-01,Mujer,ND,BOYACA,PUERTO BOYACA,Colombia,ND,ND,CC,UNIDOS,0 - 1.500.000,0 - 1.300.000,1900-01-01,18-29,NO,4
SI,15,15572,NO,ACTIVO,ND,2014-06-01,Hombre,ND,BOYACA,PUERTO BOYACA,ND,MONETARIO,ND,CC,SISBEN,1.500.001 - 3.000.000,0 - 1.300.000,2018-01-01,30-49,SI,1
NO,15,15572,NO,NO ACTIVO,AFROCOLOMBIANO – NEGRO,2012-12-01,Mujer,ND,BOYACA,PUERTO BOYACA,Colombia,MONETARIO,ND,CC,UNIDOS,0 - 1.500.000,0 - 1.300.000,2015-01-01,18-29,SI,1
NO,15,15572,NO,ACTIVO,RAIZAL,2013-06-01,Hombre,ND,BOYACA,PUERTO BOYACA,ND,ND,ND,TI,DESPLAZADOS,0 - 1.500.000,0 - 1.300.000,1900-01-01,18-29,NO,1
SI,15,15572,NO,ACTIVO,ND,2012-12-01,Hombre,ND,BOYACA,PUERTO BOYACA,ND,MONETARIO,ND,CC,DESPLAZADOS,4.500.001 - 6.000.000,0 - 1.300.000,2018-01-01,50-65,SI,1
ND,15,15572,ND,ACTIVO,INDIGENA,2012-12-01,Mujer,ND,BOYACA,PUERTO BOYACA,Colombia,ND,TRANSICIÓN,RC,SISBEN,0 - 1.500.000,0 - 1.300.000,1900-01-01,06-17,NO,1
NO,15,15572,NO,ACTIVO,ND,2012-12-01,Hombre,ND,BOYACA,PUERTO BOYACA,ND,MONETARIO,ND,CC,UNIDOS,0 - 1.500.000,0 - 1.300.000,2015-01-01,30-49,NO,1
ND,15,15572,ND,ACTIVO,ND,2012-12-01,Mujer,ND,BOYACA,PUERTO BOYACA,Colombia,MONETARIO,ND,CC,SISBEN,4.500.001 - 6.000.000,0 - 1.300.000,2018-01-01,30-49,SI,1
SI,15,15572,NO,NO ACTIVO,ND,2012-12-01,Mujer,ND,BOYACA,PUERTO BOYACA,Colombia,MONETARIO,ND,CC,UNIDOS,0 - 1.500.000,0 - 1.300.000,2016-01-01,>65,SI,1
SI,15,15572,NO,ACTIVO,ND,2012-11-01,Mujer,ND,BOYACA,PUERTO BOYACA,ND,MONETARIO,ND,CC,DESPLAZADOS,3.000.001 - 4.500.000,0 - 1.300.000,2018-01-01,50-65,SI,1
ND,15,15572,ND,ACTIVO,ND,2015-05-01,Mujer,ND,BOYACA,PUERTO BOYACA,Colombia,ND,NUTRICIÓN MENOR,RC,DESPLAZADOS,0 - 1.500.000,0 - 1.300.000,1900-01-01,06-17,NO,1
ND,15,15572,ND,NO ACTIVO,ND,2012-11-01,Mujer,ND,BOYACA,PUERTO BOYACA,Colombia,ND,ND,CC,SISBEN,0 - 1.500.000,0 - 1.300.000,1900-01-01,18-29,NO,1
NO,15,15572,NO,NO ACTIVO,AFROCOLOMBIANO – NEGRO,2012-12-01,Hombre,SECUNDARIA,BOYACA,PUERTO BOYACA,ND,ND,ND,TI,UNIDOS,0 - 1.500.000,0 - 1.300.000,1900-01-01,18-29,NO,3
NO,15,15572,NO,ACTIVO,ND,2015-02-01,Hombre,SECUNDARIA,BOYACA,PUERTO BOYACA,ND,ND,EDUCACIÓN SECUNDARIA,CC,DESPLAZADOS,0 - 1.500.000,0 - 1.300.000,1900-01-01,18-29,NO,1
NO,15,15572,NO,ACTIVO,ND,2014-11-01,Mujer,TRANSICION,BOYACA,PUERTO BOYACA,ND,ND,TRANSICIÓN,RC,DESPLAZADOS,0 - 1.500.000,0 - 1.300.000,1900-01-01,06-17,NO,1
ND,15,15572,ND,NO ACTIVO,ND,2012-12-01,Mujer,ND,BOYACA,PUERTO BOYACA,Colombia,ND,EDUCACIÓN SECUNDARIA,CC,ND,0 - 1.500.000,0 - 1.300.000,1900-01-01,18-29,NO,1
,15,15572,NO,NO ACTIVO,ND,2012-12-01,Hombre,SIN ESPECIFICAR,BOYACA,PUERTO BOYACA,ND,ND,EDUCACIÓN PRIMARIA,TI,ND,0 - 1.500.000,0 - 1.300.000,1900-01-01,06-17,NO,1
SI,15,15572,NO,NO ACTIVO,ND,2013-06-01,Mujer,ND,BOYACA,PUERTO BOYACA,ND,MONETARIO,ND,CC,DESPLAZADOS,0 - 1.500.000,0 - 1.300.000,2017-01-01,50-65,SI,1
SI,15,15572,NO,NO ACTIVO,ND,2012-12-01,Mujer,ND,BOYACA,PUERTO BOYACA,ND,MONETARIO,ND,CC,SISBEN,0 - 1.500.000,0 - 1.300.000,2017-01-01,50-65,SI,1
SI,15,15572,NO,ACTIVO,ND,2012-12-01,Hombre,ND,BOYACA,PUERTO BOYACA,ND,MONETARIO,ND,CC,UNIDOS,3.000.001 - 4.500.000,0 - 1.300.000,2018-01-01,>65,SI,1
SI,15,15572,NO,ACTIVO,ND,2012-11-01,Mujer,ND,BOYACA,PUERTO BOYACA,ND,MONETARIO,ND,CC,UNIDOS,> 6.000.001,0 - 1.300.000,2018-01-01,30-49,SI,1
NO,15,15572,NO,ACTIVO,ND,2015-03-01,Mujer,PRIMARIA,BOYACA,PUERTO BOYACA,ND,ND,EDUCACIÓN PRIMARIA,TI,UNIDOS,0 - 1.500.000,0 - 1.300.000,1900-01-01,06-17,NO,1
ND,15,15572,ND,ACTIVO,ND,2012-12-01,Mujer,ND,BOYACA,PUERTO BOYACA,Colombia,ND,ND,CC,UNIDOS,0 - 1.500.000,0 - 1.300.000,1900-01-01,18-29,NO,2
NO,15,15572,NO,ACTIVO,ND,2012-12-01,Mujer,ND,BOYACA,PUERTO BOYACA,ND,ND,ND,CC,UNIDOS,0 - 1.500.000,0 - 1.300.000,1900-01-01,30-49,NO,1
NO,15,15572,NO,ACTIVO,ND,2012-12-01,Mujer,ND,BOYACA,PUERTO BOYACA,ND,MONETARIO,ND,CC,SISBEN,0 - 1.500.000,0 - 1.300.000,2018-01-01,18-29,SI,1
ND,15,15572,ND,ACTIVO,ND,2012-12-01,Mujer,ND,BOYACA,PUERTO BOYACA,Colombia,ND,ND,No Definido,SISBEN,0 - 1.500.000,0 - 1.300.000,1900-01-01,18-29,NO,1
SI,15,15572,NO,ACTIVO,ND,2015-05-01,Mujer,ND,BOYACA,PUERTO BOYACA,ND,MONETARIO,ND,CC,UNIDOS,0 - 1.500.000,0 - 1.300.000,2018-01-01,30-49,SI,1
NO,15,15572,NO,ACTIVO,ND,2012-12-01,Hombre,SECUNDARIA,BOYACA,PUERTO BOYACA,ND,ND,EDUCACIÓN PRIMARIA,TI,UNIDOS,0 - 1.500.000,0 - 1.300.000,1900-01-01,18-29,NO,1
ND,15,15572,NO,ACTIVO,AFROCOLOMBIANO – NEGRO,2012-12-01,Hombre,ND,BOYACA,PUERTO BOYACA,ND,ND,EDUCACIÓN PRIMARIA,RC,DESPLAZADOS,0 - 1.500.000,0 - 1.300.000,1900-01-01,06-17,NO,1
SI,15,15572,NO,ACTIVO,ND,2012-12-01,Hombre,ND,BOYACA,PUERTO BOYACA,ND,MONETARIO,ND,CC,SISBEN,0 - 1.500.000,0 - 1.300.000,2018-01-01,50-65,SI,1
ND,15,15572,ND,ACTIVO,ND,2012-12-01,Mujer,ND,BOYACA,PUERTO BOYACA,Colombia,ND,EDUCACIÓN SECUNDARIA,TI,DESPLAZADOS,0 - 1.500.000,0 - 1.300.000,1900-01-01,18-29,NO,1
NO,15,15572,NO,ACTIVO,ND,2012-12-01,Mujer,ND,BOYACA,PUERTO BOYACA,ND,MONETARIO,ND,CC,SISBEN,> 6.000.001,0 - 1.300.000,2018-01-01,30-49,SI,1
SI,15,15572,NO,ACTIVO,ND,2012-12-01,Mujer,ND,BOYACA,PUERTO BOYACA,ND,MONETARIO,ND,CC,SISBEN,1.500.001 - 3.000.000,0 - 1.300.000,2018-01-01,30-49,SI,4
SI,15,15572,NO,ACTIVO,ND,2012-12-01,Mujer,ND,BOYACA,PUERTO BOYACA,ND,MONETARIO,ND,CC,UNIDOS,1.500.001 - 3.000.000,0 - 1.300.000,2018-01-01,50-65,SI,1
NO,15,15572,NO,NO ACTIVO,AFROCOLOMBIANO – NEGRO,2012-11-01,Mujer,ND,BOYACA,PUERTO BOYACA,ND,ND,ND,CC,DESPLAZADOS,0 - 1.500.000,0 - 1.300.000,1900-01-01,18-29,NO,1
,15,15572,NO,ACTIVO,ND,2012-12-01,Mujer,SIN ESPECIFICAR,BOYACA,PUERTO BOYACA,ND,ND,EDUCACIÓN SECUNDARIA,TI,SISBEN,0 - 1.500.000,0 - 1.300.000,1900-01-01,18-29,NO,2
SI,15,15572,NO,NO ACTIVO,ND,2012-11-01,Mujer,ND,BOYACA,PUERTO BOYACA,ND,MONETARIO,ND,CC,SISBEN,0 - 1.500.000,0 - 1.300.000,2014-01-01,30-49,SI,1
ND,15,15572,ND,NO ACTIVO,ND,2012-11-01,Mujer,ND,BOYACA,PUERTO BOYACA,Colombia,ND,ND,TI,DESPLAZADOS,0 - 1.500.000,0 - 1.300.000,1900-01-01,18-29,NO,1
ND,15,15572,ND,NO ACTIVO,ND,2012-12-01,Mujer,ND,BOYACA,PUERTO BOYACA,Colombia,ND,ND,TI,SISBEN,0 - 1.500.000,0 - 1.300.000,1900-01-01,18-29,NO,1
NO,15,15572,NO,ACTIVO,ROM O GITANO,2012-12-01,Mujer,ND,BOYACA,PUERTO BOYACA,ND,ND,ND,CC,UNIDOS,0 - 1.500.000,0 - 1.300.000,1900-01-01,18-29,NO,3
NO,15,15572,NO,ACTIVO,ND,2016-05-01,Hombre,ND,BOYACA,PUERTO BOYACA,ND,ND,NUTRICIÓN MENOR,RC,DESPLAZADOS,0 - 1.500.000,0 - 1.300.000,1900-01-01,06-17,NO,2
SI,15,15572,NO,NO ACTIVO,ND,2012-12-01,Mujer,ND,BOYACA,PUERTO BOYACA,ND,MONETARIO,ND,CC,SISBEN,1.500.001 - 3.000.000,0 - 1.300.000,2016-01-01,30-49,SI,1
NO,15,15572,NO,NO ACTIVO,ND,2013-10-01,Hombre,SECUNDARIA,BOYACA,PUERTO BOYACA,ND,ND,ND,TI,DESPLAZADOS,0 - 1.500.000,0 - 1.300.000,1900-01-01,18-29,NO,1
NO,15,15572,NO,ACTIVO,ND,2015-11-01,Mujer,ND,BOYACA,PUERTO BOYACA,ND,ND,NUTRICIÓN MENOR,RC,DESPLAZADOS,0 - 1.500.000,0 - 1.300.000,1900-01-01,06-17,NO,2
NO,15,15572,NO,NO ACTIVO,ND,2012-12-01,Mujer,ND,BOYACA,PUERTO BOYACA,Colombia,ND,EDUCACIÓN PRIMARIANUTRICIÓN MENOR,TI,ND,0 - 1.500.000,0 - 1.300.000,1900-01-01,06-17,NO,5
ND,15,15572,ND,NO ACTIVO,ND,2012-12-01,Hombre,ND,BOYACA,PUERTO BOYACA,Colombia,ND,ND,CC,UNIDOS,0 - 1.500.000,0 - 1.300.000,1900-01-01,18-29,NO,3
,15,15572,NO,ACTIVO,ND,2018-05-01,Mujer,SIN ESPECIFICAR,BOYACA,PUERTO BOYACA,ND,ND,NUTRICIÓN MENOR,RC,SISBEN,0 - 1.500.000,0 - 1.300.000,1900-01-01,06-17,NO,1
NO,15,15572,NO,NO ACTIVO,ND,2012-12-01,Hombre,ND,BOYACA,PUERTO BOYACA,ND,MONETARIO,ND,CC,SISBEN,1.500.001 - 3.000.000,0 - 1.300.000,2013-01-01,30-49,NO,1
NO,15,15572,NO,ACTIVO,ND,2015-05-01,Mujer,ND,BOYACA,PUERTO BOYACA,ND,ND,NUTRICIÓN MENOR,RC,SISBEN,0 - 1.500.000,0 - 1.300.000,1900-01-01,06-17,NO,9
NO,15,15572,NO,ACTIVO,ND,2012-10-01,Mujer,ND,BOYACA,PUERTO BOYACA,ND,MONETARIO,ND,CC,DESPLAZADOS,> 6.000.001,0 - 1.300.000,2018-01-01,30-49,SI,1
ND,15,15572,NO,ACTIVO,ND,2012-12-01,Mujer,ND,BOYACA,PUERTO BOYACA,COLOMBIA,ND,EDUCACIÓN PRIMARIA,RC,UNIDOS,0 - 1.500.000,0 - 1.300.000,1900-01-01,06-17,NO,2
NO,15,15572,NO,ACTIVO,ND,2014-07-01,Hombre,PRIMARIA,BOYACA,PUERTO BOYACA,ND,ND,EDUCACIÓN PRIMARIA,TI,DESPLAZADOS,0 - 1.500.000,0 - 1.300.000,1900-01-01,06-17,NO,2
NO,15,15572,NO,ACTIVO,ND,2012-12-01,Hombre,ND,BOYACA,PUERTO BOYACA,ND,ND,EDUCACIÓN SECUNDARIA,TI,SISBEN,0 - 1.500.000,0 - 1.300.000,1900-01-01,18-29,NO,1
NO,15,15572,NO,ACTIVO,ND,2015-10-01,Mujer,ND,BOYACA,PUERTO BOYACA,ND,ND,NUTRICIÓN MENOR,RC,SISBEN,0 - 1.500.000,0 - 1.300.000,1900-01-01,06-17,NO,1
ND,15,15572,ND,ACTIVO,ND,2012-12-01,Hombre,ND,BOYACA,PUERTO BOYACA,Colombia,ND,ND,CC,DESPLAZADOS,0 - 1.500.000,0 - 1.300.000,1900-01-01,18-29,NO,1
NO,15,15572,NO,ACTIVO,ND,2012-12-01,Mujer,SECUNDARIA,BOYACA,PUERTO BOYACA,ND,ND,EDUCACIÓN SECUNDARIA,CC,DESPLAZADOS,0 - 1.500.000,0 - 1.300.000,1900-01-01,18-29,NO,10
NO,15,15572,NO,ACTIVO,ND,2013-08-01,Hombre,ND,BOYACA,PUERTO BOYACA,ND,ND,ND,RC,DESPLAZADOS,0 - 1.500.000,0 - 1.300.000,1900-01-01,06-17,NO,1
SI,15,15572,NO,ACTIVO,ND,2013-06-01,Mujer,ND,BOYACA,PUERTO BOYACA,ND,MONETARIO,ND,CC,DESPLAZADOS,1.500.001 - 3.000.000,0 - 1.300.000,2018-01-01,30-49,SI,1
NO,15,15572,NO,NO ACTIVO,ND,2012-12-01,Mujer,ND,BOYACA,PUERTO BOYACA,ND,ND,TRANSICIÓNNUTRICIÓN MENOR,RC,ND,0 - 1.500.000,0 - 1.300.000,1900-01-01,06-17,NO,14
NO,15,15572,NO,ACTIVO,ND,2015-12-01,Mujer,ND,BOYACA,PUERTO BOYACA,ND,ND,NUTRICIÓN MENOR,RC,SISBEN,0 - 1.500.000,0 - 1.300.000,1900-01-01,06-17,NO,1
SI,15,15572,NO,ACTIVO,ROM O GITANO,2012-12-01,Mujer,ND,BOYACA,PUERTO BOYACA,ND,MONETARIO,ND,CC,UNIDOS,> 6.000.001,0 - 1.300.000,2018-01-01,30-49,SI,1
ND,15,15572,ND,ACTIVO,ND,2012-12-01,Mujer,ND,BOYACA,PUERTO BOYACA,Colombia,MONETARIO,NUTRICIÓN,CC,UNIDOS,3.000.001 - 4.500.000,0 - 1.300.000,2018-01-01,30-49,SI,1
ND,15,15572,NO,ACTIVO,ND,2012-11-01,Mujer,ND,BOYACA,PUERTO BOYACA,Colombia,ND,EDUCACIÓN PRIMARIA,RC,SISBEN,0 - 1.500.000,0 - 1.300.000,1900-01-01,06-17,NO,1
ND,15,15572,ND,ACTIVO,ND,2015-09-01,Mujer,ND,BOYACA,PUERTO BOYACA,Colombia,ND,TRANSICIÓNNUTRICIÓN MENOR,RC,UNIDOS,0 - 1.500.000,0 - 1.300.000,1900-01-01,06-17,NO,1
ND,15,15572,ND,ACTIVO,ND,2012-12-01,Mujer,ND,BOYACA,PUERTO BOYACA,Colombia,ND,EDUCACIÓN SECUNDARIA,TI,SISBEN,0 - 1.500.000,0 - 1.300.000,1900-01-01,18-29,NO,1
NO,15,15572,NO,ACTIVO,ND,2012-10-01,Mujer,ND,BOYACA,PUERTO BOYACA,ND,MONETARIO,NUTRICIÓN,CC,SISBEN,3.000.001 - 4.500.000,0 - 1.300.000,2018-01-01,30-49,SI,1
NO,15,15572,NO,ACTIVO,ND,2012-10-01,Hombre,PRIMARIA,BOYACA,PUERTO BOYACA,ND,ND,EDUCACIÓN PRIMARIA,RC,DESPLAZADOS,0 - 1.500.000,0 - 1.300.000,1900-01-01,06-17,NO,1
ND,15,15572,ND,ACTIVO,ND,2012-12-01,Mujer,ND,BOYACA,PUERTO BOYACA,Colombia,MONETARIO,ND,CC,SISBEN,3.000.001 - 4.500.000,0 - 1.300.000,2018-01-01,30-49,SI,1
NO,15,15572,NO,ACTIVO,ND,2014-12-01,Mujer,ND,BOYACA,PUERTO BOYACA,ND,ND,NUTRICIÓN MENOR,RC,DESPLAZADOS,0 - 1.500.000,0 - 1.300.000,1900-01-01,06-17,NO,2
NO,15,15572,NO,ACTIVO,ND,2017-10-01,Mujer,ND,BOYACA,PUERTO BOYACA,ND,ND,ND,RC,DESPLAZADOS,0 - 1.500.000,0 - 1.300.000,1900-01-01,06-17,NO,2
,15,15572,NO,NO ACTIVO,ND,2012-12-01,Mujer,SIN ESPECIFICAR,BOYACA,PUERTO BOYACA,ND,ND,ND,CC,SISBEN,0 - 1.500.000,0 - 1.300.000,2016-01-01,50-65,SI,1
SI,15,15572,NO,ACTIVO,ND,2013-08-01,Mujer,ND,BOYACA,PUERTO BOYACA,ND,MONETARIO,ND,CC,DESPLAZADOS,3.000.001 - 4.500.000,0 - 1.300.000,2018-01-01,30-49,SI,1
SI,15,15572,NO,ACTIVO,AFROCOLOMBIANO – NEGRO,2012-12-01,Mujer,ND,BOYACA,PUERTO BOYACA,ND,MONETARIO,ND,CC,UNIDOS,0 - 1.500.000,0 - 1.300.000,2018-01-01,30-49,SI,1
NO,15,15572,NO,NO ACTIVO,AFROCOLOMBIANO – NEGRO,2012-12-01,Mujer,ND,BOYACA,PUERTO BOYACA,ND,ND,ND,TI,UNIDOS,0 - 1.500.000,0 - 1.300.000,1900-01-01,18-29,NO,45
,15,15572,NO,NO ACTIVO,ND,2012-12-01,Hombre,SIN ESPECIFICAR,BOYACA,PUERTO BOYACA,ND,ND,EDUCACIÓN PRIMARIA,TI,UNIDOS,0 - 1.500.000,0 - 1.300.000,1900-01-01,06-17,NO,1
NO,15,15572,SI,ACTIVO,ND,2012-12-01,Mujer,SECUNDARIA,BOYACA,PUERTO BOYACA,ND,ND,EDUCACIÓN SECUNDARIA,TI,UNIDOS,0 - 1.500.000,0 - 1.300.000,1900-01-01,18-29,NO,3
SI,15,15572,NO,ACTIVO,ND,2012-12-01,Hombre,ND,BOYACA,PUERTO BOYACA,ND,MONETARIO,ND,CC,DESPLAZADOS,4.500.001 - 6.000.000,0 - 1.300.000,2018-01-01,30-49,SI,1
NO,15,15572,NO,ACTIVO,ND,2015-09-01,Hombre,ND,BOYACA,PUERTO BOYACA,ND,ND,NUTRICIÓN MENOR,RC,UNIDOS,0 - 1.500.000,0 - 1.300.000,1900-01-01,06-17,NO,1
NO,15,15572,NO,ACTIVO,ND,2017-05-01,Hombre,ND,BOYACA,PUERTO BOYACA,ND,ND,NUTRICIÓN MENOR,RC,DESPLAZADOS,0 - 1.500.000,0 - 1.300.000,1900-01-01,06-17,NO,3
NO,15,15572,NO,ACTIVO,ND,2012-11-01,Mujer,PRIMARIA,BOYACA,PUERTO BOYACA,ND,ND,EDUCACIÓN PRIMARIA,TI,UNIDOS,0 - 1.500.000,0 - 1.300.000,1900-01-01,06-17,NO,2
NO,15,15572,NO,ACTIVO,ND,2013-01-01,Mujer,ND,BOYACA,PUERTO BOYACA,ND,MONETARIO,ND,CC,SISBEN,1.500.001 - 3.000.000,0 - 1.300.000,2018-01-01,30-49,SI,1
NO,15,15572,NO,ACTIVO,ND,2014-10-01,Hombre,PRIMARIA,BOYACA,PUERTO BOYACA,ND,ND,ND,RC,DESPLAZADOS,0 - 1.500.000,0 - 1.300.000,1900-01-01,06-17,NO,1
SI,15,15572,NO,ACTIVO,INDIGENA,2012-12-01,Hombre,ND,BOYACA,PUERTO BOYACA,ND,MONETARIO,ND,CC,DESPLAZADOS,4.500.001 - 6.000.000,0 - 1.300.000,2018-01-01,30-49,SI,1
SI,15,15572,NO,ACTIVO,ND,2012-12-01,Mujer,ND,BOYACA,PUERTO BOYACA,ND,MONETARIO,NUTRICIÓN,CC,SISBEN,4.500.001 - 6.000.000,0 - 1.300.000,2018-01-01,30-49,SI,3
NO,15,15572,NO,ACTIVO,ND,2016-06-01,Hombre,ND,BOYACA,PUERTO BOYACA,ND,ND,NUTRICIÓN MENOR,RC,UNIDOS,0 - 1.500.000,0 - 1.300.000,1900-01-01,06-17,NO,1
NO,15,15572,NO,NO ACTIVO,ND,2013-06-01,Mujer,ND,BOYACA,PUERTO BOYACA,ND,ND,ND,RC,ND,0 - 1.500.000,0 - 1.300.000,1900-01-01,06-17,NO,1
NO,15,15572,NO,ACTIVO,ND,2013-09-01,Hombre,PRIMARIA,BOYACA,PUERTO BOYACA,ND,ND,EDUCACIÓN PRIMARIA,TI,DESPLAZADOS,0 - 1.500.000,0 - 1.300.000,1900-01-01,06-17,NO,1
SI,15,15572,NO,ACTIVO,ND,2013-08-01,Mujer,ND,BOYACA,PUERTO BOYACA,ND,MONETARIO,NUTRICIÓN,CC,DESPLAZADOS,> 6.000.001,0 - 1.300.000,2018-01-01,30-49,SI,1
SI,15,15572,NO,NO ACTIVO,ND,2012-12-01,Mujer,ND,BOYACA,PUERTO BOYACA,Colombia,MONETARIO,ND,CC,ND,3.000.001 - 4.500.000,0 - 1.300.000,2014-01-01,30-49,SI,1
SI,15,15572,NO,ACTIVO,ND,2012-12-01,Mujer,ND,BOYACA,PUERTO BOYACA,ND,MONETARIO,NUTRICIÓN,CC,DESPLAZADOS,4.500.001 - 6.000.000,0 - 1.300.000,2018-01-01,30-49,SI,1
SI,15,15572,NO,ACTIVO,AFROCOLOMBIANO – NEGRO,2012-12-01,Mujer,ND,BOYACA,PUERTO BOYACA,ND,MONETARIO,ND,CC,UNIDOS,1.500.001 - 3.000.000,0 - 1.300.000,2018-01-01,50-65,SI,1
SI,15,15572,NO,NO ACTIVO,ND,2012-12-01,Mujer,ND,BOYACA,PUERTO BOYACA,Colombia,MONETARIO,NUTRICIÓN,CC,ND,0 - 1.500.000,0 - 1.300.000,2014-01-01,30-49,SI,5
ND,15,15572,NO,ACTIVO,ND,2012-11-01,Hombre,ND,BOYACA,PUERTO BOYACA,Colombia,ND,EDUCACIÓN PRIMARIA,RC,SISBEN,0 - 1.500.000,0 - 1.300.000,1900-01-01,06-17,NO,1
NO,15,15572,NO,ACTIVO,ND,2016-08-01,Mujer,ND,BOYACA,PUERTO BOYACA,ND,ND,NUTRICIÓN MENOR,RC,DESPLAZADOS,0 - 1.500.000,0 - 1.300.000,1900-01-01,06-17,NO,1
NO,15,15572,NO,NO ACTIVO,ND,2012-11-01,Mujer,SECUNDARIA,BOYACA,PUERTO BOYACA,ND,ND,ND,TI,SISBEN,0 - 1.500.000,0 - 1.300.000,1900-01-01,18-29,NO,1
SI,15,15572,NO,NO ACTIVO,ND,2012-12-01,Mujer,ND,BOYACA,PUERTO BOYACA,Colombia,MONETARIO,ND,CC,ND,0 - 1.500.000,0 - 1.300.000,2014-01-01,50-65,SI,1
ND,15,15572,ND,ACTIVO,ND,2012-12-01,Mujer,ND,BOYACA,PUERTO BOYACA,Colombia,ND,EDUCACIÓN PRIMARIA,TI,SISBEN,0 - 1.500.000,0 - 1.300.000,1900-01-01,06-17,NO,2
NO,15,15572,NO,ACTIVO,ND,2015-07-01,Hombre,ND,BOYACA,PUERTO BOYACA,ND,ND,ND,RC,SISBEN,0 - 1.500.000,0 - 1.300.000,1900-01-01,06-17,NO,1
NO,15,15572,NO,NO ACTIVO,ND,2012-12-01,Mujer,ND,BOYACA,PUERTO BOYACA,ND,MONETARIO,ND,CC,SISBEN,0 - 1.500.000,0 - 1.300.000,2014-01-01,30-49,NO,1
ND,15,15572,ND,NO ACTIVO,ND,2012-12-01,Mujer,ND,BOYACA,PUERTO BOYACA,Colombia,ND,ND,CC,DESPLAZADOS,0 - 1.500.000,0 - 1.300.000,1900-01-01,18-29,NO,1
NO,15,15572,NO,ACTIVO,ND,2012-12-01,Mujer,ND,BOYACA,PUERTO BOYACA,Colombia,ND,ND,CC,ND,0 - 1.500.000,0 - 1.300.000,1900-01-01,18-29,NO,1
NO,15,15572,NO,ACTIVO,ND,2017-03-01,Hombre,ND,BOYACA,PUERTO BOYACA,ND,ND,NUTRICIÓN MENOR,RC,DESPLAZADOS,0 - 1.500.000,0 - 1.300.000,1900-01-01,06-17,NO,1
NO,15,15572,NO,ACTIVO,ND,2014-12-01,Hombre,ND,BOYACA,PUERTO BOYACA,ND,ND,NUTRICIÓN MENOR,RC,SISBEN,0 - 1.500.000,0 - 1.300.000,1900-01-01,06-17,NO,1
NO,15,15572,NO,ACTIVO,ND,2012-12-01,Mujer,ND,BOYACA,PUERTO BOYACA,ND,MONETARIO,ND,CC,SISBEN,0 - 1.500.000,0 - 1.300.000,2018-01-01,50-65,SI,1
NO,15,15572,NO,NO ACTIVO,ND,2012-12-01,Mujer,ND,BOYACA,PUERTO BOYACA,Colombia,ND,TRANSICIÓNNUTRICIÓN MENOR,RC,ND,0 - 1.500.000,0 - 1.300.000,1900-01-01,06-17,NO,10
SI,15,15572,NO,ACTIVO,ND,2015-11-01,Mujer,ND,BOYACA,PUERTO BOYACA,ND,MONETARIO,ND,CC,DESPLAZADOS,3.000.001 - 4.500.000,0 - 1.300.000,2018-01-01,30-49,SI,1
SI,15,15572,NO,NO ACTIVO,ND,2012-12-01,Mujer,ND,BOYACA,PUERTO BOYACA,ND,MONETARIO,ND,CC,UNIDOS,4.500.001 - 6.000.000,0 - 1.300.000,2018-01-01,30-49,SI,1
SI,15,15572,NO,ACTIVO,ND,2012-12-01,Hombre,ND,BOYACA,PUERTO BOYACA,ND,MONETARIO,ND,CC,UNIDOS,0 - 1.500.000,0 - 1.300.000,2018-01-01,50-65,SI,1
NO,15,15572,NO,ACTIVO,ND,2016-08-01,Hombre,ND,BOYACA,PUERTO BOYACA,ND,ND,ND,TI,DESPLAZADOS,0 - 1.500.000,0 - 1.300.000,1900-01-01,18-29,NO,1
NO,15,15572,NO,ACTIVO,ND,2013-06-01,Hombre,TRANSICION,BOYACA,PUERTO BOYACA,ND,ND,TRANSICIÓNNUTRICIÓN MENOR,RC,DESPLAZADOS,0 - 1.500.000,0 - 1.300.000,1900-01-01,06-17,NO,1
SI,15,15572,NO,ACTIVO,ND,2012-12-01,Mujer,ND,BOYACA,PUERTO BOYACA,ND,MONETARIO,ND,CC,SISBEN,4.500.001 - 6.000.000,0 - 1.300.000,2018-01-01,50-65,SI,1
SI,15,15572,NO,ACTIVO,ND,2017-02-01,Hombre,ND,BOYACA,PUERTO BOYACA,ND,MONETARIO,ND,CC,DESPLAZADOS,0 - 1.500.000,0 - 1.300.000,2018-01-01,30-49,SI,1
NO,15,15572,NO,ACTIVO,AFROCOLOMBIANO – NEGRO,2012-12-01,Mujer,PRIMARIA,BOYACA,PUERTO BOYACA,ND,ND,EDUCACIÓN PRIMARIA,TI,DESPLAZADOS,0 - 1.500.000,0 - 1.300.000,1900-01-01,18-29,NO,1
SI,15,15572,NO,ACTIVO,ND,2013-04-01,Mujer,ND,BOYACA,PUERTO BOYACA,ND,MONETARIO,ND,CC,DESPLAZADOS,1.500.001 - 3.000.000,0 - 1.300.000,2018-01-01,30-49,SI,1
NO,15,15572,NO,ACTIVO,ND,2012-12-01,Mujer,ND,BOYACA,PUERTO BOYACA,ND,MONETARIO,ND,CC,DESPLAZADOS,0 - 1.500.000,0 - 1.300.000,2015-01-01,30-49,NO,1
NO,15,15572,NO,NO ACTIVO,ROM O GITANO,2012-12-01,Mujer,ND,BOYACA,PUERTO BOYACA,ND,ND,ND,TI,SISBEN,0 - 1.500.000,0 - 1.300.000,1900-01-01,18-29,NO,2
NO,15,15572,SI,ACTIVO,ND,2012-12-01,Hombre,PRIMARIA,BOYACA,PUERTO BOYACA,ND,ND,EDUCACIÓN PRIMARIA,RC,SISBEN,0 - 1.500.000,0 - 1.300.000,1900-01-01,06-17,NO,1
NO,15,15572,NO,ACTIVO,ND,2013-10-01,Mujer,SECUNDARIA,BOYACA,PUERTO BOYACA,ND,ND,EDUCACIÓN SECUNDARIA,CC,DESPLAZADOS,0 - 1.500.000,0 - 1.300.000,1900-01-01,18-29,NO,1
SI,15,15572,NO,NO ACTIVO,ND,2012-12-01,Mujer,ND,BOYACA,PUERTO BOYACA,ND,MONETARIO,ND,CC,UNIDOS,0 - 1.500.000,0 - 1.300.000,2015-01-01,50-65,SI,1
NO,15,15572,NO,ACTIVO,ND,2015-10-01,Hombre,PRIMARIA,BOYACA,PUERTO BOYACA,ND,ND,EDUCACIÓN PRIMARIA,TI,DESPLAZADOS,0 - 1.500.000,0 - 1.300.000,1900-01-01,06-17,NO,1
SI,15,15572,NO,ACTIVO,ND,2012-12-01,Mujer,ND,BOYACA,PUERTO BOYACA,ND,MONETARIO,ND,CC,UNIDOS,0 - 1.500.000,0 - 1.300.000,2018-01-01,50-65,SI,1
ND,15,15572,NO,ACTIVO,AFROCOLOMBIANO – NEGRO,2012-12-01,Mujer,ND,BOYACA,PUERTO BOYACA,ND,MONETARIO,ND,TI,UNIDOS,3.000.001 - 4.500.000,0 - 1.300.000,2018-01-01,30-49,SI,1
NO,15,15572,NO,ACTIVO,ND,2013-11-01,Hombre,TRANSICION,BOYACA,PUERTO BOYACA,ND,ND,TRANSICIÓNNUTRICIÓN MENOR,RC,DESPLAZADOS,0 - 1.500.000,0 - 1.300.000,1900-01-01,06-17,NO,2
ND,15,15572,ND,ACTIVO,INDIGENA,2014-12-01,Mujer,ND,BOYACA,PUERTO BOYACA,Colombia,ND,EDUCACIÓN SECUNDARIA,RC,DESPLAZADOS,0 - 1.500.000,0 - 1.300.000,1900-01-01,06-17,NO,1
SI,15,15572,NO,ACTIVO,ND,2012-12-01,Mujer,ND,BOYACA,PUERTO BOYACA,ND,MONETARIO,ND,CC,UNIDOS,0 - 1.500.000,0 - 1.300.000,2018-01-01,30-49,SI,1
NO,15,15572,NO,ACTIVO,ND,2013-04-01,Hombre,PRIMARIA,BOYACA,PUERTO BOYACA,ND,ND,EDUCACIÓN PRIMARIA,RC,DESPLAZADOS,0 - 1.500.000,0 - 1.300.000,1900-01-01,06-17,NO,1
NO,15,15572,NO,NO ACTIVO,AFROCOLOMBIANO – NEGRO,2012-12-01,Mujer,ND,BOYACA,PUERTO BOYACA,ND,ND,ND,CC,DESPLAZADOS,0 - 1.500.000,0 - 1.300.000,1900-01-01,18-29,NO,1
NO,15,15572,NO,ACTIVO,ND,2015-10-01,Mujer,PRIMARIA,BOYACA,PUERTO BOYACA,ND,ND,EDUCACIÓN PRIMARIA,TI,SISBEN,0 - 1.500.000,0 - 1.300.000,1900-01-01,06-17,NO,1
NO,15,15572,NO,NO ACTIVO,ND,2012-11-01,Mujer,ND,BOYACA,PUERTO BOYACA,ND,ND,ND,TI,SISBEN,0 - 1.500.000,0 - 1.300.000,1900-01-01,18-29,NO,1
NO,15,15572,NO,ACTIVO,ND,2012-12-01,Mujer,ND,BOYACA,PUERTO BOYACA,ND,MONETARIO,ND,CC,SISBEN,4.500.001 - 6.000.000,0 - 1.300.000,2018-01-01,30-49,SI,1
SI,15,15572,NO,NO ACTIVO,ND,2012-12-01,Mujer,ND,BOYACA,PUERTO BOYACA,Colombia,MONETARIO,NUTRICIÓN,CC,DESPLAZADOS,1.500.001 - 3.000.000,0 - 1.300.000,2014-01-01,30-49,SI,1
NO,15,15572,NO,ACTIVO,ND,2012-12-01,Mujer,ND,BOYACA,PUERTO BOYACA,ND,ND,ND,CC,SISBEN,0 - 1.500.000,0 - 1.300.000,1900-01-01,50-65,NO,1
SI,15,15572,NO,ACTIVO,ND,2012-12-01,Mujer,ND,BOYACA,PUERTO BOYACA,ND,MONETARIO,ND,CC,UNIDOS,0 - 1.500.000,0 - 1.300.000,2018-01-01,>65,SI,2
SI,15,15572,NO,NO ACTIVO,ND,2012-12-01,Mujer,ND,BOYACA,PUERTO BOYACA,Colombia,MONETARIO,NUTRICIÓN,CC,UNIDOS,0 - 1.500.000,0 - 1.300.000,2014-01-01,50-65,SI,1
SI,15,15572,NO,ACTIVO,AFROCOLOMBIANO – NEGRO,2012-12-01,Mujer,ND,BOYACA,PUERTO BOYACA,ND,MONETARIO,ND,CC,UNIDOS,0 - 1.500.000,0 - 1.300.000,2018-01-01,50-65,SI,1
SI,15,15572,NO,NO ACTIVO,ND,2012-12-01,Mujer,ND,BOYACA,PUERTO BOYACA,ND,MONETARIO,ND,CC,SISBEN,0 - 1.500.000,0 - 1.300.000,2018-01-01,30-49,SI,1
NO,15,15572,NO,ACTIVO,AFROCOLOMBIANO – NEGRO,2012-12-01,Mujer,SECUNDARIA,BOYACA,PUERTO BOYACA,ND,ND,EDUCACIÓN SECUNDARIA,CC,DESPLAZADOS,0 - 1.500.000,0 - 1.300.000,1900-01-01,18-29,NO,1
NO,15,15572,NO,ACTIVO,ND,2012-12-01,Mujer,ND,BOYACA,PUERTO BOYACA,Colombia,ND,NUTRICIÓN MENOR,RC,SISBEN,0 - 1.500.000,0 - 1.300.000,1900-01-01,06-17,NO,1
NO,15,15572,SI,ACTIVO,ND,2012-12-01,Mujer,ND,BOYACA,PUERTO BOYACA,ND,ND,ND,TI,UNIDOS,0 - 1.500.000,0 - 1.300.000,1900-01-01,06-17,NO,1
SI,15,15572,NO,ACTIVO,ND,2012-12-01,Mujer,ND,BOYACA,PUERTO BOYACA,ND,MONETARIO,ND,CC,UNIDOS,1.500.001 - 3.000.000,0 - 1.300.000,2018-01-01,50-65,SI,4
SI,15,15572,NO,ACTIVO,ND,2012-12-01,Mujer,ND,BOYACA,PUERTO BOYACA,ND,MONETARIO,ND,CC,SISBEN,3.000.001 - 4.500.000,0 - 1.300.000,2018-01-01,30-49,SI,3
NO,15,15572,NO,ACTIVO,ND,2017-10-01,Mujer,TRANSICION,BOYACA,PUERTO BOYACA,ND,ND,TRANSICIÓNNUTRICIÓN MENOR,RC,SISBEN,0 - 1.500.000,0 - 1.300.000,1900-01-01,06-17,NO,1
,15,15572,NO,NO ACTIVO,ND,2012-12-01,Mujer,SIN ESPECIFICAR,BOYACA,PUERTO BOYACA,ND,MONETARIO,ND,CC,SISBEN,0 - 1.500.000,0 - 1.300.000,2015-01-01,50-65,SI,1
NO,15,15572,NO,ACTIVO,ND,2018-04-01,Mujer,ND,BOYACA,PUERTO BOYACA,ND,ND,NUTRICIÓN MENOR,RC,UNIDOS,0 - 1.500.000,0 - 1.300.000,1900-01-01,06-17,NO,1
SI,15,15572,NO,ACTIVO,ND,2013-01-01,Mujer,ND,BOYACA,PUERTO BOYACA,ND,MONETARIO,ND,CC,DESPLAZADOS,> 6.000.001,0 - 1.300.000,2018-01-01,30-49,SI,1
NO,15,15572,NO,ACTIVO,ND,2015-08-01,Mujer,ND,BOYACA,PUERTO BOYACA,ND,ND,NUTRICIÓN MENOR,RC,UNIDOS,0 - 1.500.000,0 - 1.300.000,1900-01-01,06-17,NO,3
NO,15,15572,NO,ACTIVO,ND,2013-06-01,Hombre,ND,BOYACA,PUERTO BOYACA,ND,MONETARIO,ND,CC,DESPLAZADOS,0 - 1.500.000,0 - 1.300.000,2018-01-01,18-29,SI,1
NO,15,15572,NO,ACTIVO,ND,2014-12-01,Hombre,SECUNDARIA,BOYACA,PUERTO BOYACA,ND,ND,ND,CC,DESPLAZADOS,0 - 1.500.000,0 - 1.300.000,1900-01-01,18-29,NO,1
NO,15,15572,NO,ACTIVO,ND,2012-11-01,Mujer,ND,BOYACA,PUERTO BOYACA,ND,ND,ND,RC,UNIDOS,0 - 1.500.000,0 - 1.300.000,1900-01-01,06-17,NO,1
NO,15,15572,NO,ACTIVO,ND,2015-07-01,Mujer,ND,BOYACA,PUERTO BOYACA,ND,ND,NUTRICIÓN MENOR,RC,SISBEN,0 - 1.500.000,0 - 1.300.000,1900-01-01,06-17,NO,7
NO,15,15572,NO,ACTIVO,ND,2012-12-01,Hombre,ND,BOYACA,PUERTO BOYACA,ND,MONETARIO,ND,TI,SISBEN,0 - 1.500.000,0 - 1.300.000,2015-01-01,18-29,SI,1
NO,15,15572,NO,ACTIVO,ND,2017-09-01,Mujer,TRANSICION,BOYACA,PUERTO BOYACA,ND,ND,TRANSICIÓNNUTRICIÓN MENOR,RC,UNIDOS,0 - 1.500.000,0 - 1.300.000,1900-01-01,06-17,NO,1
NO,15,15572,NO,NO ACTIVO,ND,2013-06-01,Mujer,ND,BOYACA,PUERTO BOYACA,ND,ND,ND,TI,DESPLAZADOS,0 - 1.500.000,0 - 1.300.000,1900-01-01,18-29,NO,4
SI,15,15572,NO,ACTIVO,ND,2014-03-01,Hombre,ND,BOYACA,PUERTO BOYACA,ND,MONETARIO,ND,CC,UNIDOS,3.000.001 - 4.500.000,0 - 1.300.000,2018-01-01,50-65,SI,1
NO,15,15572,NO,NO ACTIVO,ND,2017-10-01,Hombre,ND,BOYACA,PUERTO BOYACA,ND,ND,ND,RC,SISBEN,0 - 1.500.000,0 - 1.300.000,1900-01-01,06-17,NO,1
NO,15,15572,NO,ACTIVO,ROM O GITANO,2012-12-01,Mujer,ND,BOYACA,PUERTO BOYACA,ND,MONETARIO,ND,CC,UNIDOS,4.500.001 - 6.000.000,0 - 1.300.000,2018-01-01,30-49,SI,1
NO,15,15572,NO,ACTIVO,ND,2012-12-01,Hombre,ND,BOYACA,PUERTO BOYACA,ND,MONETARIO,ND,CC,SISBEN,1.500.001 - 3.000.000,0 - 1.300.000,2018-01-01,30-49,SI,1
NO,15,15572,NO,NO ACTIVO,ND,2012-12-01,Hombre,ND,BOYACA,PUERTO BOYACA,ND,ND,ND,CC,SISBEN,0 - 1.500.000,0 - 1.300.000,1900-01-01,>65,NO,1
NO,15,15572,NO,ACTIVO,ND,2013-05-01,Hombre,PRIMARIA,BOYACA,PUERTO BOYACA,ND,ND,EDUCACIÓN PRIMARIA,TI,SISBEN,0 - 1.500.000,0 - 1.300.000,1900-01-01,06-17,NO,1
NO,15,15572,NO,ACTIVO,ND,2012-12-01,Hombre,ND,BOYACA,PUERTO BOYACA,Colombia,ND,EDUCACIÓN PRIMARIA,TI,SISBEN,0 - 1.500.000,0 - 1.300.000,1900-01-01,18-29,NO,1
NO,15,15572,NO,ACTIVO,ND,2012-12-01,Mujer,ND,BOYACA,PUERTO BOYACA,ND,MONETARIO,ND,CC,SISBEN,> 6.000.001,0 - 1.300.000,2018-01-01,18-29,SI,1
NO,15,15572,NO,ACTIVO,ND,2012-11-01,Hombre,ND,BOYACA,PUERTO BOYACA,ND,ND,ND,CC,DESPLAZADOS,0 - 1.500.000,0 - 1.300.000,1900-01-01,18-29,NO,2
NO,15,15572,NO,ACTIVO,ND,2018-04-01,Mujer,ND,BOYACA,PUERTO BOYACA,ND,ND,NUTRICIÓN MENOR,RC,SISBEN,0 - 1.500.000,0 - 1.300.000,1900-01-01,06-17,NO,1
NO,15,15572,NO,ACTIVO,ND,2012-12-01,Hombre,ND,BOYACA,PUERTO BOYACA,ND,MONETARIO,ND,CC,SISBEN,4.500.001 - 6.000.000,0 - 1.300.000,2018-01-01,50-65,SI,1
NO,15,15572,NO,ACTIVO,ND,2012-12-01,Mujer,PRIMARIA,BOYACA,PUERTO BOYACA,ND,ND,ND,RC,SISBEN,0 - 1.500.000,0 - 1.300.000,1900-01-01,06-17,NO,7
NO,15,15572,NO,NO ACTIVO,ND,2016-08-01,Mujer,ND,BOYACA,PUERTO BOYACA,ND,ND,ND,CC,DESPLAZADOS,0 - 1.500.000,0 - 1.300.000,1900-01-01,18-29,NO,1
NO,15,15572,NO,ACTIVO,ND,2012-12-01,Hombre,ND,BOYACA,PUERTO BOYACA,Colombia,ND,ND,TI,SISBEN,0 - 1.500.000,0 - 1.300.000,1900-01-01,18-29,NO,1
ND,15,15572,NO,NO ACTIVO,ND,2012-12-01,Mujer,ND,BOYACA,PUERTO BOYACA,ND,ND,ND,TI,DESPLAZADOS,0 - 1.500.000,0 - 1.300.000,1900-01-01,18-29,NO,1
ND,15,15572,NO,ACTIVO,ND,2012-12-01,Hombre,ND,BOYACA,PUERTO BOYACA,ND,ND,ND,CC,SISBEN,0 - 1.500.000,0 - 1.300.000,1900-01-01,18-29,NO,1
SI,15,15572,NO,ACTIVO,ND,2016-08-01,Mujer,ND,BOYACA,PUERTO BOYACA,ND,MONETARIO,ND,CC,DESPLAZADOS,3.000.001 - 4.500.000,0 - 1.300.000,2018-01-01,30-49,SI,1
SI,15,15572,NO,ACTIVO,AFROCOLOMBIANO – NEGRO,2012-12-01,Mujer,ND,BOYACA,PUERTO BOYACA,ND,MONETARIO,ND,CC,UNIDOS,0 - 1.500.000,0 - 1.300.000,2018-01-01,30-49,NO,1
NO,15,15572,NO,ACTIVO,ND,2012-12-01,Hombre,TRANSICION,BOYACA,PUERTO BOYACA,ND,ND,TRANSICIÓN,RC,DESPLAZADOS,0 - 1.500.000,0 - 1.300.000,1900-01-01,06-17,NO,2
NO,15,15572,NO,ACTIVO,ND,2012-10-01,Mujer,SECUNDARIA,BOYACA,PUERTO BOYACA,ND,ND,ND,TI,DESPLAZADOS,0 - 1.500.000,0 - 1.300.000,1900-01-01,18-29,NO,1
SI,15,15572,NO,ACTIVO,ND,2013-09-01,Mujer,ND,BOYACA,PUERTO BOYACA,ND,MONETARIO,NUTRICIÓN,CC,DESPLAZADOS,4.500.001 - 6.000.000,0 - 1.300.000,2018-01-01,30-49,SI,1
NO,15,15572,NO,NO ACTIVO,ND,2012-12-01,Mujer,ND,BOYACA,PUERTO BOYACA,Colombia,ND,NUTRICIÓN MENOR,RC,ND,0 - 1.500.000,0 - 1.300.000,1900-01-01,06-17,NO,11
NO,15,15572,NO,ACTIVO,ND,2014-09-01,Mujer,ND,BOYACA,PUERTO BOYACA,ND,ND,ND,TI,SISBEN,0 - 1.500.000,0 - 1.300.000,1900-01-01,06-17,NO,1
NO,15,15572,NO,ACTIVO,ND,2012-12-01,Mujer,ND,BOYACA,PUERTO BOYACA,Colombia,ND,ND,RC,SISBEN,0 - 1.500.000,0 - 1.300.000,1900-01-01,06-17,NO,1
SI,15,15572,NO,ACTIVO,AFROCOLOMBIANO – NEGRO,2012-11-01,Mujer,ND,BOYACA,PUERTO BOYACA,ND,MONETARIO,ND,CC,DESPLAZADOS,3.000.001 - 4.500.000,0 - 1.300.000,2018-01-01,50-65,SI,1
,15,15572,NO,ACTIVO,ND,2012-12-01,Hombre,SIN ESPECIFICAR,BOYACA,PUERTO BOYACA,ND,ND,EDUCACIÓN SECUNDARIA,CC,UNIDOS,0 - 1.500.000,0 - 1.300.000,1900-01-01,18-29,NO,1
NO,15,15572,NO,ACTIVO,ND,2012-12-01,Hombre,ND,BOYACA,PUERTO BOYACA,ND,ND,NUTRICIÓN MENOR,RC,UNIDOS,0 - 1.500.000,0 - 1.300.000,1900-01-01,06-17,NO,2
NO,15,15572,NO,ACTIVO,ND,2014-02-01,Mujer,ND,BOYACA,PUERTO BOYACA,ND,MONETARIO,ND,CC,DESPLAZADOS,0 - 1.500.000,0 - 1.300.000,2018-01-01,30-49,SI,1
NO,15,15572,NO,NO ACTIVO,ND,2013-06-01,Hombre,ND,BOYACA,PUERTO BOYACA,ND,ND,EDUCACIÓN SECUNDARIA,TI,ND,0 - 1.500.000,0 - 1.300.000,1900-01-01,18-29,NO,1
NO,15,15572,NO,ACTIVO,ND,2015-06-01,Hombre,ND,BOYACA,PUERTO BOYACA,ND,ND,NUTRICIÓN MENOR,RC,UNIDOS,0 - 1.500.000,0 - 1.300.000,1900-01-01,06-17,NO,1
NO,15,15572,NO,NO ACTIVO,ND,2012-12-01,Mujer,ND,BOYACA,PUERTO BOYACA,Colombia,MONETARIO,ND,CC,ND,1.500.001 - 3.000.000,0 - 1.300.000,2014-01-01,30-49,SI,1
NO,15,15572,NO,ACTIVO,ND,2015-07-01,Mujer,ND,BOYACA,PUERTO BOYACA,ND,ND,ND,RC,SISBEN,0 - 1.500.000,0 - 1.300.000,1900-01-01,06-17,NO,1
NO,15,15572,NO,ACTIVO,ROM O GITANO,2012-12-01,Mujer,PRIMARIA,BOYACA,PUERTO BOYACA,ND,ND,EDUCACIÓN PRIMARIA,TI,SISBEN,0 - 1.500.000,0 - 1.300.000,1900-01-01,06-17,NO,1
NO,15,15572,NO,ACTIVO,ND,2015-08-01,Hombre,ND,BOYACA,PUERTO BOYACA,ND,ND,NUTRICIÓN MENOR,RC,SISBEN,0 - 1.500.000,0 - 1.300.000,1900-01-01,06-17,NO,4
NO,15,15572,NO,NO ACTIVO,ND,2012-12-01,Hombre,ND,BOYACA,PUERTO BOYACA,Colombia,ND,EDUCACIÓN SECUNDARIA,TI,ND,0 - 1.500.000,0 - 1.300.000,1900-01-01,18-29,NO,156
NO,15,15572,NO,ACTIVO,ND,2013-11-01,Hombre,PRIMARIA,BOYACA,PUERTO BOYACA,ND,ND,EDUCACIÓN PRIMARIA,TI,DESPLAZADOS,0 - 1.500.000,0 - 1.300.000,1900-01-01,06-17,NO,1
NO,15,15572,NO,ACTIVO,ND,2016-07-01,Hombre,ND,BOYACA,PUERTO BOYACA,ND,ND,NUTRICIÓN MENOR,RC,UNIDOS,0 - 1.500.000,0 - 1.300.000,1900-01-01,06-17,NO,1
NO,15,15572,SI,ACTIVO,ND,2012-12-01,Hombre,TRANSICION,BOYACA,PUERTO BOYACA,ND,ND,TRANSICIÓN,RC,UNIDOS,0 - 1.500.000,0 - 1.300.000,1900-01-01,06-17,NO,1
ND,15,15572,NO,ACTIVO,ND,2012-12-01,Hombre,ND,BOYACA,PUERTO BOYACA,Colombia,ND,ND,RC,UNIDOS,0 - 1.500.000,0 - 1.300.000,1900-01-01,06-17,NO,1
NO,15,15572,NO,ACTIVO,ND,2017-01-01,Hombre,ND,BOYACA,PUERTO BOYACA,ND,ND,ND,TI,SISBEN,0 - 1.500.000,0 - 1.300.000,1900-01-01,06-17,NO,1
NO,15,15572,NO,NO ACTIVO,ND,2015-07-01,Hombre,ND,BOYACA,PUERTO BOYACA,ND,MONETARIO,ND,CC,DESPLAZADOS,0 - 1.500.000,0 - 1.300.000,2016-01-01,30-49,NO,1
NO,15,15572,NO,ACTIVO,ND,2015-10-01,Hombre,TRANSICION,BOYACA,PUERTO BOYACA,ND,ND,TRANSICIÓNNUTRICIÓN MENOR,RC,SISBEN,0 - 1.500.000,0 - 1.300.000,1900-01-01,06-17,NO,1
SI,15,15572,NO,ACTIVO,ND,2013-06-01,Mujer,ND,BOYACA,PUERTO BOYACA,ND,MONETARIO,NUTRICIÓN,CC,DESPLAZADOS,> 6.000.001,0 - 1.300.000,2018-01-01,30-49,SI,1
NO,15,15572,NO,ACTIVO,ND,2017-10-01,Hombre,ND,BOYACA,PUERTO BOYACA,ND,ND,NUTRICIÓN MENOR,RC,UNIDOS,0 - 1.500.000,0 - 1.300.000,1900-01-01,06-17,NO,1
NO,15,15572,NO,ACTIVO,ND,2018-01-01,Hombre,ND,BOYACA,PUERTO BOYACA,ND,ND,ND,RC,UNIDOS,0 - 1.500.000,0 - 1.300.000,1900-01-01,06-17,NO,2
NO,15,15572,NO,ACTIVO,ND,2012-12-01,Mujer,ND,BOYACA,PUERTO BOYACA,ND,ND,ND,CC,SISBEN,0 - 1.500.000,0 - 1.300.000,2015-01-01,50-65,SI,1
NO,15,15572,NO,ACTIVO,ND,2013-01-01,Hombre,ND,BOYACA,PUERTO BOYACA,ND,ND,ND,CC,DESPLAZADOS,0 - 1.500.000,0 - 1.300.000,1900-01-01,18-29,NO,1
NO,15,15572,NO,ACTIVO,ND,2013-12-01,Hombre,SECUNDARIA,BOYACA,PUERTO BOYACA,ND,ND,EDUCACIÓN SECUNDARIA,TI,DESPLAZADOS,0 - 1.500.000,0 - 1.300.000,1900-01-01,18-29,NO,2
NO,15,15572,NO,ACTIVO,ND,2016-07-01,Mujer,ND,BOYACA,PUERTO BOYACA,ND,ND,NUTRICIÓN MENOR,RC,SISBEN,0 - 1.500.000,0 - 1.300.000,1900-01-01,06-17,NO,4
NO,15,15572,NO,ACTIVO,ND,2012-12-01,Mujer,ND,BOYACA,PUERTO BOYACA,ND,MONETARIO,ND,CC,UNIDOS,1.500.001 - 3.000.000,0 - 1.300.000,2018-01-01,30-49,SI,1
SI,15,15572,NO,ACTIVO,AFROCOLOMBIANO – NEGRO,2012-12-01,Mujer,ND,BOYACA,PUERTO BOYACA,ND,MONETARIO,ND,CC,SISBEN,3.000.001 - 4.500.000,0 - 1.300.000,2018-01-01,30-49,SI,1
SI,15,15572,NO,NO ACTIVO,ND,2012-12-01,Mujer,ND,BOYACA,PUERTO BOYACA,Colombia,MONETARIO,ND,CC,DESPLAZADOS,0 - 1.500.000,0 - 1.300.000,2013-01-01,30-49,SI,1
NO,15,15572,NO,ACTIVO,ND,2012-12-01,Hombre,ND,BOYACA,PUERTO BOYACA,Colombia,ND,ND,TI,DESPLAZADOS,0 - 1.500.000,0 - 1.300.000,1900-01-01,18-29,NO,1
NO,15,15572,NO,ACTIVO,ND,2016-08-01,Hombre,TRANSICION,BOYACA,PUERTO BOYACA,ND,ND,TRANSICIÓNNUTRICIÓN MENOR,RC,SISBEN,0 - 1.500.000,0 - 1.300.000,1900-01-01,06-17,NO,1
SI,15,15572,NO,ACTIVO,ND,2014-07-01,Mujer,ND,BOYACA,PUERTO BOYACA,ND,MONETARIO,ND,CC,DESPLAZADOS,3.000.001 - 4.500.000,0 - 1.300.000,2018-01-01,50-65,SI,1
SI,15,15572,NO,ACTIVO,ROM O GITANO,2012-12-01,Mujer,ND,BOYACA,PUERTO BOYACA,ND,MONETARIO,ND,CC,UNIDOS,0 - 1.500.000,0 - 1.300.000,2018-01-01,50-65,SI,1
SI,15,15572,NO,ACTIVO,ND,2014-03-01,Hombre,ND,BOYACA,PUERTO BOYACA,ND,MONETARIO,ND,CC,SISBEN,3.000.001 - 4.500.000,0 - 1.300.000,2018-01-01,30-49,SI,1
NO,15,15572,NO,NO ACTIVO,ND,2012-12-01,Mujer,ND,BOYACA,PUERTO BOYACA,ND,MONETARIO,ND,CC,SISBEN,3.000.001 - 4.500.000,0 - 1.300.000,2017-01-01,30-49,SI,1
NO,15,15572,NO,ACTIVO,ND,2012-11-01,Mujer,TRANSICION,BOYACA,PUERTO BOYACA,ND,ND,TRANSICIÓNNUTRICIÓN MENOR,RC,SISBEN,0 - 1.500.000,0 - 1.300.000,1900-01-01,06-17,NO,1
SI,15,15572,NO,NO ACTIVO,ND,2012-12-01,Hombre,ND,BOYACA,PUERTO BOYACA,ND,MONETARIO,ND,TI,SISBEN,0 - 1.500.000,0 - 1.300.000,2015-01-01,18-29,SI,1
NO,15,15572,NO,ACTIVO,ND,2017-09-01,Hombre,ND,BOYACA,PUERTO BOYACA,ND,ND,NUTRICIÓN MENOR,RC,UNIDOS,0 - 1.500.000,0 - 1.300.000,1900-01-01,06-17,NO,3
NO,15,15572,NO,ACTIVO,ND,2012-12-01,Mujer,SECUNDARIA,BOYACA,PUERTO BOYACA,ND,ND,EDUCACIÓN SECUNDARIA,CC,UNIDOS,0 - 1.500.000,0 - 1.300.000,1900-01-01,18-29,NO,15
SI,15,15572,NO,ACTIVO,ND,2017-05-01,Mujer,ND,BOYACA,PUERTO BOYACA,Colombia,MONETARIO,ND,CC,DESPLAZADOS,0 - 1.500.000,0 - 1.300.000,2018-01-01,30-49,SI,1
NO,15,15572,NO,NO ACTIVO,ND,2012-12-01,Mujer,ND,BOYACA,PUERTO BOYACA,ND,MONETARIO,ND,CC,SISBEN,4.500.001 - 6.000.000,0 - 1.300.000,2017-01-01,18-29,SI,1
NO,15,15572,NO,ACTIVO,ND,2015-12-01,Hombre,ND,BOYACA,PUERTO BOYACA,ND,ND,NUTRICIÓN MENOR,RC,DESPLAZADOS,0 - 1.500.000,0 - 1.300.000,1900-01-01,06-17,NO,1
SI,15,15572,NO,NO ACTIVO,ND,2012-12-01,Hombre,ND,BOYACA,PUERTO BOYACA,ND,MONETARIO,ND,TI,UNIDOS,0 - 1.500.000,0 - 1.300.000,2015-01-01,18-29,SI,1
NO,15,15572,NO,ACTIVO,ND,2015-03-01,Hombre,PRIMARIA,BOYACA,PUERTO BOYACA,ND,ND,EDUCACIÓN PRIMARIA,TI,UNIDOS,0 - 1.500.000,0 - 1.300.000,1900-01-01,06-17,NO,1
SI,15,15572,NO,ACTIVO,ND,2012-12-01,Mujer,ND,BOYACA,PUERTO BOYACA,ND,MONETARIO,ND,CC,DESPLAZADOS,3.000.001 - 4.500.000,0 - 1.300.000,2018-01-01,30-49,SI,1
SI,15,15572,NO,NO ACTIVO,ND,2012-12-01,Mujer,ND,BOYACA,PUERTO BOYACA,Colombia,MONETARIO,NUTRICIÓN,CC,ND,0 - 1.500.000,0 - 1.300.000,2014-01-01,30-49,SI,2
ND,15,15572,NO,NO ACTIVO,ND,2012-12-01,Hombre,ND,BOYACA,PUERTO BOYACA,COLOMBIA,ND,ND,CC,SISBEN,0 - 1.500.000,0 - 1.300.000,1900-01-01,18-29,NO,1
NO,15,15572,NO,ACTIVO,ND,2015-11-01,Hombre,TRANSICION,BOYACA,PUERTO BOYACA,ND,ND,TRANSICIÓNNUTRICIÓN MENOR,RC,DESPLAZADOS,0 - 1.500.000,0 - 1.300.000,1900-01-01,06-17,NO,1
,15,15572,NO,ACTIVO,ND,2017-03-01,Hombre,SIN ESPECIFICAR,BOYACA,PUERTO BOYACA,ND,ND,EDUCACIÓN SECUNDARIA,CC,DESPLAZADOS,0 - 1.500.000,0 - 1.300.000,1900-01-01,18-29,NO,1
NO,15,15572,NO,ACTIVO,ND,2012-12-01,Mujer,SECUNDARIA,BOYACA,PUERTO BOYACA,ND,ND,EDUCACIÓN PRIMARIA,TI,DESPLAZADOS,0 - 1.500.000,0 - 1.300.000,1900-01-01,18-29,NO,1
NO,15,15572,NO,ACTIVO,ND,2016-09-01,Hombre,ND,BOYACA,PUERTO BOYACA,ND,ND,NUTRICIÓN MENOR,RC,DESPLAZADOS,0 - 1.500.000,0 - 1.300.000,1900-01-01,06-17,NO,2
SI,15,15572,NO,ACTIVO,ND,2013-01-01,Mujer,ND,BOYACA,PUERTO BOYACA,ND,MONETARIO,ND,CC,SISBEN,1.500.001 - 3.000.000,0 - 1.300.000,2018-01-01,30-49,SI,1
NO,15,15572,NO,ACTIVO,ND,2012-12-01,Mujer,ND,BOYACA,PUERTO BOYACA,ND,MONETARIO,ND,CC,UNIDOS,1.500.001 - 3.000.000,0 - 1.300.000,2018-01-01,50-65,SI,1
SI,15,15572,NO,NO ACTIVO,ROM O GITANO,2012-12-01,Mujer,ND,BOYACA,PUERTO BOYACA,ND,MONETARIO,ND,CC,UNIDOS,0 - 1.500.000,0 - 1.300.000,2016-01-01,>65,SI,1
ND,15,15572,NO,ACTIVO,ND,2014-08-01,Mujer,ND,BOYACA,PUERTO BOYACA,ND,ND,EDUCACIÓN SECUNDARIA,TI,DESPLAZADOS,0 - 1.500.000,0 - 1.300.000,1900-01-01,18-29,NO,1
NO,15,15572,NO,ACTIVO,ND,2012-12-01,Hombre,ND,BOYACA,PUERTO BOYACA,ND,ND,EDUCACIÓN SECUNDARIA,TI,UNIDOS,0 - 1.500.000,0 - 1.300.000,1900-01-01,18-29,NO,1
NO,15,15572,NO,ACTIVO,ND,2017-03-01,Hombre,ND,BOYACA,PUERTO BOYACA,ND,ND,NUTRICIÓN MENOR,RC,SISBEN,0 - 1.500.000,0 - 1.300.000,1900-01-01,06-17,NO,1
SI,15,15572,NO,NO ACTIVO,ND,2012-12-01,Mujer,ND,BOYACA,PUERTO BOYACA,ND,MONETARIO,ND,CC,UNIDOS,0 - 1.500.000,0 - 1.300.000,2017-01-01,50-65,SI,1
SI,15,15572,NO,ACTIVO,ND,2012-12-01,Mujer,ND,BOYACA,PUERTO BOYACA,ND,MONETARIO,ND,CC,SISBEN,1.500.001 - 3.000.000,0 - 1.300.000,2018-01-01,50-65,SI,3
SI,15,15572,NO,ACTIVO,ND,2012-12-01,Hombre,ND,BOYACA,PUERTO BOYACA,ND,MONETARIO,ND,CC,UNIDOS,1.500.001 - 3.000.000,0 - 1.300.000,2018-01-01,50-65,SI,1
NO,15,15572,NO,ACTIVO,ND,2012-12-01,Hombre,ND,BOYACA,PUERTO BOYACA,ND,MONETARIO,ND,CC,SISBEN,0 - 1.500.000,0 - 1.300.000,2018-01-01,50-65,SI,1
NO,15,15572,NO,ACTIVO,ND,2018-01-01,Mujer,ND,BOYACA,PUERTO BOYACA,ND,ND,NUTRICIÓN MENOR,RC,SISBEN,0 - 1.500.000,0 - 1.300.000,1900-01-01,06-17,NO,2
NO,15,15572,NO,ACTIVO,ND,2012-12-01,Hombre,ND,BOYACA,PUERTO BOYACA,ND,MONETARIO,ND,CC,UNIDOS,1.500.001 - 3.000.000,0 - 1.300.000,2018-01-01,30-49,SI,1
NO,15,15572,NO,ACTIVO,ND,2013-04-01,Hombre,ND,BOYACA,PUERTO BOYACA,Colombia,ND,ND,TI,SISBEN,0 - 1.500.000,0 - 1.300.000,1900-01-01,18-29,NO,1
NO,15,15572,NO,ACTIVO,ND,2012-12-01,Hombre,ND,BOYACA,PUERTO BOYACA,ND,MONETARIO,ND,CC,DESPLAZADOS,1.500.001 - 3.000.000,0 - 1.300.000,2018-01-01,>65,SI,1
ND,15,15572,ND,ACTIVO,ND,2012-12-01,Mujer,ND,BOYACA,PUERTO BOYACA,COLOMBIA,ND,ND,RC,UNIDOS,0 - 1.500.000,0 - 1.300.000,1900-01-01,06-17,NO,1
NO,15,15572,NO,ACTIVO,ND,2016-02-01,Hombre,ND,BOYACA,PUERTO BOYACA,ND,ND,NUTRICIÓN MENOR,RC,SISBEN,0 - 1.500.000,0 - 1.300.000,1900-01-01,06-17,NO,6
NO,15,15572,NO,NO ACTIVO,ND,2016-08-01,Hombre,ND,BOYACA,PUERTO BOYACA,ND,ND,ND,RC,SISBEN,0 - 1.500.000,0 - 1.300.000,1900-01-01,06-17,NO,1
ND,15,15572,NO,ACTIVO,ND,2012-12-01,Mujer,ND,BOYACA,PUERTO BOYACA,ND,ND,EDUCACIÓN SECUNDARIA,TI,UNIDOS,0 - 1.500.000,0 - 1.300.000,1900-01-01,18-29,NO,1
NO,15,15572,NO,ACTIVO,ND,2013-12-01,Hombre,PRIMARIA,BOYACA,PUERTO BOYACA,ND,ND,EDUCACIÓN PRIMARIA,TI,DESPLAZADOS,0 - 1.500.000,0 - 1.300.000,1900-01-01,06-17,NO,1
NO,15,15572,NO,NO ACTIVO,AFROCOLOMBIANO – NEGRO,2015-07-01,Hombre,ND,BOYACA,PUERTO BOYACA,ND,ND,ND,CC,UNIDOS,0 - 1.500.000,0 - 1.300.000,1900-01-01,18-29,NO,1
ND,15,15572,NO,ACTIVO,ND,2012-12-01,Hombre,ND,BOYACA,PUERTO BOYACA,Colombia,ND,EDUCACIÓN PRIMARIA,RC,UNIDOS,0 - 1.500.000,0 - 1.300.000,1900-01-01,06-17,NO,3
NO,15,15572,NO,ACTIVO,AFROCOLOMBIANO – NEGRO,2012-12-01,Mujer,ND,BOYACA,PUERTO BOYACA,ND,MONETARIO,ND,CC,UNIDOS,3.000.001 - 4.500.000,0 - 1.300.000,2018-01-01,50-65,SI,1
SI,15,15572,NO,ACTIVO,ND,2016-09-01,Mujer,ND,BOYACA,PUERTO BOYACA,ND,MONETARIO,ND,CC,DESPLAZADOS,0 - 1.500.000,0 - 1.300.000,2018-01-01,30-49,SI,1
SI,15,15572,NO,ACTIVO,ND,2012-12-01,Mujer,ND,BOYACA,PUERTO BOYACA,ND,MONETARIO,ND,CC,SISBEN,1.500.001 - 3.000.000,0 - 1.300.000,2018-01-01,30-49,SI,3
NO,15,15572,NO,ACTIVO,ND,2013-10-01,Mujer,PRIMARIA,BOYACA,PUERTO BOYACA,ND,ND,EDUCACIÓN PRIMARIA,TI,DESPLAZADOS,0 - 1.500.000,0 - 1.300.000,1900-01-01,06-17,NO,3
NO,15,15572,NO,ACTIVO,ND,2015-12-01,Hombre,TRANSICION,BOYACA,PUERTO BOYACA,ND,ND,TRANSICIÓNNUTRICIÓN MENOR,RC,DESPLAZADOS,0 - 1.500.000,0 - 1.300.000,1900-01-01,06-17,NO,1
NO,15,15572,NO,ACTIVO,ND,2012-12-01,Mujer,ND,BOYACA,PUERTO BOYACA,ND,MONETARIO,ND,CC,DESPLAZADOS,0 - 1.500.000,0 - 1.300.000,2018-01-01,50-65,SI,1
SI,15,15572,NO,ACTIVO,ND,2012-12-01,Mujer,ND,BOYACA,PUERTO BOYACA,ND,MONETARIO,ND,CC,DESPLAZADOS,4.500.001 - 6.000.000,0 - 1.300.000,2018-01-01,18-29,SI,1
NO,15,15572,NO,ACTIVO,ND,2016-10-01,Mujer,ND,BOYACA,PUERTO BOYACA,ND,ND,NUTRICIÓN MENOR,RC,DESPLAZADOS,0 - 1.500.000,0 - 1.300.000,1900-01-01,06-17,NO,1
SI,15,15572,NO,ACTIVO,ND,2016-12-01,Mujer,ND,BOYACA,PUERTO BOYACA,ND,MONETARIO,ND,CC,DESPLAZADOS,0 - 1.500.000,0 - 1.300.000,2018-01-01,50-65,SI,1
NO,15,15572,NO,ACTIVO,ND,2017-08-01,Hombre,ND,BOYACA,PUERTO BOYACA,ND,ND,NUTRICIÓN MENOR,RC,UNIDOS,0 - 1.500.000,0 - 1.300.000,1900-01-01,06-17,NO,1
NO,15,15572,SI,ACTIVO,ND,2016-09-01,Mujer,ND,BOYACA,PUERTO BOYACA,ND,ND,ND,TI,DESPLAZADOS,0 - 1.500.000,0 - 1.300.000,1900-01-01,18-29,NO,1
SI,15,15572,NO,ACTIVO,ND,2013-10-01,Mujer,ND,BOYACA,PUERTO BOYACA,ND,MONETARIO,ND,CC,UNIDOS,3.000.001 - 4.500.000,0 - 1.300.000,2018-01-01,30-49,SI,1
NO,15,15572,NO,ACTIVO,AFROCOLOMBIANO – NEGRO,2016-10-01,Mujer,PRIMARIA,BOYACA,PUERTO BOYACA,ND,ND,EDUCACIÓN PRIMARIA,TI,DESPLAZADOS,0 - 1.500.000,0 - 1.300.000,1900-01-01,06-17,NO,1
NO,15,15572,NO,ACTIVO,ND,2012-12-01,Mujer,SECUNDARIA,BOYACA,PUERTO BOYACA,ND,ND,ND,CC,UNIDOS,0 - 1.500.000,0 - 1.300.000,1900-01-01,18-29,NO,1
ND,15,15572,NO,NO ACTIVO,ND,2012-12-01,Hombre,ND,BOYACA,PUERTO BOYACA,ND,ND,ND,CC,UNIDOS,0 - 1.500.000,0 - 1.300.000,1900-01-01,18-29,NO,1
SI,15,15572,NO,ACTIVO,ND,2016-06-01,Hombre,ND,BOYACA,PUERTO BOYACA,ND,MONETARIO,ND,CC,SISBEN,0 - 1.500.000,0 - 1.300.000,2018-01-01,50-65,SI,1
NO,15,15572,NO,ACTIVO,ND,2012-12-01,Mujer,PRIMARIA,BOYACA,PUERTO BOYACA,ND,ND,EDUCACIÓN PRIMARIANUTRICIÓN MENOR,RC,UNIDOS,0 - 1.500.000,0 - 1.300.000,1900-01-01,06-17,NO,1
NO,15,15572,ND,ACTIVO,ND,2012-12-01,Mujer,ND,BOYACA,PUERTO BOYACA,Colombia,ND,EDUCACIÓN SECUNDARIA,TI,ND,0 - 1.500.000,0 - 1.300.000,1900-01-01,18-29,NO,1
NO,15,15572,NO,ACTIVO,ND,2013-06-01,Mujer,PRIMARIA,BOYACA,PUERTO BOYACA,ND,ND,EDUCACIÓN PRIMARIA,RC,DESPLAZADOS,0 - 1.500.000,0 - 1.300.000,1900-01-01,06-17,NO,1
NO,15,15572,NO,ACTIVO,ND,2013-05-01,Mujer,ND,BOYACA,PUERTO BOYACA,ND,MONETARIO,ND,CC,DESPLAZADOS,0 - 1.500.000,0 - 1.300.000,2018-01-01,30-49,SI,1
SI,15,15572,NO,ACTIVO,ND,2012-12-01,Mujer,ND,BOYACA,PUERTO BOYACA,ND,MONETARIO,ND,CC,SISBEN,1.500.001 - 3.000.000,0 - 1.300.000,2018-01-01,30-49,SI,1
ND,15,15572,ND,ACTIVO,ND,2012-12-01,Hombre,ND,BOYACA,PUERTO BOYACA,Colombia,ND,EDUCACIÓN PRIMARIA,RC,UNIDOS,0 - 1.500.000,0 - 1.300.000,1900-01-01,06-17,NO,1
NO,15,15572,NO,ACTIVO,ND,2012-10-01,Mujer,PRIMARIA,BOYACA,PUERTO BOYACA,ND,ND,EDUCACIÓN PRIMARIA,TI,DESPLAZADOS,0 - 1.500.000,0 - 1.300.000,1900-01-01,06-17,NO,3
NO,15,15572,NO,ACTIVO,ND,2014-11-01,Mujer,ND,BOYACA,PUERTO BOYACA,ND,MONETARIO,ND,CC,DESPLAZADOS,1.500.001 - 3.000.000,0 - 1.300.000,2018-01-01,>65,SI,1
ND,15,15572,NO,NO ACTIVO,ND,2012-12-01,Hombre,ND,BOYACA,PUERTO BOYACA,ND,ND,ND,TI,DESPLAZADOS,0 - 1.500.000,0 - 1.300.000,1900-01-01,18-29,NO,1
NO,15,15572,NO,ACTIVO,ND,2012-12-01,Hombre,SECUNDARIA,BOYACA,PUERTO BOYACA,ND,ND,ND,TI,UNIDOS,0 - 1.500.000,0 - 1.300.000,1900-01-01,18-29,NO,12
NO,15,15572,NO,ACTIVO,ND,2015-03-01,Hombre,TRANSICION,BOYACA,PUERTO BOYACA,ND,ND,TRANSICIÓNNUTRICIÓN MENOR,RC,DESPLAZADOS,0 - 1.500.000,0 - 1.300.000,1900-01-01,06-17,NO,1
NO,15,15572,NO,ACTIVO,ND,2014-03-01,Hombre,ND,BOYACA,PUERTO BOYACA,ND,MONETARIO,ND,CC,SISBEN,3.000.001 - 4.500.000,0 - 1.300.000,2018-01-01,50-65,SI,1
NO,15,15572,NO,ACTIVO,ND,2015-11-01,Mujer,ND,BOYACA,PUERTO BOYACA,ND,ND,NUTRICIÓN MENOR,RC,SISBEN,0 - 1.500.000,0 - 1.300.000,1900-01-01,06-17,NO,2
NO,15,15572,NO,NO ACTIVO,ND,2012-12-01,Mujer,ND,BOYACA,PUERTO BOYACA,Colombia,MONETARIO,ND,CC,ND,0 - 1.500.000,0 - 1.300.000,2014-01-01,30-49,SI,1
NO,15,15572,NO,ACTIVO,ND,2012-12-01,Hombre,ND,BOYACA,PUERTO BOYACA,Colombia,ND,EDUCACIÓN SECUNDARIA,TI,SISBEN,0 - 1.500.000,0 - 1.300.000,1900-01-01,18-29,NO,1
NO,15,15572,NO,ACTIVO,ND,2012-12-01,Mujer,ND,BOYACA,PUERTO BOYACA,ND,MONETARIO,ND,CC,UNIDOS,0 - 1.500.000,0 - 1.300.000,2014-01-01,50-65,NO,1
SI,15,15572,NO,ACTIVO,ND,2012-12-01,Mujer,ND,BOYACA,PUERTO BOYACA,ND,MONETARIO,ND,CC,SISBEN,1.500.001 - 3.000.000,0 - 1.300.000,2018-01-01,>65,SI,1
NO,15,15572,NO,ACTIVO,AFROCOLOMBIANO – NEGRO,2015-03-01,Hombre,ND,BOYACA,PUERTO BOYACA,ND,ND,NUTRICIÓN MENOR,RC,DESPLAZADOS,0 - 1.500.000,0 - 1.300.000,1900-01-01,06-17,NO,1
NO,15,15572,NO,ACTIVO,ND,2016-07-01,Mujer,ND,BOYACA,PUERTO BOYACA,ND,ND,NUTRICIÓN MENOR,RC,UNIDOS,0 - 1.500.000,0 - 1.300.000,1900-01-01,06-17,NO,2
SI,15,15572,NO,ACTIVO,ND,2012-12-01,Mujer,ND,BOYACA,PUERTO BOYACA,ND,MONETARIO,ND,CC,UNIDOS,3.000.001 - 4.500.000,0 - 1.300.000,2018-01-01,>65,SI,1
SI,15,15572,NO,ACTIVO,ND,2012-11-01,Mujer,ND,BOYACA,PUERTO BOYACA,ND,MONETARIO,ND,CC,SISBEN,4.500.001 - 6.000.000,0 - 1.300.000,2018-01-01,30-49,SI,1
NO,15,15572,NO,ACTIVO,ND,2012-12-01,Mujer,ND,BOYACA,PUERTO BOYACA,Colombia,ND,EDUCACIÓN PRIMARIANUTRICIÓN MENOR,RC,ND,0 - 1.500.000,0 - 1.300.000,1900-01-01,06-17,NO,1
NO,15,15572,NO,ACTIVO,ND,2016-11-01,Hombre,ND,BOYACA,PUERTO BOYACA,ND,ND,NUTRICIÓN MENOR,RC,DESPLAZADOS,0 - 1.500.000,0 - 1.300.000,1900-01-01,06-17,NO,2
NO,15,15572,NO,ACTIVO,ND,2015-03-01,Hombre,ND,BOYACA,PUERTO BOYACA,ND,ND,ND,RC,SISBEN,0 - 1.500.000,0 - 1.300.000,1900-01-01,06-17,NO,3
NO,15,15572,NO,NO ACTIVO,ND,2012-12-01,Hombre,ND,BOYACA,PUERTO BOYACA,ND,ND,TRANSICIÓN,RC,ND,0 - 1.500.000,0 - 1.300.000,1900-01-01,06-17,NO,2
SI,15,15572,NO,ACTIVO,ND,2014-07-01,Mujer,ND,BOYACA,PUERTO BOYACA,ND,MONETARIO,ND,CC,SISBEN,1.500.001 - 3.000.000,0 - 1.300.000,2018-01-01,50-65,SI,1
NO,15,15572,NO,ACTIVO,ND,2016-04-01,Mujer,PRIMARIA,BOYACA,PUERTO BOYACA,ND,ND,EDUCACIÓN PRIMARIA,TI,DESPLAZADOS,0 - 1.500.000,0 - 1.300.000,1900-01-01,06-17,NO,1
NO,15,15572,NO,ACTIVO,AFROCOLOMBIANO – NEGRO,2012-12-01,Mujer,ND,BOYACA,PUERTO BOYACA,Colombia,ND,EDUCACIÓN SECUNDARIA,TI,DESPLAZADOS,0 - 1.500.000,0 - 1.300.000,1900-01-01,18-29,NO,1
NO,15,15572,NO,NO ACTIVO,AFROCOLOMBIANO – NEGRO,2012-12-01,Mujer,SECUNDARIA,BOYACA,PUERTO BOYACA,ND,ND,ND,TI,DESPLAZADOS,0 - 1.500.000,0 - 1.300.000,1900-01-01,18-29,NO,1
,15,15572,ND,ACTIVO,ND,2017-02-01,Hombre,ND,BOYACA,PUERTO BOYACA,COLOMBIA,ND,ND,RC,DESPLAZADOS,0 - 1.500.000,0 - 1.300.000,1900-01-01,06-17,NO,1
NO,15,15572,NO,ACTIVO,ND,2013-10-01,Mujer,ND,BOYACA,PUERTO BOYACA,ND,ND,ND,CC,UNIDOS,0 - 1.500.000,0 - 1.300.000,1900-01-01,18-29,NO,1
NO,15,15572,NO,ACTIVO,ND,2015-05-01,Mujer,TRANSICION,BOYACA,PUERTO BOYACA,ND,ND,TRANSICIÓNNUTRICIÓN MENOR,RC,SISBEN,0 - 1.500.000,0 - 1.300.000,1900-01-01,06-17,NO,3
SI,15,15572,NO,ACTIVO,AFROCOLOMBIANO – NEGRO,2012-12-01,Hombre,ND,BOYACA,PUERTO BOYACA,ND,MONETARIO,ND,CC,UNIDOS,3.000.001 - 4.500.000,0 - 1.300.000,2018-01-01,30-49,SI,1
NO,15,15572,NO,NO ACTIVO,ND,2012-12-01,Hombre,ND,BOYACA,PUERTO BOYACA,ND,ND,ND,RC,SISBEN,0 - 1.500.000,0 - 1.300.000,1900-01-01,06-17,NO,4
NO,15,15572,NO,ACTIVO,ND,2017-10-01,Mujer,ND,BOYACA,PUERTO BOYACA,ND,ND,NUTRICIÓN MENOR,RC,DESPLAZADOS,0 - 1.500.000,0 - 1.300.000,1900-01-01,06-17,NO,1
NO,15,15572,NO,ACTIVO,ND,2016-09-01,Mujer,TRANSICION,BOYACA,PUERTO BOYACA,ND,ND,TRANSICIÓNNUTRICIÓN MENOR,RC,SISBEN,0 - 1.500.000,0 - 1.300.000,1900-01-01,06-17,NO,1
SI,15,15572,NO,ACTIVO,ND,2017-02-01,Mujer,ND,BOYACA,PUERTO BOYACA,ND,MONETARIO,NUTRICIÓN,CC,DESPLAZADOS,1.500.001 - 3.000.000,0 - 1.300.000,2018-01-01,30-49,SI,1
NO,15,15572,NO,NO ACTIVO,ROM O GITANO,2012-12-01,Hombre,ND,BOYACA,PUERTO BOYACA,ND,ND,ND,TI,UNIDOS,0 - 1.500.000,0 - 1.300.000,1900-01-01,18-29,NO,4
NO,15,15572,NO,NO ACTIVO,AFROCOLOMBIANO – NEGRO,2012-12-01,Mujer,ND,BOYACA,PUERTO BOYACA,ND,ND,ND,TI,SISBEN,0 - 1.500.000,0 - 1.300.000,1900-01-01,18-29,NO,6
SI,15,15572,NO,NO ACTIVO,ND,2012-12-01,Mujer,ND,BOYACA,PUERTO BOYACA,ND,MONETARIO,ND,CC,UNIDOS,0 - 1.500.000,0 - 1.300.000,2018-01-01,50-65,NO,1
SI,15,15572,NO,ACTIVO,ND,2012-12-01,Mujer,ND,BOYACA,PUERTO BOYACA,ND,MONETARIO,ND,CC,SISBEN,4.500.001 - 6.000.000,0 - 1.300.000,2018-01-01,18-29,SI,1
NO,15,15572,NO,ACTIVO,ND,2017-01-01,Mujer,PRIMARIA,BOYACA,PUERTO BOYACA,ND,ND,EDUCACIÓN PRIMARIA,RC,DESPLAZADOS,0 - 1.500.000,0 - 1.300.000,1900-01-01,06-17,NO,1
SI,15,15572,NO,NO ACTIVO,ND,2012-12-01,Hombre,ND,BOYACA,PUERTO BOYACA,Colombia,MONETARIO,ND,CC,SISBEN,0 - 1.500.000,0 - 1.300.000,2015-01-01,50-65,SI,1
NO,15,15572,NO,ACTIVO,ND,2015-08-01,Hombre,ND,BOYACA,PUERTO BOYACA,ND,ND,NUTRICIÓN MENOR,RC,DESPLAZADOS,0 - 1.500.000,0 - 1.300.000,1900-01-01,06-17,NO,3
NO,15,15572,NO,NO ACTIVO,ND,2012-12-01,Mujer,ND,BOYACA,PUERTO BOYACA,ND,MONETARIO,ND,CC,UNIDOS,1.500.001 - 3.000.000,0 - 1.300.000,2018-01-01,18-29,SI,1
NO,15,15572,NO,ACTIVO,ND,2014-05-01,Mujer,SECUNDARIA,BOYACA,PUERTO BOYACA,ND,ND,EDUCACIÓN SECUNDARIA,TI,DESPLAZADOS,0 - 1.500.000,0 - 1.300.000,1900-01-01,18-29,NO,2
ND,15,15572,NO,NO ACTIVO,ND,2012-12-01,Mujer,ND,BOYACA,PUERTO BOYACA,Colombia,MONETARIO,NUTRICIÓN,CC,ND,1.500.001 - 3.000.000,0 - 1.300.000,2014-01-01,30-49,SI,1
SI,15,15572,NO,ACTIVO,ND,2013-05-01,Mujer,ND,BOYACA,PUERTO BOYACA,ND,MONETARIO,ND,CC,UNIDOS,1.500.001 - 3.000.000,0 - 1.300.000,2018-01-01,50-65,SI,1
NO,15,15572,NO,ACTIVO,ND,2016-06-01,Hombre,TRANSICION,BOYACA,PUERTO BOYACA,ND,ND,TRANSICIÓNNUTRICIÓN MENOR,RC,DESPLAZADOS,0 - 1.500.000,0 - 1.300.000,1900-01-01,06-17,NO,1
SI,15,15572,NO,ACTIVO,ND,2014-03-01,Mujer,ND,BOYACA,PUERTO BOYACA,ND,MONETARIO,ND,CC,SISBEN,0 - 1.500.000,0 - 1.300.000,2018-01-01,>65,SI,1
SI,15,15572,NO,ACTIVO,ND,2016-03-01,Mujer,ND,BOYACA,PUERTO BOYACA,ND,MONETARIO,NUTRICIÓN,CC,DESPLAZADOS,1.500.001 - 3.000.000,0 - 1.300.000,2018-01-01,18-29,SI,1
ND,15,15572,NO,ACTIVO,ND,2012-10-01,Mujer,ND,BOYACA,PUERTO BOYACA,ND,MONETARIO,ND,CC,DESPLAZADOS,> 6.000.001,0 - 1.300.000,2018-01-01,30-49,SI,1
SI,15,15572,NO,ACTIVO,ND,2012-12-01,Hombre,ND,BOYACA,PUERTO BOYACA,ND,MONETARIO,ND,CC,UNIDOS,> 6.000.001,0 - 1.300.000,2018-01-01,30-49,SI,1
SI,15,15572,NO,ACTIVO,ND,2012-12-01,Hombre,ND,BOYACA,PUERTO BOYACA,ND,MONETARIO,ND,CC,SISBEN,0 - 1.500.000,0 - 1.300.000,2018-01-01,30-49,SI,1
NO,15,15572,SI,ACTIVO,ND,2012-12-01,Mujer,TRANSICION,BOYACA,PUERTO BOYACA,ND,ND,TRANSICIÓN,RC,SISBEN,0 - 1.500.000,0 - 1.300.000,1900-01-01,06-17,NO,1
SI,15,15572,NO,ACTIVO,ND,2016-12-01,Hombre,ND,BOYACA,PUERTO BOYACA,ND,MONETARIO,ND,CC,DESPLAZADOS,1.500.001 - 3.000.000,0 - 1.300.000,2018-01-01,30-49,SI,1
ND,15,15572,NO,ACTIVO,ND,2012-10-01,Mujer,ND,BOYACA,PUERTO BOYACA,Colombia,ND,EDUCACIÓN PRIMARIA,RC,DESPLAZADOS,0 - 1.500.000,0 - 1.300.000,1900-01-01,06-17,NO,1
NO,15,15572,NO,NO ACTIVO,ND,2012-12-01,Hombre,ND,BOYACA,PUERTO BOYACA,ND,ND,ND,RC,UNIDOS,0 - 1.500.000,0 - 1.300.000,1900-01-01,06-17,NO,1
NO,15,15572,NO,ACTIVO,ND,2018-02-01,Mujer,TRANSICION,BOYACA,PUERTO BOYACA,ND,ND,TRANSICIÓNNUTRICIÓN MENOR,RC,UNIDOS,0 - 1.500.000,0 - 1.300.000,1900-01-01,06-17,NO,1
SI,15,15572,NO,ACTIVO,AFROCOLOMBIANO – NEGRO,2012-12-01,Hombre,ND,BOYACA,PUERTO BOYACA,ND,MONETARIO,ND,CC,UNIDOS,1.500.001 - 3.000.000,0 - 1.300.000,2018-01-01,>65,SI,1
NO,15,15572,NO,NO ACTIVO,AFROCOLOMBIANO – NEGRO,2016-10-01,Mujer,PRIMARIA,BOYACA,PUERTO BOYACA,ND,ND,ND,TI,DESPLAZADOS,0 - 1.500.000,0 - 1.300.000,1900-01-01,18-29,NO,1
SI,15,15572,NO,ACTIVO,ND,2012-12-01,Mujer,ND,BOYACA,PUERTO BOYACA,ND,MONETARIO,ND,CC,UNIDOS,4.500.001 - 6.000.000,0 - 1.300.000,2018-01-01,50-65,SI,1
SI,15,15572,NO,ACTIVO,AFROCOLOMBIANO – NEGRO,2012-12-01,Mujer,ND,BOYACA,PUERTO BOYACA,ND,MONETARIO,ND,CC,UNIDOS,3.000.001 - 4.500.000,0 - 1.300.000,2018-01-01,30-49,SI,1
SI,15,15572,NO,ACTIVO,ND,2012-12-01,Hombre,ND,BOYACA,PUERTO BOYACA,ND,MONETARIO,ND,CC,DESPLAZADOS,3.000.001 - 4.500.000,0 - 1.300.000,2018-01-01,50-65,SI,1
NO,15,15572,NO,ACTIVO,AFROCOLOMBIANO – NEGRO,2012-12-01,Hombre,SECUNDARIA,BOYACA,PUERTO BOYACA,ND,ND,EDUCACIÓN SECUNDARIA,CC,UNIDOS,0 - 1.500.000,0 - 1.300.000,1900-01-01,18-29,NO,5
ND,15,15572,NO,ACTIVO,AFROCOLOMBIANO – NEGRO,2012-12-01,Mujer,ND,BOYACA,PUERTO BOYACA,ND,MONETARIO,NUTRICIÓN,TI,DESPLAZADOS,> 6.000.001,0 - 1.300.000,2018-01-01,18-29,SI,1
,15,15572,NO,ACTIVO,ND,2012-12-01,Mujer,SIN ESPECIFICAR,BOYACA,PUERTO BOYACA,ND,ND,EDUCACIÓN PRIMARIA,RC,SISBEN,0 - 1.500.000,0 - 1.300.000,1900-01-01,06-17,NO,1
SI,15,15572,NO,ACTIVO,ND,2012-12-01,Mujer,ND,BOYACA,PUERTO BOYACA,ND,MONETARIO,ND,CC,SISBEN,0 - 1.500.000,0 - 1.300.000,2018-01-01,>65,SI,1
NO,15,15572,NO,ACTIVO,ND,2012-11-01,Hombre,ND,BOYACA,PUERTO BOYACA,ND,ND,ND,TI,SISBEN,0 - 1.500.000,0 - 1.300.000,1900-01-01,18-29,NO,3
SI,15,15572,NO,NO ACTIVO,ND,2012-12-01,Mujer,ND,BOYACA,PUERTO BOYACA,Colombia,MONETARIO,NUTRICIÓN,CC,SISBEN,0 - 1.500.000,0 - 1.300.000,2014-01-01,30-49,SI,1
SI,15,15572,NO,ACTIVO,ND,2012-12-01,Mujer,ND,BOYACA,PUERTO BOYACA,ND,MONETARIO,ND,CC,SISBEN,1.500.001 - 3.000.000,0 - 1.300.000,2018-01-01,30-49,SI,2
NO,15,15572,NO,ACTIVO,ND,2012-12-01,Hombre,ND,BOYACA,PUERTO BOYACA,Colombia,ND,EDUCACIÓN PRIMARIA,TI,ND,0 - 1.500.000,0 - 1.300.000,1900-01-01,18-29,NO,3
SI,15,15572,NO,ACTIVO,AFROCOLOMBIANO – NEGRO,2012-12-01,Mujer,ND,BOYACA,PUERTO BOYACA,ND,MONETARIO,NUTRICIÓN,CC,UNIDOS,4.500.001 - 6.000.000,0 - 1.300.000,2018-01-01,30-49,SI,1
NO,15,15572,NO,NO ACTIVO,ND,2017-02-01,Hombre,ND,BOYACA,PUERTO BOYACA,Colombia,MONETARIO,ND,CC,DESPLAZADOS,0 - 1.500.000,0 - 1.300.000,2018-01-01,50-65,SI,1
NO,15,15572,SI,ACTIVO,ND,2012-12-01,Mujer,ND,BOYACA,PUERTO BOYACA,ND,ND,ND,TI,SISBEN,0 - 1.500.000,0 - 1.300.000,1900-01-01,06-17,NO,2
NO,15,15572,NO,NO ACTIVO,ND,2018-11-01,Mujer,ND,BOYACA,PUERTO BOYACA,Colombia,ND,ND,CC,DESPLAZADOS,0 - 1.500.000,0 - 1.300.000,1900-01-01,50-65,SI,1
NO,15,15572,NO,NO ACTIVO,ND,2012-12-01,Hombre,ND,BOYACA,PUERTO BOYACA,ND,ND,ND,RC,ND,0 - 1.500.000,0 - 1.300.000,1900-01-01,06-17,NO,7
SI,15,15572,NO,ACTIVO,AFROCOLOMBIANO – NEGRO,2012-12-01,Hombre,ND,BOYACA,PUERTO BOYACA,ND,MONETARIO,ND,CC,DESPLAZADOS,1.500.001 - 3.000.000,0 - 1.300.000,2018-01-01,50-65,SI,1
NO,15,15572,NO,ACTIVO,ND,2012-12-01,Mujer,ND,BOYACA,PUERTO BOYACA,ND,MONETARIO,ND,CC,SISBEN,0 - 1.500.000,0 - 1.300.000,2014-01-01,30-49,NO,1
NO,15,15572,NO,NO ACTIVO,ND,2012-12-01,Mujer,ND,BOYACA,PUERTO BOYACA,Colombia,ND,ND,TI,SISBEN,0 - 1.500.000,0 - 1.300.000,1900-01-01,18-29,NO,1
NO,15,15572,NO,ACTIVO,ND,2012-12-01,Mujer,ND,BOYACA,PUERTO BOYACA,ND,MONETARIO,ND,CC,SISBEN,1.500.001 - 3.000.000,0 - 1.300.000,2018-01-01,50-65,SI,1
SI,15,15572,NO,NO ACTIVO,ND,2012-11-01,Mujer,ND,BOYACA,PUERTO BOYACA,Colombia,MONETARIO,ND,CC,SISBEN,0 - 1.500.000,0 - 1.300.000,2014-01-01,>65,SI,1
NO,15,15572,NO,ACTIVO,ND,2015-04-01,Hombre,ND,BOYACA,PUERTO BOYACA,ND,ND,NUTRICIÓN MENOR,RC,DESPLAZADOS,0 - 1.500.000,0 - 1.300.000,1900-01-01,06-17,NO,2
NO,15,15572,NO,ACTIVO,ND,2013-09-01,Mujer,TRANSICION,BOYACA,PUERTO BOYACA,ND,ND,TRANSICIÓNNUTRICIÓN MENOR,RC,DESPLAZADOS,0 - 1.500.000,0 - 1.300.000,1900-01-01,06-17,NO,1
NO,15,15572,NO,ACTIVO,ND,2013-11-01,Mujer,ND,BOYACA,PUERTO BOYACA,ND,ND,ND,RC,DESPLAZADOS,0 - 1.500.000,0 - 1.300.000,1900-01-01,06-17,NO,1
NO,15,15572,NO,NO ACTIVO,ND,2012-12-01,Mujer,SECUNDARIA,BOYACA,PUERTO BOYACA,ND,ND,ND,TI,UNIDOS,0 - 1.500.000,0 - 1.300.000,1900-01-01,18-29,NO,2
ND,15,15572,NO,NO ACTIVO,ND,2012-12-01,Mujer,ND,BOYACA,PUERTO BOYACA,ND,ND,ND,TI,SISBEN,0 - 1.500.000,0 - 1.300.000,1900-01-01,18-29,NO,1
SI,15,15572,NO,ACTIVO,AFROCOLOMBIANO – NEGRO,2012-12-01,Mujer,ND,BOYACA,PUERTO BOYACA,ND,MONETARIO,NUTRICIÓN,CC,SISBEN,4.500.001 - 6.000.000,0 - 1.300.000,2018-01-01,30-49,SI,1
NO,15,15572,NO,ACTIVO,ND,2017-09-01,Hombre,ND,BOYACA,PUERTO BOYACA,ND,ND,ND,CC,SISBEN,0 - 1.500.000,0 - 1.300.000,1900-01-01,30-49,NO,1
SI,15,15572,NO,NO ACTIVO,ND,2012-12-01,Mujer,ND,BOYACA,PUERTO BOYACA,COLOMBIA,MONETARIO,ND,CC,ND,0 - 1.500.000,0 - 1.300.000,2014-01-01,30-49,SI,1
NO,15,15572,NO,NO ACTIVO,ND,2012-12-01,Mujer,ND,BOYACA,PUERTO BOYACA,Colombia,ND,EDUCACIÓN PRIMARIANUTRICIÓN MENOR,RC,ND,0 - 1.500.000,0 - 1.300.000,1900-01-01,06-17,NO,16
NO,15,15572,NO,ACTIVO,ND,2016-07-01,Mujer,ND,BOYACA,PUERTO BOYACA,ND,ND,NUTRICIÓN MENOR,RC,DESPLAZADOS,0 - 1.500.000,0 - 1.300.000,1900-01-01,06-17,NO,2
NO,15,15572,NO,ACTIVO,ND,2012-12-01,Hombre,ND,BOYACA,PUERTO BOYACA,ND,ND,NUTRICIÓN MENOR,RC,DESPLAZADOS,0 - 1.500.000,0 - 1.300.000,1900-01-01,06-17,NO,2
ND,15,15572,NO,ACTIVO,ND,2012-12-01,Hombre,ND,BOYACA,PUERTO BOYACA,Colombia,ND,EDUCACIÓN PRIMARIA,RC,SISBEN,0 - 1.500.000,0 - 1.300.000,1900-01-01,06-17,NO,2
NO,15,15572,NO,ACTIVO,ND,2013-04-01,Mujer,PRIMARIA,BOYACA,PUERTO BOYACA,ND,ND,EDUCACIÓN PRIMARIA,TI,DESPLAZADOS,0 - 1.500.000,0 - 1.300.000,1900-01-01,06-17,NO,1
NO,15,15572,NO,ACTIVO,ND,2012-12-01,Mujer,ND,BOYACA,PUERTO BOYACA,ND,ND,NUTRICIÓN MENOR,RC,DESPLAZADOS,0 - 1.500.000,0 - 1.300.000,1900-01-01,06-17,NO,1
NO,15,15572,NO,ACTIVO,ND,2017-07-01,Hombre,ND,BOYACA,PUERTO BOYACA,ND,ND,NUTRICIÓN MENOR,RC,DESPLAZADOS,0 - 1.500.000,0 - 1.300.000,1900-01-01,06-17,NO,1
NO,15,15572,NO,NO ACTIVO,ND,2012-12-01,Hombre,ND,BOYACA,PUERTO BOYACA,Colombia,ND,ND,CC,SISBEN,0 - 1.500.000,0 - 1.300.000,1900-01-01,50-65,SI,1
NO,15,15572,NO,ACTIVO,ND,2015-11-01,Hombre,PRIMARIA,BOYACA,PUERTO BOYACA,ND,ND,EDUCACIÓN PRIMARIA,TI,DESPLAZADOS,0 - 1.500.000,0 - 1.300.000,1900-01-01,06-17,NO,2
NO,15,15572,NO,ACTIVO,ND,2014-09-01,Mujer,TRANSICION,BOYACA,PUERTO BOYACA,ND,ND,TRANSICIÓNNUTRICIÓN MENOR,RC,DESPLAZADOS,0 - 1.500.000,0 - 1.300.000,1900-01-01,06-17,NO,1
NO,15,15572,NO,ACTIVO,ND,2017-05-01,Hombre,ND,BOYACA,PUERTO BOYACA,ND,ND,NUTRICIÓN MENOR,RC,SISBEN,0 - 1.500.000,0 - 1.300.000,1900-01-01,06-17,NO,6
NO,15,15572,NO,ACTIVO,ND,2012-12-01,Mujer,ND,BOYACA,PUERTO BOYACA,ND,MONETARIO,ND,CC,SISBEN,0 - 1.500.000,0 - 1.300.000,2018-01-01,30-49,SI,1
NO,15,15572,NO,NO ACTIVO,ND,2013-01-01,Hombre,ND,BOYACA,PUERTO BOYACA,ND,ND,ND,CC,DESPLAZADOS,0 - 1.500.000,0 - 1.300.000,1900-01-01,18-29,NO,1
SI,15,15572,NO,ACTIVO,ND,2016-11-01,Mujer,ND,BOYACA,PUERTO BOYACA,ND,MONETARIO,ND,CC,DESPLAZADOS,0 - 1.500.000,0 - 1.300.000,2018-01-01,30-49,SI,1
SI,15,15572,NO,ACTIVO,AFROCOLOMBIANO – NEGRO,2012-12-01,Mujer,ND,BOYACA,PUERTO BOYACA,ND,MONETARIO,ND,CC,SISBEN,1.500.001 - 3.000.000,0 - 1.300.000,2018-01-01,30-49,SI,1
NO,15,15572,NO,ACTIVO,ND,2012-12-01,Mujer,ND,BOYACA,PUERTO BOYACA,ND,ND,ND,CC,UNIDOS,0 - 1.500.000,0 - 1.300.000,1900-01-01,50-65,NO,1
NO,15,15572,SI,ACTIVO,ND,2012-12-01,Mujer,PRIMARIA,BOYACA,PUERTO BOYACA,ND,ND,EDUCACIÓN PRIMARIA,RC,SISBEN,0 - 1.500.000,0 - 1.300.000,1900-01-01,06-17,NO,1
NO,15,15572,NO,NO ACTIVO,ND,2012-12-01,Hombre,SECUNDARIA,BOYACA,PUERTO BOYACA,ND,ND,ND,TI,SISBEN,0 - 1.500.000,0 - 1.300.000,1900-01-01,18-29,NO,16
SI,15,15572,NO,ACTIVO,ND,2012-12-01,Mujer,ND,BOYACA,PUERTO BOYACA,ND,MONETARIO,NUTRICIÓN,CC,UNIDOS,3.000.001 - 4.500.000,0 - 1.300.000,2018-01-01,30-49,SI,1
NO,15,15572,NO,ACTIVO,ND,2012-11-01,Mujer,ND,BOYACA,PUERTO BOYACA,ND,MONETARIO,NUTRICIÓN,CC,SISBEN,4.500.001 - 6.000.000,0 - 1.300.000,2018-01-01,30-49,SI,1
SI,15,15572,NO,ACTIVO,ND,2012-12-01,Mujer,ND,BOYACA,PUERTO BOYACA,ND,MONETARIO,ND,CC,DESPLAZADOS,4.500.001 - 6.000.000,0 - 1.300.000,2018-01-01,50-65,SI,1
NO,15,15572,NO,ACTIVO,ND,2012-11-01,Hombre,SECUNDARIA,BOYACA,PUERTO BOYACA,ND,ND,EDUCACIÓN SECUNDARIA,TI,UNIDOS,0 - 1.500.000,0 - 1.300.000,1900-01-01,18-29,NO,2
NO,15,15572,NO,ACTIVO,ND,2015-07-01,Mujer,ND,BOYACA,PUERTO BOYACA,ND,ND,NUTRICIÓN MENOR,RC,DESPLAZADOS,0 - 1.500.000,0 - 1.300.000,1900-01-01,06-17,NO,2
NO,15,15572,NO,ACTIVO,ND,2012-12-01,Mujer,ND,BOYACA,PUERTO BOYACA,ND,MONETARIO,NUTRICIÓN,CC,UNIDOS,4.500.001 - 6.000.000,0 - 1.300.000,2018-01-01,30-49,SI,1
NO,15,15572,SI,ACTIVO,ND,2012-12-01,Hombre,SECUNDARIA,BOYACA,PUERTO BOYACA,ND,ND,EDUCACIÓN SECUNDARIA,CC,UNIDOS,0 - 1.500.000,0 - 1.300.000,1900-01-01,18-29,NO,1
NO,15,15572,NO,ACTIVO,ND,2012-12-01,Mujer,ND,BOYACA,PUERTO BOYACA,Colombia,ND,EDUCACIÓN PRIMARIA,TI,UNIDOS,0 - 1.500.000,0 - 1.300.000,1900-01-01,18-29,NO,1
NO,15,15572,NO,ACTIVO,ND,2015-07-01,Hombre,TRANSICION,BOYACA,PUERTO BOYACA,ND,ND,TRANSICIÓNNUTRICIÓN MENOR,RC,DESPLAZADOS,0 - 1.500.000,0 - 1.300.000,1900-01-01,06-17,NO,2
NO,15,15572,NO,ACTIVO,ND,2013-01-01,Hombre,SECUNDARIA,BOYACA,PUERTO BOYACA,ND,ND,EDUCACIÓN SECUNDARIA,TI,SISBEN,0 - 1.500.000,0 - 1.300.000,1900-01-01,18-29,NO,1
NO,15,15572,NO,ACTIVO,ND,2012-12-01,Hombre,TRANSICION,BOYACA,PUERTO BOYACA,ND,ND,TRANSICIÓNNUTRICIÓN MENOR,RC,SISBEN,0 - 1.500.000,0 - 1.300.000,1900-01-01,06-17,NO,29
NO,15,15572,NO,ACTIVO,ND,2015-11-01,Hombre,ND,BOYACA,PUERTO BOYACA,ND,ND,NUTRICIÓN MENOR,RC,UNIDOS,0 - 1.500.000,0 - 1.300.000,1900-01-01,06-17,NO,2
SI,15,15572,NO,ACTIVO,ROM O GITANO,2012-12-01,Hombre,ND,BOYACA,PUERTO BOYACA,ND,MONETARIO,ND,CC,UNIDOS,1.500.001 - 3.000.000,0 - 1.300.000,2018-01-01,50-65,SI,1
NO,15,15572,NO,ACTIVO,ND,2015-05-01,Mujer,TRANSICION,BOYACA,PUERTO BOYACA,ND,ND,TRANSICIÓNNUTRICIÓN MENOR,RC,UNIDOS,0 - 1.500.000,0 - 1.300.000,1900-01-01,06-17,NO,4
SI,15,15572,NO,NO ACTIVO,ND,2012-12-01,Hombre,ND,BOYACA,PUERTO BOYACA,Colombia,MONETARIO,NUTRICIÓN,CC,ND,0 - 1.500.000,0 - 1.300.000,2013-01-01,>65,SI,1
SI,15,15572,NO,ACTIVO,ND,2015-04-01,Mujer,ND,BOYACA,PUERTO BOYACA,ND,MONETARIO,NUTRICIÓN,CC,DESPLAZADOS,3.000.001 - 4.500.000,0 - 1.300.000,2018-01-01,30-49,SI,1
SI,15,15572,NO,ACTIVO,ND,2012-12-01,Mujer,ND,BOYACA,PUERTO BOYACA,ND,MONETARIO,NUTRICIÓN,CC,DESPLAZADOS,3.000.001 - 4.500.000,0 - 1.300.000,2018-01-01,30-49,SI,1
NO,15,15572,NO,NO ACTIVO,ND,2012-12-01,Hombre,ND,BOYACA,PUERTO BOYACA,ND,ND,EDUCACIÓN PRIMARIANUTRICIÓN MENOR,RC,ND,0 - 1.500.000,0 - 1.300.000,1900-01-01,06-17,NO,6
SI,15,15572,NO,ACTIVO,ND,2012-12-01,Hombre,ND,BOYACA,PUERTO BOYACA,ND,MONETARIO,ND,CC,DESPLAZADOS,1.500.001 - 3.000.000,0 - 1.300.000,2018-01-01,50-65,SI,1
SI,15,15572,NO,ACTIVO,ND,2012-12-01,Mujer,ND,BOYACA,PUERTO BOYACA,ND,MONETARIO,ND,CC,SISBEN,4.500.001 - 6.000.000,0 - 1.300.000,2018-01-01,30-49,SI,1
NO,15,15572,NO,ACTIVO,ND,2015-03-01,Hombre,ND,BOYACA,PUERTO BOYACA,ND,MONETARIO,ND,CC,DESPLAZADOS,1.500.001 - 3.000.000,0 - 1.300.000,2018-01-01,30-49,SI,1
SI,15,15572,NO,ACTIVO,ND,2012-12-01,Mujer,ND,BOYACA,PUERTO BOYACA,ND,MONETARIO,ND,CC,UNIDOS,1.500.001 - 3.000.000,0 - 1.300.000,2018-01-01,30-49,SI,2
,15,15572,SI,ACTIVO,ND,2017-05-01,Hombre,ND,BOYACA,PUERTO BOYACA,ND,ND,EDUCACIÓN PRIMARIA,TI,SISBEN,0 - 1.500.000,0 - 1.300.000,1900-01-01,06-17,NO,1
SI,15,15572,NO,ACTIVO,ROM O GITANO,2012-12-01,Mujer,ND,BOYACA,PUERTO BOYACA,ND,MONETARIO,NUTRICIÓN,CC,UNIDOS,4.500.001 - 6.000.000,0 - 1.300.000,2018-01-01,30-49,SI,1
NO,15,15572,NO,ACTIVO,ND,2012-12-01,Mujer,PRIMARIA,BOYACA,PUERTO BOYACA,ND,ND,EDUCACIÓN PRIMARIA,RC,DESPLAZADOS,0 - 1.500.000,0 - 1.300.000,1900-01-01,06-17,NO,16
NO,15,15572,NO,NO ACTIVO,ND,2012-12-01,Mujer,ND,BOYACA,PUERTO BOYACA,ND,MONETARIO,ND,CC,UNIDOS,> 6.000.001,0 - 1.300.000,2017-01-01,18-29,SI,1
NO,15,15572,NO,ACTIVO,ND,2015-03-01,Hombre,SECUNDARIA,BOYACA,PUERTO BOYACA,ND,ND,EDUCACIÓN SECUNDARIA,TI,UNIDOS,0 - 1.500.000,0 - 1.300.000,1900-01-01,18-29,NO,1
SI,15,15572,NO,ACTIVO,ND,2012-12-01,Hombre,ND,BOYACA,PUERTO BOYACA,ND,MONETARIO,ND,CC,UNIDOS,0 - 1.500.000,0 - 1.300.000,2016-01-01,50-65,NO,1
NO,15,15572,NO,ACTIVO,ND,2018-04-01,Hombre,SECUNDARIA,BOYACA,PUERTO BOYACA,Colombia,ND,EDUCACIÓN SECUNDARIA,TI,SISBEN,0 - 1.500.000,0 - 1.300.000,1900-01-01,18-29,NO,1
NO,15,15572,NO,ACTIVO,ND,2016-03-01,Hombre,TRANSICION,BOYACA,PUERTO BOYACA,ND,ND,TRANSICIÓNNUTRICIÓN MENOR,RC,DESPLAZADOS,0 - 1.500.000,0 - 1.300.000,1900-01-01,06-17,NO,1
SI,15,15572,NO,ACTIVO,ND,2012-12-01,Hombre,ND,BOYACA,PUERTO BOYACA,ND,MONETARIO,ND,CC,UNIDOS,3.000.001 - 4.500.000,0 - 1.300.000,2018-01-01,30-49,SI,1
NO,15,15572,NO,ACTIVO,ND,2012-12-01,Mujer,ND,BOYACA,PUERTO BOYACA,Colombia,ND,EDUCACIÓN PRIMARIA,RC,UNIDOS,0 - 1.500.000,0 - 1.300.000,1900-01-01,18-29,NO,1
SI,15,15572,NO,ACTIVO,ND,2012-12-01,Mujer,ND,BOYACA,PUERTO BOYACA,ND,MONETARIO,ND,CC,SISBEN,0 - 1.500.000,0 - 1.300.000,2018-01-01,>65,SI,2
NO,15,15572,NO,ACTIVO,ND,2012-12-01,Hombre,PRIMARIA,BOYACA,PUERTO BOYACA,ND,ND,ND,RC,UNIDOS,0 - 1.500.000,0 - 1.300.000,1900-01-01,18-29,NO,1
NO,15,15572,NO,ACTIVO,ND,2015-07-01,Hombre,TRANSICION,BOYACA,PUERTO BOYACA,ND,ND,TRANSICIÓNNUTRICIÓN MENOR,RC,SISBEN,0 - 1.500.000,0 - 1.300.000,1900-01-01,06-17,NO,1
SI,15,15572,NO,ACTIVO,ND,2012-12-01,Hombre,ND,BOYACA,PUERTO BOYACA,ND,MONETARIO,ND,CC,SISBEN,> 6.000.001,0 - 1.300.000,2018-01-01,50-65,SI,1
NO,15,15572,NO,ACTIVO,AFROCOLOMBIANO – NEGRO,2012-12-01,Hombre,ND,BOYACA,PUERTO BOYACA,ND,ND,ND,RC,UNIDOS,0 - 1.500.000,0 - 1.300.000,1900-01-01,06-17,NO,1
SI,15,15572,NO,ACTIVO,ND,2013-07-01,Mujer,ND,BOYACA,PUERTO BOYACA,ND,MONETARIO,NUTRICIÓN,CC,DESPLAZADOS,4.500.001 - 6.000.000,0 - 1.300.000,2018-01-01,30-49,SI,1
NO,15,15572,NO,ACTIVO,ND,2014-07-01,Hombre,PRIMARIA,BOYACA,PUERTO BOYACA,ND,ND,EDUCACIÓN PRIMARIA,RC,DESPLAZADOS,0 - 1.500.000,0 - 1.300.000,1900-01-01,06-17,NO,1
NO,15,15572,NO,NO ACTIVO,ND,2012-10-01,Mujer,ND,BOYACA,PUERTO BOYACA,ND,ND,ND,TI,DESPLAZADOS,0 - 1.500.000,0 - 1.300.000,1900-01-01,18-29,NO,2
NO,15,15572,NO,ACTIVO,ND,2018-05-01,Hombre,ND,BOYACA,PUERTO BOYACA,ND,ND,NUTRICIÓN MENOR,RC,DESPLAZADOS,0 - 1.500.000,0 - 1.300.000,1900-01-01,06-17,NO,1
NO,15,15572,NO,NO ACTIVO,ND,2012-12-01,Hombre,ND,BOYACA,PUERTO BOYACA,ND,ND,ND,CC,SISBEN,0 - 1.500.000,0 - 1.300.000,1900-01-01,50-65,SI,1
NO,15,15572,NO,ACTIVO,ND,2016-08-01,Mujer,PRIMARIA,BOYACA,PUERTO BOYACA,ND,ND,EDUCACIÓN PRIMARIA,TI,DESPLAZADOS,0 - 1.500.000,0 - 1.300.000,1900-01-01,06-17,NO,1
NO,15,15572,NO,ACTIVO,ND,2012-10-01,Hombre,SECUNDARIA,BOYACA,PUERTO BOYACA,ND,ND,EDUCACIÓN SECUNDARIA,TI,DESPLAZADOS,0 - 1.500.000,0 - 1.300.000,1900-01-01,06-17,NO,1
SI,15,15572,NO,ACTIVO,ND,2012-12-01,Mujer,ND,BOYACA,PUERTO BOYACA,ND,MONETARIO,ND,CC,UNIDOS,3.000.001 - 4.500.000,0 - 1.300.000,2018-01-01,30-49,SI,1
SI,15,15572,NO,NO ACTIVO,ND,2012-12-01,Mujer,ND,BOYACA,PUERTO BOYACA,Colombia,MONETARIO,ND,CC,ND,1.500.001 - 3.000.000,0 - 1.300.000,2014-01-01,50-65,SI,1
SI,15,15572,NO,ACTIVO,ND,2015-03-01,Mujer,ND,BOYACA,PUERTO BOYACA,ND,MONETARIO,NUTRICIÓN,CC,UNIDOS,1.500.001 - 3.000.000,0 - 1.300.000,2018-01-01,30-49,SI,1
SI,15,15572,NO,ACTIVO,ND,2012-12-01,Mujer,ND,BOYACA,PUERTO BOYACA,ND,MONETARIO,ND,CC,SISBEN,> 6.000.001,0 - 1.300.000,2018-01-01,50-65,SI,1
SI,15,15572,NO,ACTIVO,AFROCOLOMBIANO – NEGRO,2012-12-01,Mujer,ND,BOYACA,PUERTO BOYACA,ND,MONETARIO,NUTRICIÓN,CC,SISBEN,3.000.001 - 4.500.000,0 - 1.300.000,2018-01-01,30-49,SI,1
NO,15,15572,NO,NO ACTIVO,ND,2012-12-01,Mujer,ND,BOYACA,PUERTO BOYACA,ND,ND,ND,TI,ND,0 - 1.500.000,0 - 1.300.000,1900-01-01,18-29,NO,4
NO,15,15572,NO,ACTIVO,ND,2018-09-01,Hombre,ND,BOYACA,PUERTO BOYACA,ND,ND,NUTRICIÓN MENOR,RC,DESPLAZADOS,0 - 1.500.000,0 - 1.300.000,1900-01-01,06-17,NO,1
NO,15,15572,NO,NO ACTIVO,ND,2012-12-01,Hombre,ND,BOYACA,PUERTO BOYACA,Colombia,ND,EDUCACIÓN PRIMARIANUTRICIÓN MENOR,RC,ND,0 - 1.500.000,0 - 1.300.000,1900-01-01,06-17,NO,9
NO,15,15572,NO,ACTIVO,ND,2012-11-01,Mujer,SECUNDARIA,BOYACA,PUERTO BOYACA,ND,ND,ND,CC,DESPLAZADOS,0 - 1.500.000,0 - 1.300.000,1900-01-01,18-29,NO,1
NO,15,15572,NO,ACTIVO,ND,2017-01-01,Mujer,TRANSICION,BOYACA,PUERTO BOYACA,ND,ND,TRANSICIÓNNUTRICIÓN MENOR,RC,SISBEN,0 - 1.500.000,0 - 1.300.000,1900-01-01,06-17,NO,1
NO,15,15572,NO,ACTIVO,ND,2013-04-01,Mujer,ND,BOYACA,PUERTO BOYACA,ND,ND,ND,TI,DESPLAZADOS,0 - 1.500.000,0 - 1.300.000,1900-01-01,06-17,NO,1
NO,15,15572,NO,ACTIVO,ND,2013-04-01,Mujer,TRANSICION,BOYACA,PUERTO BOYACA,ND,ND,TRANSICIÓNNUTRICIÓN MENOR,RC,DESPLAZADOS,0 - 1.500.000,0 - 1.300.000,1900-01-01,06-17,NO,1
NO,15,15572,NO,ACTIVO,ND,2016-08-01,Hombre,ND,BOYACA,PUERTO BOYACA,ND,ND,NUTRICIÓN MENOR,RC,DESPLAZADOS,0 - 1.500.000,0 - 1.300.000,1900-01-01,06-17,NO,2
,15,15572,NO,ACTIVO,ND,2018-09-01,Hombre,ND,BOYACA,PUERTO BOYACA,Colombia,ND,ND,RC,UNIDOS,0 - 1.500.000,0 - 1.300.000,1900-01-01,06-17,NO,1
NO,15,15572,NO,ACTIVO,ND,2016-04-01,Hombre,ND,BOYACA,PUERTO BOYACA,ND,ND,NUTRICIÓN MENOR,RC,DESPLAZADOS,0 - 1.500.000,0 - 1.300.000,1900-01-01,06-17,NO,4
NO,15,15572,NO,NO ACTIVO,ND,2012-12-01,Mujer,ND,BOYACA,PUERTO BOYACA,ND,MONETARIO,ND,CC,SISBEN,1.500.001 - 3.000.000,0 - 1.300.000,2017-01-01,30-49,SI,1
SI,15,15572,NO,ACTIVO,ND,2012-12-01,Mujer,ND,BOYACA,PUERTO BOYACA,ND,MONETARIO,NUTRICIÓN,CC,SISBEN,1.500.001 - 3.000.000,0 - 1.300.000,2018-01-01,30-49,SI,1
NO,15,15572,NO,ACTIVO,ND,2017-09-01,Mujer,ND,BOYACA,PUERTO BOYACA,ND,ND,NUTRICIÓN MENOR,RC,UNIDOS,0 - 1.500.000,0 - 1.300.000,1900-01-01,06-17,NO,2
NO,15,15572,NO,ACTIVO,ND,2015-11-01,Hombre,ND,BOYACA,PUERTO BOYACA,ND,ND,ND,RC,SISBEN,0 - 1.500.000,0 - 1.300.000,1900-01-01,06-17,NO,1
NO,15,15572,NO,ACTIVO,ND,2015-04-01,Mujer,TRANSICION,BOYACA,PUERTO BOYACA,ND,ND,TRANSICIÓNNUTRICIÓN MENOR,RC,DESPLAZADOS,0 - 1.500.000,0 - 1.300.000,1900-01-01,06-17,NO,1
NO,15,15572,SI,ACTIVO,ND,2012-12-01,Hombre,ND,BOYACA,PUERTO BOYACA,ND,ND,ND,RC,SISBEN,0 - 1.500.000,0 - 1.300.000,1900-01-01,06-17,NO,3
SI,15,15572,NO,ACTIVO,ND,2012-12-01,Mujer,ND,BOYACA,PUERTO BOYACA,ND,MONETARIO,ND,CC,UNIDOS,3.000.001 - 4.500.000,0 - 1.300.000,2018-01-01,50-65,SI,1
SI,15,15572,NO,ACTIVO,AFROCOLOMBIANO – NEGRO,2012-12-01,Hombre,ND,BOYACA,PUERTO BOYACA,ND,MONETARIO,NUTRICIÓN,CC,UNIDOS,4.500.001 - 6.000.000,0 - 1.300.000,2018-01-01,30-49,SI,1
NO,15,15572,NO,ACTIVO,ND,2014-10-01,Hombre,ND,BOYACA,PUERTO BOYACA,ND,ND,NUTRICIÓN MENOR,RC,DESPLAZADOS,0 - 1.500.000,0 - 1.300.000,1900-01-01,06-17,NO,3
NO,15,15572,NO,ACTIVO,ND,2016-11-01,Mujer,ND,BOYACA,PUERTO BOYACA,ND,ND,NUTRICIÓN MENOR,RC,DESPLAZADOS,0 - 1.500.000,0 - 1.300.000,1900-01-01,06-17,NO,1
SI,15,15572,NO,ACTIVO,ND,2012-12-01,Mujer,ND,BOYACA,PUERTO BOYACA,ND,MONETARIO,NUTRICIÓN,CC,UNIDOS,4.500.001 - 6.000.000,0 - 1.300.000,2018-01-01,30-49,SI,1
SI,15,15572,NO,ACTIVO,ND,2012-12-01,Mujer,ND,BOYACA,PUERTO BOYACA,ND,MONETARIO,ND,CC,SISBEN,1.500.001 - 3.000.000,0 - 1.300.000,2018-01-01,50-65,SI,4
NO,15,15572,NO,ACTIVO,ND,2012-12-01,Mujer,ND,BOYACA,PUERTO BOYACA,ND,MONETARIO,NUTRICIÓN,CC,UNIDOS,4.500.001 - 6.000.000,0 - 1.300.000,2018-01-01,18-29,SI,1
NO,15,15572,NO,ACTIVO,ROM O GITANO,2012-12-01,Hombre,SECUNDARIA,BOYACA,PUERTO BOYACA,ND,ND,EDUCACIÓN SECUNDARIA,TI,SISBEN,0 - 1.500.000,0 - 1.300.000,1900-01-01,18-29,NO,1
SI,15,15572,NO,ACTIVO,ND,2012-12-01,Mujer,ND,BOYACA,PUERTO BOYACA,ND,MONETARIO,NUTRICIÓN,CC,SISBEN,3.000.001 - 4.500.000,0 - 1.300.000,2018-01-01,30-49,SI,1
SI,15,15572,NO,ACTIVO,ND,2012-12-01,Hombre,ND,BOYACA,PUERTO BOYACA,ND,MONETARIO,ND,CC,SISBEN,3.000.001 - 4.500.000,0 - 1.300.000,2018-01-01,30-49,SI,1
NO,15,15572,NO,ACTIVO,ND,2013-10-01,Mujer,PRIMARIA,BOYACA,PUERTO BOYACA,ND,ND,EDUCACIÓN PRIMARIA,RC,DESPLAZADOS,0 - 1.500.000,0 - 1.300.000,1900-01-01,06-17,NO,2
SI,15,15572,NO,ACTIVO,ND,2012-12-01,Mujer,ND,BOYACA,PUERTO BOYACA,ND,MONETARIO,ND,CC,UNIDOS,4.500.001 - 6.000.000,0 - 1.300.000,2018-01-01,18-29,SI,1
NO,15,15572,NO,NO ACTIVO,ND,2012-11-01,Mujer,ND,BOYACA,PUERTO BOYACA,ND,ND,ND,CC,DESPLAZADOS,0 - 1.500.000,0 - 1.300.000,1900-01-01,18-29,NO,1
NO,15,15572,NO,NO ACTIVO,ND,2012-12-01,Hombre,SECUNDARIA,BOYACA,PUERTO BOYACA,ND,ND,ND,TI,DESPLAZADOS,0 - 1.500.000,0 - 1.300.000,1900-01-01,18-29,NO,3
NO,15,15572,NO,ACTIVO,ND,2016-12-01,Hombre,ND,BOYACA,PUERTO BOYACA,ND,ND,NUTRICIÓN MENOR,RC,DESPLAZADOS,0 - 1.500.000,0 - 1.300.000,1900-01-01,06-17,NO,2
SI,15,15572,NO,NO ACTIVO,ND,2012-12-01,Mujer,ND,BOYACA,PUERTO BOYACA,ND,MONETARIO,ND,CC,SISBEN,0 - 1.500.000,0 - 1.300.000,2018-01-01,>65,SI,1
NO,15,15572,NO,ACTIVO,ND,2014-10-01,Hombre,TRANSICION,BOYACA,PUERTO BOYACA,ND,ND,TRANSICIÓNNUTRICIÓN MENOR,RC,DESPLAZADOS,0 - 1.500.000,0 - 1.300.000,1900-01-01,06-17,NO,1
SI,15,15572,NO,NO ACTIVO,ND,2012-12-01,Hombre,ND,BOYACA,PUERTO BOYACA,Colombia,MONETARIO,ND,CC,ND,0 - 1.500.000,0 - 1.300.000,2014-01-01,50-65,SI,1
NO,15,15572,NO,ACTIVO,ND,2014-11-01,Mujer,PRIMARIA,BOYACA,PUERTO BOYACA,ND,ND,EDUCACIÓN PRIMARIA,TI,DESPLAZADOS,0 - 1.500.000,0 - 1.300.000,1900-01-01,06-17,NO,2
NO,15,15572,NO,ACTIVO,ND,2015-08-01,Mujer,ND,BOYACA,PUERTO BOYACA,ND,ND,NUTRICIÓN MENOR,RC,SISBEN,0 - 1.500.000,0 - 1.300.000,1900-01-01,06-17,NO,1
NO,15,15572,NO,ACTIVO,ND,2012-11-01,Mujer,PRIMARIA,BOYACA,PUERTO BOYACA,ND,ND,EDUCACIÓN PRIMARIA,RC,SISBEN,0 - 1.500.000,0 - 1.300.000,1900-01-01,06-17,NO,4
SI,15,15572,NO,ACTIVO,ND,2012-12-01,Mujer,ND,BOYACA,PUERTO BOYACA,ND,MONETARIO,NUTRICIÓN,CC,SISBEN,> 6.000.001,0 - 1.300.000,2018-01-01,30-49,SI,1
NO,15,15572,NO,ACTIVO,ND,2012-12-01,Mujer,ND,BOYACA,PUERTO BOYACA,ND,MONETARIO,NUTRICIÓN,CC,SISBEN,4.500.001 - 6.000.000,0 - 1.300.000,2018-01-01,30-49,SI,1
NO,15,15572,NO,ACTIVO,ND,2012-11-01,Hombre,PRIMARIA,BOYACA,PUERTO BOYACA,ND,ND,EDUCACIÓN PRIMARIA,TI,DESPLAZADOS,0 - 1.500.000,0 - 1.300.000,1900-01-01,06-17,NO,1
SI,15,15572,NO,ACTIVO,ND,2016-05-01,Mujer,ND,BOYACA,PUERTO BOYACA,ND,MONETARIO,ND,CC,DESPLAZADOS,0 - 1.500.000,0 - 1.300.000,2018-01-01,50-65,SI,1
NO,15,15572,NO,ACTIVO,ND,2017-02-01,Hombre,ND,BOYACA,PUERTO BOYACA,ND,ND,ND,TI,DESPLAZADOS,0 - 1.500.000,0 - 1.300.000,1900-01-01,18-29,NO,1
NO,15,15572,NO,NO ACTIVO,ND,2012-12-01,Mujer,ND,BOYACA,PUERTO BOYACA,ND,ND,ND,CC,SISBEN,0 - 1.500.000,0 - 1.300.000,1900-01-01,30-49,SI,2
NO,15,15572,NO,ACTIVO,ND,2015-03-01,Mujer,TRANSICION,BOYACA,PUERTO BOYACA,ND,ND,TRANSICIÓNNUTRICIÓN MENOR,RC,DESPLAZADOS,0 - 1.500.000,0 - 1.300.000,1900-01-01,06-17,NO,2
SI,15,15572,NO,ACTIVO,AFROCOLOMBIANO – NEGRO,2012-12-01,Mujer,ND,BOYACA,PUERTO BOYACA,ND,MONETARIO,ND,CC,UNIDOS,4.500.001 - 6.000.000,0 - 1.300.000,2018-01-01,50-65,SI,1
NO,15,15572,NO,ACTIVO,ND,2015-03-01,Mujer,TRANSICION,BOYACA,PUERTO BOYACA,ND,ND,TRANSICIÓNNUTRICIÓN MENOR,RC,UNIDOS,0 - 1.500.000,0 - 1.300.000,1900-01-01,06-17,NO,7
SI,15,15572,NO,ACTIVO,AFROCOLOMBIANO – NEGRO,2012-12-01,Mujer,ND,BOYACA,PUERTO BOYACA,ND,MONETARIO,ND,CC,UNIDOS,1.500.001 - 3.000.000,0 - 1.300.000,2018-01-01,>65,SI,1
NO,15,15572,NO,NO ACTIVO,AFROCOLOMBIANO – NEGRO,2012-12-01,Hombre,ND,BOYACA,PUERTO BOYACA,ND,ND,ND,TI,DESPLAZADOS,0 - 1.500.000,0 - 1.300.000,1900-01-01,18-29,NO,7
SI,15,15572,NO,ACTIVO,ND,2012-12-01,Mujer,ND,BOYACA,PUERTO BOYACA,ND,MONETARIO,ND,CC,SISBEN,0 - 1.500.000,0 - 1.300.000,2018-01-01,50-65,SI,2
NO,15,15572,SI,ACTIVO,ND,2012-12-01,Mujer,ND,BOYACA,PUERTO BOYACA,ND,ND,ND,TI,SISBEN,0 - 1.500.000,0 - 1.300.000,1900-01-01,18-29,NO,5
SI,15,15572,NO,NO ACTIVO,ND,2012-12-01,Mujer,ND,BOYACA,PUERTO BOYACA,ND,MONETARIO,NUTRICIÓN,CC,ND,0 - 1.500.000,0 - 1.300.000,2014-01-01,30-49,SI,1
SI,15,15572,NO,ACTIVO,ND,2014-07-01,Mujer,ND,BOYACA,PUERTO BOYACA,ND,MONETARIO,ND,CC,DESPLAZADOS,3.000.001 - 4.500.000,0 - 1.300.000,2018-01-01,18-29,SI,1
SI,15,15572,NO,ACTIVO,AFROCOLOMBIANO – NEGRO,2012-12-01,Hombre,ND,BOYACA,PUERTO BOYACA,ND,MONETARIO,ND,CC,UNIDOS,3.000.001 - 4.500.000,0 - 1.300.000,2018-01-01,50-65,SI,1
NO,15,15572,NO,ACTIVO,ND,2016-02-01,Mujer,ND,BOYACA,PUERTO BOYACA,ND,ND,NUTRICIÓN MENOR,RC,UNIDOS,0 - 1.500.000,0 - 1.300.000,1900-01-01,06-17,NO,1
NO,15,15572,NO,ACTIVO,ND,2012-12-01,Mujer,ND,BOYACA,PUERTO BOYACA,ND,MONETARIO,ND,CC,SISBEN,1.500.001 - 3.000.000,0 - 1.300.000,2018-01-01,30-49,SI,1
NO,15,15572,NO,ACTIVO,ND,2012-11-01,Mujer,ND,BOYACA,PUERTO BOYACA,ND,ND,ND,TI,SISBEN,0 - 1.500.000,0 - 1.300.000,1900-01-01,18-29,NO,4
SI,15,15572,NO,ACTIVO,ND,2012-12-01,Hombre,ND,BOYACA,PUERTO BOYACA,ND,MONETARIO,ND,CC,UNIDOS,1.500.001 - 3.000.000,0 - 1.300.000,2018-01-01,30-49,SI,1
SI,15,15572,NO,ACTIVO,AFROCOLOMBIANO – NEGRO,2012-12-01,Mujer,ND,BOYACA,PUERTO BOYACA,ND,MONETARIO,ND,CC,UNIDOS,1.500.001 - 3.000.000,0 - 1.300.000,2018-01-01,30-49,SI,1
NO,15,15572,NO,ACTIVO,ND,2016-04-01,Mujer,ND,BOYACA,PUERTO BOYACA,ND,ND,NUTRICIÓN MENOR,RC,SISBEN,0 - 1.500.000,0 - 1.300.000,1900-01-01,06-17,NO,3
NO,15,15572,NO,ACTIVO,ND,2013-12-01,Mujer,SECUNDARIA,BOYACA,PUERTO BOYACA,ND,ND,EDUCACIÓN SECUNDARIA,TI,DESPLAZADOS,0 - 1.500.000,0 - 1.300.000,1900-01-01,18-29,NO,1
ND,15,15572,NO,ACTIVO,ND,2012-12-01,Mujer,ND,BOYACA,PUERTO BOYACA,Colombia,MONETARIO,NUTRICIÓN,CC,SISBEN,4.500.001 - 6.000.000,0 - 1.300.000,2018-01-01,30-49,SI,1
NO,15,15572,NO,ACTIVO,ND,2015-07-01,Mujer,ND,BOYACA,PUERTO BOYACA,ND,MONETARIO,NUTRICIÓN,CC,DESPLAZADOS,3.000.001 - 4.500.000,0 - 1.300.000,2018-01-01,30-49,SI,1
NO,15,15572,NO,ACTIVO,ND,2012-12-01,Hombre,ND,BOYACA,PUERTO BOYACA,ND,MONETARIO,ND,CC,UNIDOS,3.000.001 - 4.500.000,0 - 1.300.000,2018-01-01,>65,SI,1
NO,15,15572,NO,NO ACTIVO,AFROCOLOMBIANO – NEGRO,2012-12-01,Mujer,ND,BOYACA,PUERTO BOYACA,Colombia,ND,EDUCACIÓN SECUNDARIA,TI,ND,0 - 1.500.000,0 - 1.300.000,1900-01-01,18-29,NO,1
NO,15,15572,NO,ACTIVO,ND,2013-12-01,Mujer,SECUNDARIA,BOYACA,PUERTO BOYACA,ND,ND,ND,TI,DESPLAZADOS,0 - 1.500.000,0 - 1.300.000,1900-01-01,18-29,NO,1
NO,15,15572,NO,ACTIVO,ND,2015-09-01,Mujer,ND,BOYACA,PUERTO BOYACA,ND,ND,NUTRICIÓN MENOR,RC,UNIDOS,0 - 1.500.000,0 - 1.300.000,1900-01-01,06-17,NO,2
NO,15,15572,NO,ACTIVO,ROM O GITANO,2012-12-01,Mujer,PRIMARIA,BOYACA,PUERTO BOYACA,ND,ND,EDUCACIÓN PRIMARIA,TI,UNIDOS,0 - 1.500.000,0 - 1.300.000,1900-01-01,06-17,NO,1
NO,15,15572,NO,ACTIVO,ND,2015-05-01,Hombre,TRANSICION,BOYACA,PUERTO BOYACA,ND,ND,TRANSICIÓNNUTRICIÓN MENOR,RC,SISBEN,0 - 1.500.000,0 - 1.300.000,1900-01-01,06-17,NO,3
NO,15,15572,SI,ACTIVO,ND,2012-12-01,Mujer,ND,BOYACA,PUERTO BOYACA,ND,ND,ND,CC,UNIDOS,0 - 1.500.000,0 - 1.300.000,1900-01-01,18-29,NO,1
SI,15,15572,NO,NO ACTIVO,ND,2012-12-01,Mujer,ND,BOYACA,PUERTO BOYACA,Colombia,MONETARIO,NUTRICIÓN,CC,ND,0 - 1.500.000,0 - 1.300.000,2014-01-01,30-49,SI,1
NO,15,15572,NO,ACTIVO,ND,2015-07-01,Hombre,ND,BOYACA,PUERTO BOYACA,ND,ND,NUTRICIÓN MENOR,RC,SISBEN,0 - 1.500.000,0 - 1.300.000,1900-01-01,06-17,NO,8
NO,15,15572,NO,ACTIVO,ND,2017-10-01,Hombre,ND,BOYACA,PUERTO BOYACA,ND,ND,ND,TI,SISBEN,0 - 1.500.000,0 - 1.300.000,1900-01-01,18-29,NO,1
NO,15,15572,SI,NO ACTIVO,ND,2012-12-01,Mujer,ND,BOYACA,PUERTO BOYACA,ND,ND,ND,CC,SISBEN,0 - 1.500.000,0 - 1.300.000,1900-01-01,18-29,NO,1
NO,15,15572,NO,ACTIVO,ND,2012-12-01,Mujer,ND,BOYACA,PUERTO BOYACA,ND,ND,ND,RC,UNIDOS,0 - 1.500.000,0 - 1.300.000,1900-01-01,18-29,NO,2
SI,15,15572,NO,ACTIVO,ND,2012-12-01,Mujer,ND,BOYACA,PUERTO BOYACA,ND,MONETARIO,ND,CC,SISBEN,3.000.001 - 4.500.000,0 - 1.300.000,2018-01-01,>65,SI,1
NO,15,15572,NO,ACTIVO,ND,2017-09-01,Mujer,ND,BOYACA,PUERTO BOYACA,ND,ND,ND,TI,SISBEN,0 - 1.500.000,0 - 1.300.000,1900-01-01,06-17,NO,1
SI,15,15572,NO,NO ACTIVO,AFROCOLOMBIANO – NEGRO,2012-12-01,Mujer,ND,BOYACA,PUERTO BOYACA,ND,MONETARIO,NUTRICIÓN,CC,UNIDOS,3.000.001 - 4.500.000,0 - 1.300.000,2015-01-01,>65,SI,1
NO,15,15572,NO,ACTIVO,ND,2015-11-01,Mujer,ND,BOYACA,PUERTO BOYACA,ND,MONETARIO,ND,CC,DESPLAZADOS,0 - 1.500.000,0 - 1.300.000,2018-01-01,30-49,SI,1
NO,15,15572,NO,ACTIVO,ND,2015-10-01,Hombre,ND,BOYACA,PUERTO BOYACA,ND,ND,NUTRICIÓN MENOR,RC,DESPLAZADOS,0 - 1.500.000,0 - 1.300.000,1900-01-01,06-17,NO,1
SI,15,15572,NO,ACTIVO,ND,2014-10-01,Mujer,ND,BOYACA,PUERTO BOYACA,ND,MONETARIO,NUTRICIÓN,CC,DESPLAZADOS,3.000.001 - 4.500.000,0 - 1.300.000,2018-01-01,30-49,SI,1
NO,15,15572,NO,ACTIVO,ND,2015-07-01,Mujer,ND,BOYACA,PUERTO BOYACA,ND,ND,NUTRICIÓN MENOR,RC,UNIDOS,0 - 1.500.000,0 - 1.300.000,1900-01-01,06-17,NO,1
SI,15,15572,NO,ACTIVO,ND,2012-12-01,Mujer,ND,BOYACA,PUERTO BOYACA,ND,MONETARIO,ND,CC,UNIDOS,1.500.001 - 3.000.000,0 - 1.300.000,2018-01-01,>65,SI,1
NO,15,15572,NO,ACTIVO,ND,2012-12-01,Mujer,TRANSICION,BOYACA,PUERTO BOYACA,ND,ND,TRANSICIÓN,RC,DESPLAZADOS,0 - 1.500.000,0 - 1.300.000,1900-01-01,06-17,NO,2
NO,15,15572,NO,NO ACTIVO,ND,2012-12-01,Hombre,ND,BOYACA,PUERTO BOYACA,ND,ND,ND,CC,SISBEN,0 - 1.500.000,0 - 1.300.000,1900-01-01,30-49,SI,1
NO,15,15572,NO,ACTIVO,ND,2012-12-01,Hombre,SECUNDARIA,BOYACA,PUERTO BOYACA,ND,ND,EDUCACIÓN SECUNDARIA,CC,SISBEN,0 - 1.500.000,0 - 1.300.000,1900-01-01,18-29,NO,29
NO,15,15572,NO,ACTIVO,ND,2012-10-01,Hombre,TRANSICION,BOYACA,PUERTO BOYACA,ND,ND,TRANSICIÓN,RC,DESPLAZADOS,0 - 1.500.000,0 - 1.300.000,1900-01-01,06-17,NO,1
,15,15572,NO,ACTIVO,ND,2018-11-01,Mujer,ND,BOYACA,PUERTO BOYACA,ND,ND,ND,RC,SISBEN,0 - 1.500.000,0 - 1.300.000,1900-01-01,06-17,NO,1
SI,15,15572,NO,NO ACTIVO,ND,2012-12-01,Mujer,ND,BOYACA,PUERTO BOYACA,ND,MONETARIO,ND,CC,SISBEN,0 - 1.500.000,0 - 1.300.000,2016-01-01,50-65,SI,1
SI,15,15572,NO,ACTIVO,ND,2012-12-01,Mujer,ND,BOYACA,PUERTO BOYACA,ND,MONETARIO,ND,CC,SISBEN,0 - 1.500.000,0 - 1.300.000,2018-01-01,30-49,SI,1
SI,15,15572,NO,ACTIVO,ND,2012-12-01,Hombre,ND,BOYACA,PUERTO BOYACA,ND,MONETARIO,NUTRICIÓN,CC,DESPLAZADOS,4.500.001 - 6.000.000,0 - 1.300.000,2018-01-01,30-49,SI,1
SI,15,15572,NO,ACTIVO,ND,2014-03-01,Hombre,ND,BOYACA,PUERTO BOYACA,ND,MONETARIO,ND,CC,SISBEN,1.500.001 - 3.000.000,0 - 1.300.000,2018-01-01,30-49,SI,1
SI,15,15572,NO,ACTIVO,AFROCOLOMBIANO – NEGRO,2012-12-01,Mujer,ND,BOYACA,PUERTO BOYACA,ND,MONETARIO,ND,CC,DESPLAZADOS,3.000.001 - 4.500.000,0 - 1.300.000,2018-01-01,30-49,SI,1
NO,15,15572,NO,ACTIVO,AFROCOLOMBIANO – NEGRO,2018-11-01,Mujer,ND,BOYACA,PUERTO BOYACA,Colombia,ND,ND,CC,UNIDOS,0 - 1.500.000,0 - 1.300.000,1900-01-01,30-49,NO,1
NO,15,15572,NO,ACTIVO,ND,2012-10-01,Hombre,ND,BOYACA,PUERTO BOYACA,ND,MONETARIO,ND,CC,SISBEN,1.500.001 - 3.000.000,0 - 1.300.000,2015-01-01,30-49,NO,1
SI,15,15572,NO,ACTIVO,ROM O GITANO,2012-12-01,Mujer,ND,BOYACA,PUERTO BOYACA,ND,MONETARIO,ND,CC,SISBEN,3.000.001 - 4.500.000,0 - 1.300.000,2018-01-01,30-49,SI,1
NO,15,15572,NO,ACTIVO,ND,2015-05-01,Hombre,ND,BOYACA,PUERTO BOYACA,ND,ND,NUTRICIÓN MENOR,RC,UNIDOS,0 - 1.500.000,0 - 1.300.000,1900-01-01,06-17,NO,4
SI,15,15572,NO,ACTIVO,ND,2012-12-01,Mujer,ND,BOYACA,PUERTO BOYACA,ND,MONETARIO,ND,CC,SISBEN,3.000.001 - 4.500.000,0 - 1.300.000,2018-01-01,30-49,SI,2
NO,15,15572,NO,ACTIVO,ND,2018-06-01,Hombre,ND,BOYACA,PUERTO BOYACA,ND,ND,NUTRICIÓN MENOR,RC,SISBEN,0 - 1.500.000,0 - 1.300.000,1900-01-01,06-17,NO,1
NO,15,15572,NO,ACTIVO,ND,2012-12-01,Mujer,ND,BOYACA,PUERTO BOYACA,ND,MONETARIO,ND,CC,SISBEN,4.500.001 - 6.000.000,0 - 1.300.000,2018-01-01,18-29,SI,1
NO,15,15572,NO,ACTIVO,ND,2016-07-01,Hombre,ND,BOYACA,PUERTO BOYACA,ND,ND,NUTRICIÓN MENOR,RC,SISBEN,0 - 1.500.000,0 - 1.300.000,1900-01-01,06-17,NO,4
NO,15,15572,NO,ACTIVO,ND,2016-09-01,Mujer,ND,BOYACA,PUERTO BOYACA,ND,ND,NUTRICIÓN MENOR,RC,UNIDOS,0 - 1.500.000,0 - 1.300.000,1900-01-01,06-17,NO,2
NO,15,15572,NO,ACTIVO,ND,2016-07-01,Mujer,ND,BOYACA,PUERTO BOYACA,ND,ND,ND,RC,SISBEN,0 - 1.500.000,0 - 1.300.000,1900-01-01,06-17,NO,1
NO,15,15572,NO,ACTIVO,ND,2017-02-01,Mujer,ND,BOYACA,PUERTO BOYACA,ND,MONETARIO,ND,CC,DESPLAZADOS,0 - 1.500.000,0 - 1.300.000,2018-01-01,30-49,SI,1
NO,15,15572,NO,ACTIVO,ND,2018-11-01,Hombre,ND,BOYACA,PUERTO BOYACA,Colombia,ND,ND,CC,UNIDOS,0 - 1.500.000,0 - 1.300.000,1900-01-01,50-65,NO,1
NO,15,15572,NO,ACTIVO,ND,2013-05-01,Mujer,SECUNDARIA,BOYACA,PUERTO BOYACA,ND,ND,EDUCACIÓN SECUNDARIA,TI,UNIDOS,0 - 1.500.000,0 - 1.300.000,1900-01-01,18-29,NO,2
NO,15,15572,NO,ACTIVO,AFROCOLOMBIANO – NEGRO,2012-12-01,Hombre,ND,BOYACA,PUERTO BOYACA,ND,ND,ND,RC,SISBEN,0 - 1.500.000,0 - 1.300.000,1900-01-01,18-29,NO,1
NO,15,15572,NO,ACTIVO,ND,2015-03-01,Mujer,ND,BOYACA,PUERTO BOYACA,ND,ND,NUTRICIÓN MENOR,RC,SISBEN,0 - 1.500.000,0 - 1.300.000,1900-01-01,06-17,NO,29
NO,15,15572,NO,ACTIVO,ND,2012-11-01,Hombre,SECUNDARIA,BOYACA,PUERTO BOYACA,ND,ND,EDUCACIÓN SECUNDARIA,CC,DESPLAZADOS,0 - 1.500.000,0 - 1.300.000,1900-01-01,18-29,NO,1
NO,15,15572,NO,NO ACTIVO,ND,2012-12-01,Mujer,SECUNDARIA,BOYACA,PUERTO BOYACA,ND,ND,ND,RC,DESPLAZADOS,0 - 1.500.000,0 - 1.300.000,1900-01-01,18-29,NO,1
NO,15,15572,NO,ACTIVO,ND,2015-07-01,Mujer,PRIMARIA,BOYACA,PUERTO BOYACA,ND,ND,EDUCACIÓN PRIMARIA,RC,SISBEN,0 - 1.500.000,0 - 1.300.000,1900-01-01,06-17,NO,1
SI,15,15572,NO,ACTIVO,AFROCOLOMBIANO – NEGRO,2012-12-01,Mujer,ND,BOYACA,PUERTO BOYACA,ND,MONETARIO,ND,CC,UNIDOS,> 6.000.001,0 - 1.300.000,2018-01-01,50-65,SI,1
NO,15,15572,NO,ACTIVO,ND,2015-03-01,Hombre,TRANSICION,BOYACA,PUERTO BOYACA,ND,ND,TRANSICIÓNNUTRICIÓN MENOR,RC,SISBEN,0 - 1.500.000,0 - 1.300.000,1900-01-01,06-17,NO,7
ND,15,15572,NO,NO ACTIVO,ND,2012-12-01,Hombre,ND,BOYACA,PUERTO BOYACA,COLOMBIA,ND,ND,TI,UNIDOS,0 - 1.500.000,0 - 1.300.000,1900-01-01,18-29,NO,1
NO,15,15572,NO,ACTIVO,ND,2015-12-01,Hombre,ND,BOYACA,PUERTO BOYACA,ND,ND,NUTRICIÓN MENOR,RC,SISBEN,0 - 1.500.000,0 - 1.300.000,1900-01-01,06-17,NO,3
NO,15,15572,NO,ACTIVO,ND,2015-04-01,Hombre,ND,BOYACA,PUERTO BOYACA,ND,ND,NUTRICIÓN MENOR,RC,UNIDOS,0 - 1.500.000,0 - 1.300.000,1900-01-01,06-17,NO,2
NO,15,15572,NO,NO ACTIVO,ND,2012-12-01,Mujer,ND,BOYACA,PUERTO BOYACA,ND,ND,ND,TI,DESPLAZADOS,0 - 1.500.000,0 - 1.300.000,1900-01-01,18-29,NO,31
NO,15,15572,NO,ACTIVO,ND,2014-05-01,Hombre,PRIMARIA,BOYACA,PUERTO BOYACA,ND,ND,EDUCACIÓN PRIMARIA,TI,DESPLAZADOS,0 - 1.500.000,0 - 1.300.000,1900-01-01,06-17,NO,1
NO,15,15572,NO,ACTIVO,ND,2016-12-01,Mujer,ND,BOYACA,PUERTO BOYACA,ND,ND,ND,TI,DESPLAZADOS,0 - 1.500.000,0 - 1.300.000,1900-01-01,18-29,NO,1
SI,15,15572,NO,NO ACTIVO,ND,2012-12-01,Mujer,ND,BOYACA,PUERTO BOYACA,Colombia,MONETARIO,ND,CC,ND,0 - 1.500.000,0 - 1.300.000,2014-01-01,50-65,SI,2
SI,15,15572,NO,ACTIVO,ND,2015-12-01,Mujer,ND,BOYACA,PUERTO BOYACA,ND,MONETARIO,NUTRICIÓN,CC,DESPLAZADOS,1.500.001 - 3.000.000,0 - 1.300.000,2018-01-01,30-49,SI,1
NO,15,15572,NO,ACTIVO,ND,2015-08-01,Hombre,ND,BOYACA,PUERTO BOYACA,ND,ND,NUTRICIÓN MENOR,RC,UNIDOS,0 - 1.500.000,0 - 1.300.000,1900-01-01,06-17,NO,2
NO,15,15572,NO,ACTIVO,ND,2015-04-01,Hombre,ND,BOYACA,PUERTO BOYACA,ND,ND,NUTRICIÓN MENOR,RC,SISBEN,0 - 1.500.000,0 - 1.300.000,1900-01-01,06-17,NO,7
NO,15,15572,NO,ACTIVO,ND,2015-11-01,Mujer,TRANSICION,BOYACA,PUERTO BOYACA,ND,ND,TRANSICIÓNNUTRICIÓN MENOR,RC,DESPLAZADOS,0 - 1.500.000,0 - 1.300.000,1900-01-01,06-17,NO,1
SI,15,15572,NO,ACTIVO,ND,2015-11-01,Hombre,ND,BOYACA,PUERTO BOYACA,ND,MONETARIO,NUTRICIÓN,CC,DESPLAZADOS,3.000.001 - 4.500.000,0 - 1.300.000,2018-01-01,30-49,SI,1
NO,15,15572,NO,ACTIVO,AFROCOLOMBIANO – NEGRO,2012-12-01,Hombre,SECUNDARIA,BOYACA,PUERTO BOYACA,ND,ND,EDUCACIÓN SECUNDARIA,TI,DESPLAZADOS,0 - 1.500.000,0 - 1.300.000,1900-01-01,18-29,NO,3
NO,15,15572,NO,ACTIVO,ND,2012-12-01,Hombre,TRANSICION,BOYACA,PUERTO BOYACA,ND,ND,TRANSICIÓNNUTRICIÓN MENOR,RC,DESPLAZADOS,0 - 1.500.000,0 - 1.300.000,1900-01-01,06-17,NO,2
NO,15,15572,NO,ACTIVO,ND,2012-11-01,Mujer,ND,BOYACA,PUERTO BOYACA,Colombia,ND,EDUCACIÓN SECUNDARIA,TI,SISBEN,0 - 1.500.000,0 - 1.300.000,1900-01-01,18-29,NO,1
NO,15,15572,NO,ACTIVO,ND,2015-07-01,Mujer,SECUNDARIA,BOYACA,PUERTO BOYACA,ND,ND,EDUCACIÓN SECUNDARIA,TI,DESPLAZADOS,0 - 1.500.000,0 - 1.300.000,1900-01-01,18-29,NO,1
NO,15,15572,NO,ACTIVO,ND,2013-07-01,Mujer,ND,BOYACA,PUERTO BOYACA,ND,ND,ND,RC,DESPLAZADOS,0 - 1.500.000,0 - 1.300.000,1900-01-01,06-17,NO,1
NO,15,15572,NO,ACTIVO,AFROCOLOMBIANO – NEGRO,2012-12-01,Mujer,ND,BOYACA,PUERTO BOYACA,Colombia,ND,EDUCACIÓN PRIMARIA,TI,DESPLAZADOS,0 - 1.500.000,0 - 1.300.000,1900-01-01,18-29,NO,1
NO,15,15572,NO,NO ACTIVO,ND,2013-04-01,Mujer,ND,BOYACA,PUERTO BOYACA,Colombia,ND,ND,CC,SISBEN,0 - 1.500.000,0 - 1.300.000,1900-01-01,30-49,SI,1
NO,15,15572,NO,ACTIVO,ND,2015-09-01,Mujer,ND,BOYACA,PUERTO BOYACA,ND,ND,ND,RC,DESPLAZADOS,0 - 1.500.000,0 - 1.300.000,1900-01-01,06-17,NO,1
NO,15,15572,NO,NO ACTIVO,ND,2012-12-01,Mujer,ND,BOYACA,PUERTO BOYACA,ND,ND,ND,CC,ND,0 - 1.500.000,0 - 1.300.000,1900-01-01,30-49,SI,1
SI,15,15572,NO,ACTIVO,ND,2012-12-01,Mujer,ND,BOYACA,PUERTO BOYACA,ND,MONETARIO,ND,CC,DESPLAZADOS,1.500.001 - 3.000.000,0 - 1.300.000,2018-01-01,50-65,SI,1
SI,15,15572,NO,ACTIVO,ND,2012-12-01,Hombre,ND,BOYACA,PUERTO BOYACA,ND,MONETARIO,ND,CC,SISBEN,1.500.001 - 3.000.000,0 - 1.300.000,2018-01-01,30-49,SI,1
SI,15,15572,NO,ACTIVO,ND,2012-12-01,Hombre,ND,BOYACA,PUERTO BOYACA,ND,MONETARIO,ND,CC,UNIDOS,1.500.001 - 3.000.000,0 - 1.300.000,2018-01-01,>65,SI,1
SI,15,15572,NO,ACTIVO,ND,2015-07-01,Hombre,ND,BOYACA,PUERTO BOYACA,ND,MONETARIO,NUTRICIÓN,CC,DESPLAZADOS,3.000.001 - 4.500.000,0 - 1.300.000,2018-01-01,30-49,SI,1
SI,15,15572,NO,ACTIVO,ROM O GITANO,2012-12-01,Mujer,ND,BOYACA,PUERTO BOYACA,ND,MONETARIO,ND,CC,UNIDOS,0 - 1.500.000,0 - 1.300.000,2018-01-01,30-49,SI,1
NO,15,15572,NO,NO ACTIVO,ND,2012-12-01,Mujer,ND,BOYACA,PUERTO BOYACA,ND,MONETARIO,ND,CC,SISBEN,0 - 1.500.000,0 - 1.300.000,2013-01-01,30-49,NO,1
NO,15,15572,NO,ACTIVO,ND,2016-11-01,Mujer,ND,BOYACA,PUERTO BOYACA,ND,ND,NUTRICIÓN MENOR,RC,SISBEN,0 - 1.500.000,0 - 1.300.000,1900-01-01,06-17,NO,5
SI,15,15572,NO,ACTIVO,ND,2013-06-01,Mujer,ND,BOYACA,PUERTO BOYACA,ND,MONETARIO,ND,CC,DESPLAZADOS,3.000.001 - 4.500.000,0 - 1.300.000,2018-01-01,30-49,SI,1
NO,15,15572,NO,ACTIVO,ND,2016-03-01,Hombre,PRIMARIA,BOYACA,PUERTO BOYACA,ND,ND,EDUCACIÓN PRIMARIA,TI,DESPLAZADOS,0 - 1.500.000,0 - 1.300.000,1900-01-01,06-17,NO,1
NO,15,15572,NO,ACTIVO,ND,2014-11-01,Mujer,SECUNDARIA,BOYACA,PUERTO BOYACA,ND,ND,EDUCACIÓN SECUNDARIA,TI,DESPLAZADOS,0 - 1.500.000,0 - 1.300.000,1900-01-01,18-29,NO,3
NO,15,15572,NO,ACTIVO,ND,2015-06-01,Mujer,ND,BOYACA,PUERTO BOYACA,ND,MONETARIO,ND,CC,DESPLAZADOS,1.500.001 - 3.000.000,0 - 1.300.000,2018-01-01,50-65,SI,1
SI,15,15572,NO,ACTIVO,ND,2012-12-01,Hombre,ND,BOYACA,PUERTO BOYACA,ND,MONETARIO,NUTRICIÓN,CC,UNIDOS,4.500.001 - 6.000.000,0 - 1.300.000,2018-01-01,30-49,SI,1
NO,15,15572,NO,ACTIVO,ND,2016-04-01,Hombre,ND,BOYACA,PUERTO BOYACA,ND,ND,NUTRICIÓN MENOR,RC,UNIDOS,0 - 1.500.000,0 - 1.300.000,1900-01-01,06-17,NO,2
,15,15572,NO,NO ACTIVO,ND,2012-12-01,Hombre,SIN ESPECIFICAR,BOYACA,PUERTO BOYACA,ND,ND,ND,CC,UNIDOS,0 - 1.500.000,0 - 1.300.000,1900-01-01,18-29,NO,1
NO,15,15572,NO,NO ACTIVO,ND,2012-12-01,Hombre,ND,BOYACA,PUERTO BOYACA,ND,ND,EDUCACIÓN SECUNDARIA,TI,SISBEN,0 - 1.500.000,0 - 1.300.000,1900-01-01,18-29,NO,1
NO,15,15572,NO,ACTIVO,ND,2012-12-01,Hombre,ND,BOYACA,PUERTO BOYACA,ND,MONETARIO,ND,CC,SISBEN,0 - 1.500.000,0 - 1.300.000,2018-01-01,18-29,SI,1
SI,15,15572,NO,ACTIVO,ND,2012-12-01,Mujer,ND,BOYACA,PUERTO BOYACA,ND,MONETARIO,ND,CC,UNIDOS,> 6.000.001,0 - 1.300.000,2018-01-01,30-49,SI,1
NO,15,15572,NO,NO ACTIVO,ND,2013-06-01,Mujer,ND,BOYACA,PUERTO BOYACA,ND,ND,EDUCACIÓN SECUNDARIA,TI,ND,0 - 1.500.000,0 - 1.300.000,1900-01-01,18-29,NO,1
SI,15,15572,NO,ACTIVO,ND,2012-12-01,Hombre,ND,BOYACA,PUERTO BOYACA,ND,MONETARIO,ND,CC,SISBEN,1.500.001 - 3.000.000,0 - 1.300.000,2018-01-01,50-65,SI,1
NO,15,15572,NO,ACTIVO,ND,2012-12-01,Mujer,ND,BOYACA,PUERTO BOYACA,ND,ND,ND,RC,ND,0 - 1.500.000,0 - 1.300.000,1900-01-01,06-17,NO,1
NO,15,15572,NO,ACTIVO,ND,2012-12-01,Mujer,TRANSICION,BOYACA,PUERTO BOYACA,ND,ND,TRANSICIÓNNUTRICIÓN MENOR,RC,DESPLAZADOS,0 - 1.500.000,0 - 1.300.000,1900-01-01,06-17,NO,4
,15,15572,NO,ACTIVO,AFROCOLOMBIANO – NEGRO,2012-12-01,Hombre,SIN ESPECIFICAR,BOYACA,PUERTO BOYACA,ND,ND,ND,TI,SISBEN,0 - 1.500.000,0 - 1.300.000,1900-01-01,18-29,NO,1
NO,15,15572,NO,ACTIVO,ND,2012-12-01,Mujer,TRANSICION,BOYACA,PUERTO BOYACA,ND,ND,TRANSICIÓN,RC,SISBEN,0 - 1.500.000,0 - 1.300.000,1900-01-01,06-17,NO,27
NO,15,15572,ND,ACTIVO,ND,2012-12-01,Mujer,ND,BOYACA,PUERTO BOYACA,Colombia,ND,EDUCACIÓN SECUNDARIA,CC,ND,0 - 1.500.000,0 - 1.300.000,1900-01-01,18-29,NO,1
NO,15,15572,NO,ACTIVO,ND,2015-11-01,Hombre,TRANSICION,BOYACA,PUERTO BOYACA,ND,ND,TRANSICIÓNNUTRICIÓN MENOR,RC,SISBEN,0 - 1.500.000,0 - 1.300.000,1900-01-01,06-17,NO,1
ND,15,15572,NO,ACTIVO,ND,2015-03-01,ND,ND,BOYACA,PUERTO BOYACA,ND,MONETARIO,NUTRICIÓN,CC,UNIDOS,1.500.001 - 3.000.000,0 - 1.300.000,2018-01-01,30-49,SI,1
SI,15,15572,NO,ACTIVO,ND,2012-10-01,Mujer,ND,BOYACA,PUERTO BOYACA,ND,MONETARIO,ND,CC,SISBEN,3.000.001 - 4.500.000,0 - 1.300.000,2018-01-01,30-49,SI,1
NO,15,15572,NO,NO ACTIVO,ND,2012-12-01,Mujer,ND,BOYACA,PUERTO BOYACA,ND,ND,EDUCACIÓN SECUNDARIA,TI,ND,0 - 1.500.000,0 - 1.300.000,1900-01-01,18-29,NO,4
SI,15,15572,NO,ACTIVO,AFROCOLOMBIANO – NEGRO,2012-12-01,Mujer,ND,BOYACA,PUERTO BOYACA,ND,MONETARIO,ND,CC,UNIDOS,3.000.001 - 4.500.000,0 - 1.300.000,2018-01-01,50-65,SI,1
SI,15,15572,NO,ACTIVO,ND,2012-12-01,Mujer,ND,BOYACA,PUERTO BOYACA,ND,MONETARIO,ND,CC,SISBEN,0 - 1.500.000,0 - 1.300.000,2018-01-01,50-65,SI,1
NO,15,15572,NO,ACTIVO,AFROCOLOMBIANO – NEGRO,2012-12-01,Hombre,ND,BOYACA,PUERTO BOYACA,ND,ND,ND,TI,DESPLAZADOS,0 - 1.500.000,0 - 1.300.000,1900-01-01,18-29,NO,4
SI,15,15572,NO,NO ACTIVO,ND,2012-12-01,Mujer,ND,BOYACA,PUERTO BOYACA,Colombia,MONETARIO,NUTRICIÓN,CC,ND,0 - 1.500.000,0 - 1.300.000,2014-01-01,50-65,SI,1
NO,15,15572,NO,ACTIVO,ND,2015-04-01,Hombre,SECUNDARIA,BOYACA,PUERTO BOYACA,ND,ND,EDUCACIÓN SECUNDARIA,TI,DESPLAZADOS,0 - 1.500.000,0 - 1.300.000,1900-01-01,18-29,NO,1
ND,15,15572,NO,ACTIVO,ND,2015-06-01,Mujer,ND,BOYACA,PUERTO BOYACA,ND,ND,ND,CC,DESPLAZADOS,0 - 1.500.000,0 - 1.300.000,1900-01-01,18-29,NO,1
SI,15,15572,NO,ACTIVO,ND,2012-12-01,Mujer,ND,BOYACA,PUERTO BOYACA,ND,MONETARIO,ND,CC,SISBEN,1.500.001 - 3.000.000,0 - 1.300.000,2018-01-01,50-65,SI,2
SI,15,15572,NO,ACTIVO,AFROCOLOMBIANO – NEGRO,2012-12-01,Mujer,ND,BOYACA,PUERTO BOYACA,ND,MONETARIO,NUTRICIÓN,CC,SISBEN,> 6.000.001,0 - 1.300.000,2018-01-01,30-49,SI,1
NO,15,15572,NO,ACTIVO,ND,2012-12-01,Mujer,ND,BOYACA,PUERTO BOYACA,ND,ND,ND,CC,UNIDOS,0 - 1.500.000,0 - 1.300.000,1900-01-01,18-29,NO,29
NO,15,15572,NO,ACTIVO,ND,2018-04-01,Mujer,ND,BOYACA,PUERTO BOYACA,ND,ND,NUTRICIÓN MENOR,RC,DESPLAZADOS,0 - 1.500.000,0 - 1.300.000,1900-01-01,06-17,NO,1
NO,15,15572,NO,ACTIVO,ND,2015-11-01,Mujer,PRIMARIA,BOYACA,PUERTO BOYACA,ND,ND,EDUCACIÓN PRIMARIA,RC,DESPLAZADOS,0 - 1.500.000,0 - 1.300.000,1900-01-01,06-17,NO,3
,15,15572,ND,ACTIVO,ND,2017-03-01,Hombre,ND,BOYACA,PUERTO BOYACA,COLOMBIA,ND,EDUCACIÓN PRIMARIA,RC,DESPLAZADOS,0 - 1.500.000,0 - 1.300.000,1900-01-01,06-17,NO,1
SI,15,15572,NO,ACTIVO,ND,2012-12-01,Hombre,ND,BOYACA,PUERTO BOYACA,ND,MONETARIO,ND,CC,UNIDOS,4.500.001 - 6.000.000,0 - 1.300.000,2018-01-01,50-65,SI,1
NO,15,15572,NO,NO ACTIVO,ND,2012-12-01,Hombre,ND,BOYACA,PUERTO BOYACA,Colombia,ND,EDUCACIÓN SECUNDARIA,TI,SISBEN,0 - 1.500.000,0 - 1.300.000,1900-01-01,18-29,NO,1
NO,15,15572,NO,ACTIVO,AFROCOLOMBIANO – NEGRO,2012-12-01,Hombre,ND,BOYACA,PUERTO BOYACA,ND,ND,ND,RC,SISBEN,0 - 1.500.000,0 - 1.300.000,1900-01-01,06-17,NO,1
SI,15,15572,NO,ACTIVO,AFROCOLOMBIANO – NEGRO,2012-12-01,Mujer,ND,BOYACA,PUERTO BOYACA,ND,MONETARIO,NUTRICIÓN,CC,UNIDOS,4.500.001 - 6.000.000,0 - 1.300.000,2018-01-01,50-65,SI,1
SI,15,15572,NO,NO ACTIVO,ND,2012-12-01,Mujer,ND,BOYACA,PUERTO BOYACA,Colombia,MONETARIO,ND,CC,ND,0 - 1.500.000,0 - 1.300.000,2014-01-01,50-65,SI,7
NO,15,15572,NO,ACTIVO,ND,2016-12-01,Mujer,SECUNDARIA,BOYACA,PUERTO BOYACA,ND,ND,EDUCACIÓN SECUNDARIA,TI,DESPLAZADOS,0 - 1.500.000,0 - 1.300.000,1900-01-01,18-29,NO,1
NO,15,15572,NO,ACTIVO,ND,2012-12-01,Mujer,TRANSICION,BOYACA,PUERTO BOYACA,ND,ND,TRANSICIÓN,RC,UNIDOS,0 - 1.500.000,0 - 1.300.000,1900-01-01,06-17,NO,6
SI,15,15572,NO,ACTIVO,ND,2012-11-01,Mujer,ND,BOYACA,PUERTO BOYACA,ND,MONETARIO,ND,CC,DESPLAZADOS,1.500.001 - 3.000.000,0 - 1.300.000,2018-01-01,50-65,SI,1
NO,15,15572,NO,ACTIVO,ND,2016-03-01,Mujer,ND,BOYACA,PUERTO BOYACA,ND,ND,NUTRICIÓN MENOR,RC,DESPLAZADOS,0 - 1.500.000,0 - 1.300.000,1900-01-01,06-17,NO,1
ND,15,15572,NO,NO ACTIVO,ND,2012-12-01,Hombre,ND,BOYACA,PUERTO BOYACA,ND,ND,ND,CC,SISBEN,0 - 1.500.000,0 - 1.300.000,1900-01-01,18-29,NO,2
NO,15,15572,NO,ACTIVO,ND,2017-10-01,Mujer,SECUNDARIA,BOYACA,PUERTO BOYACA,Colombia,ND,EDUCACIÓN SECUNDARIA,TI,UNIDOS,0 - 1.500.000,0 - 1.300.000,1900-01-01,18-29,NO,1
NO,15,15572,NO,ACTIVO,ND,2017-09-01,Mujer,ND,BOYACA,PUERTO BOYACA,ND,ND,ND,RC,SISBEN,0 - 1.500.000,0 - 1.300.000,1900-01-01,06-17,NO,1
SI,15,15572,NO,ACTIVO,ND,2012-12-01,Hombre,ND,BOYACA,PUERTO BOYACA,ND,MONETARIO,ND,CC,SISBEN,1.500.001 - 3.000.000,0 - 1.300.000,2018-01-01,>65,SI,1
SI,15,15572,NO,ACTIVO,ND,2012-12-01,Mujer,ND,BOYACA,PUERTO BOYACA,ND,MONETARIO,ND,CC,SISBEN,3.000.001 - 4.500.000,0 - 1.300.000,2018-01-01,50-65,SI,2
,15,15572,NO,NO ACTIVO,ND,2012-12-01,Mujer,SIN ESPECIFICAR,BOYACA,PUERTO BOYACA,ND,ND,ND,CC,UNIDOS,0 - 1.500.000,0 - 1.300.000,1900-01-01,50-65,SI,1
,15,15572,NO,ACTIVO,ND,2018-04-01,Mujer,ND,BOYACA,PUERTO BOYACA,ND,ND,NUTRICIÓN MENOR,RC,DESPLAZADOS,0 - 1.500.000,0 - 1.300.000,1900-01-01,06-17,NO,1
NO,15,15572,NO,ACTIVO,ND,2016-05-01,Hombre,ND,BOYACA,PUERTO BOYACA,ND,ND,NUTRICIÓN MENOR,RC,UNIDOS,0 - 1.500.000,0 - 1.300.000,1900-01-01,06-17,NO,1
SI,15,15572,NO,ACTIVO,ND,2012-12-01,Mujer,ND,BOYACA,PUERTO BOYACA,ND,MONETARIO,ND,CC,DESPLAZADOS,3.000.001 - 4.500.000,0 - 1.300.000,2018-01-01,50-65,SI,1
NO,15,15572,NO,ACTIVO,ND,2012-12-01,Hombre,SECUNDARIA,BOYACA,PUERTO BOYACA,ND,ND,ND,RC,UNIDOS,0 - 1.500.000,0 - 1.300.000,1900-01-01,18-29,NO,1
NO,15,15572,NO,ACTIVO,ND,2015-09-01,Mujer,ND,BOYACA,PUERTO BOYACA,ND,ND,NUTRICIÓN MENOR,RC,SISBEN,0 - 1.500.000,0 - 1.300.000,1900-01-01,06-17,NO,3
NO,15,15572,NO,ACTIVO,ND,2017-05-01,Hombre,SECUNDARIA,BOYACA,PUERTO BOYACA,Colombia,ND,EDUCACIÓN SECUNDARIA,TI,SISBEN,0 - 1.500.000,0 - 1.300.000,1900-01-01,18-29,NO,1
,15,15572,ND,ACTIVO,ND,2017-09-01,Hombre,ND,BOYACA,PUERTO BOYACA,COLOMBIA,ND,NUTRICIÓN MENOR,RC,DESPLAZADOS,0 - 1.500.000,0 - 1.300.000,1900-01-01,06-17,NO,1
NO,15,15572,NO,ACTIVO,ND,2015-08-01,Mujer,SECUNDARIA,BOYACA,PUERTO BOYACA,ND,ND,ND,TI,SISBEN,0 - 1.500.000,0 - 1.300.000,1900-01-01,18-29,NO,1
NO,15,15572,NO,NO ACTIVO,ND,2013-06-01,Hombre,ND,BOYACA,PUERTO BOYACA,ND,ND,EDUCACIÓN PRIMARIA,RC,ND,0 - 1.500.000,0 - 1.300.000,1900-01-01,06-17,NO,1
SI,15,15572,NO,NO ACTIVO,ND,2012-12-01,Mujer,ND,BOYACA,PUERTO BOYACA,Colombia,MONETARIO,ND,TI,SISBEN,0 - 1.500.000,0 - 1.300.000,2014-01-01,18-29,SI,1
NO,15,15572,NO,ACTIVO,ND,2013-05-01,Hombre,ND,BOYACA,PUERTO BOYACA,ND,ND,ND,TI,DESPLAZADOS,0 - 1.500.000,0 - 1.300.000,1900-01-01,18-29,NO,1
NO,15,15572,SI,ACTIVO,ND,2012-12-01,Hombre,SECUNDARIA,BOYACA,PUERTO BOYACA,ND,ND,EDUCACIÓN SECUNDARIA,TI,SISBEN,0 - 1.500.000,0 - 1.300.000,1900-01-01,18-29,NO,3
SI,15,15572,NO,ACTIVO,AFROCOLOMBIANO – NEGRO,2012-12-01,Mujer,ND,BOYACA,PUERTO BOYACA,ND,MONETARIO,NUTRICIÓN,CC,UNIDOS,3.000.001 - 4.500.000,0 - 1.300.000,2018-01-01,30-49,SI,1
SI,15,15572,NO,NO ACTIVO,ND,2012-12-01,Mujer,ND,BOYACA,PUERTO BOYACA,Colombia,ND,ND,CC,SISBEN,0 - 1.500.000,0 - 1.300.000,2015-01-01,>65,SI,1
NO,15,15572,NO,ACTIVO,ND,2018-10-01,Hombre,SECUNDARIA,BOYACA,PUERTO BOYACA,ND,ND,ND,TI,SISBEN,0 - 1.500.000,0 - 1.300.000,1900-01-01,18-29,NO,1
SI,15,15572,NO,NO ACTIVO,ND,2012-12-01,Hombre,ND,BOYACA,PUERTO BOYACA,ND,MONETARIO,ND,CC,SISBEN,0 - 1.500.000,0 - 1.300.000,2017-01-01,>65,SI,1
NO,15,15572,NO,ACTIVO,ND,2016-02-01,Mujer,ND,BOYACA,PUERTO BOYACA,ND,ND,NUTRICIÓN MENOR,RC,SISBEN,0 - 1.500.000,0 - 1.300.000,1900-01-01,06-17,NO,5
NO,15,15572,NO,ACTIVO,ND,2016-04-01,Hombre,ND,BOYACA,PUERTO BOYACA,ND,ND,NUTRICIÓN MENOR,RC,SISBEN,0 - 1.500.000,0 - 1.300.000,1900-01-01,06-17,NO,5
NO,15,15572,NO,ACTIVO,ND,2012-12-01,Mujer,ND,BOYACA,PUERTO BOYACA,Colombia,ND,ND,TI,SISBEN,0 - 1.500.000,0 - 1.300.000,1900-01-01,18-29,NO,2
NO,15,15572,NO,ACTIVO,ND,2015-10-01,Hombre,TRANSICION,BOYACA,PUERTO BOYACA,ND,ND,TRANSICIÓNNUTRICIÓN MENOR,RC,DESPLAZADOS,0 - 1.500.000,0 - 1.300.000,1900-01-01,06-17,NO,1
,15,15572,NO,ACTIVO,ND,2012-12-01,Hombre,SIN ESPECIFICAR,BOYACA,PUERTO BOYACA,ND,ND,EDUCACIÓN PRIMARIA,RC,SISBEN,0 - 1.500.000,0 - 1.300.000,1900-01-01,06-17,NO,1
NO,15,15572,SI,ACTIVO,ND,2012-10-01,Hombre,PRIMARIA,BOYACA,PUERTO BOYACA,ND,ND,ND,RC,SISBEN,0 - 1.500.000,0 - 1.300.000,1900-01-01,06-17,NO,1
SI,15,15572,NO,ACTIVO,ND,2013-04-01,Mujer,ND,BOYACA,PUERTO BOYACA,ND,MONETARIO,ND,CC,DESPLAZADOS,1.500.001 - 3.000.000,0 - 1.300.000,2018-01-01,50-65,SI,1
NO,15,15572,SI,ACTIVO,ND,2014-09-01,Mujer,PRIMARIA,BOYACA,PUERTO BOYACA,ND,ND,EDUCACIÓN PRIMARIA,RC,SISBEN,0 - 1.500.000,0 - 1.300.000,1900-01-01,06-17,NO,1
SI,15,15572,NO,NO ACTIVO,AFROCOLOMBIANO – NEGRO,2012-12-01,Mujer,ND,BOYACA,PUERTO BOYACA,ND,MONETARIO,ND,CC,UNIDOS,0 - 1.500.000,0 - 1.300.000,2018-01-01,50-65,SI,1
SI,15,15572,NO,ACTIVO,ND,2012-12-01,Mujer,ND,BOYACA,PUERTO BOYACA,ND,MONETARIO,ND,CC,UNIDOS,4.500.001 - 6.000.000,0 - 1.300.000,2018-01-01,30-49,SI,1
NO,15,15572,NO,ACTIVO,ND,2015-03-01,Mujer,TRANSICION,BOYACA,PUERTO BOYACA,ND,ND,TRANSICIÓN,RC,SISBEN,0 - 1.500.000,0 - 1.300.000,1900-01-01,06-17,NO,2
NO,15,15572,NO,ACTIVO,ND,2012-12-01,Mujer,ND,BOYACA,PUERTO BOYACA,ND,MONETARIO,ND,CC,SISBEN,3.000.001 - 4.500.000,0 - 1.300.000,2018-01-01,18-29,SI,1
NO,15,15572,NO,ACTIVO,AFROCOLOMBIANO – NEGRO,2015-05-01,Hombre,ND,BOYACA,PUERTO BOYACA,ND,ND,ND,TI,DESPLAZADOS,0 - 1.500.000,0 - 1.300.000,1900-01-01,18-29,NO,1
SI,15,15572,NO,ACTIVO,AFROCOLOMBIANO – NEGRO,2012-12-01,Mujer,ND,BOYACA,PUERTO BOYACA,ND,MONETARIO,ND,CC,DESPLAZADOS,1.500.001 - 3.000.000,0 - 1.300.000,2018-01-01,30-49,SI,1
NO,15,15572,NO,ACTIVO,ND,2015-11-01,Hombre,ND,BOYACA,PUERTO BOYACA,ND,ND,NUTRICIÓN MENOR,RC,SISBEN,0 - 1.500.000,0 - 1.300.000,1900-01-01,06-17,NO,3
NO,15,15572,NO,ACTIVO,ND,2017-01-01,Hombre,PRIMARIA,BOYACA,PUERTO BOYACA,ND,ND,EDUCACIÓN PRIMARIA,TI,SISBEN,0 - 1.500.000,0 - 1.300.000,1900-01-01,06-17,NO,2
NO,15,15572,NO,ACTIVO,ND,2015-07-01,Hombre,ND,BOYACA,PUERTO BOYACA,ND,ND,NUTRICIÓN MENOR,RC,DESPLAZADOS,0 - 1.500.000,0 - 1.300.000,1900-01-01,06-17,NO,3
SI,15,15572,NO,NO ACTIVO,ND,2012-12-01,Hombre,ND,BOYACA,PUERTO BOYACA,Colombia,MONETARIO,EDUCACIÓN SECUNDARIA,TI,ND,0 - 1.500.000,0 - 1.300.000,2014-01-01,18-29,SI,1
SI,15,15572,NO,ACTIVO,AFROCOLOMBIANO – NEGRO,2012-12-01,Hombre,ND,BOYACA,PUERTO BOYACA,ND,MONETARIO,ND,CC,SISBEN,4.500.001 - 6.000.000,0 - 1.300.000,2018-01-01,30-49,SI,1
NO,15,15572,NO,ACTIVO,ND,2016-02-01,Hombre,TRANSICION,BOYACA,PUERTO BOYACA,ND,ND,TRANSICIÓNNUTRICIÓN MENOR,RC,SISBEN,0 - 1.500.000,0 - 1.300.000,1900-01-01,06-17,NO,1
NO,15,15572,NO,ACTIVO,ND,2016-05-01,Hombre,PRIMARIA,BOYACA,PUERTO BOYACA,ND,ND,EDUCACIÓN PRIMARIA,TI,DESPLAZADOS,0 - 1.500.000,0 - 1.300.000,1900-01-01,06-17,NO,1
SI,15,15572,NO,ACTIVO,ND,2016-03-01,Mujer,ND,BOYACA,PUERTO BOYACA,ND,MONETARIO,ND,CC,DESPLAZADOS,0 - 1.500.000,0 - 1.300.000,2018-01-01,30-49,SI,1
NO,15,15572,NO,ACTIVO,ND,2013-04-01,Hombre,SECUNDARIA,BOYACA,PUERTO BOYACA,ND,ND,EDUCACIÓN SECUNDARIA,TI,DESPLAZADOS,0 - 1.500.000,0 - 1.300.000,1900-01-01,18-29,NO,1
NO,15,15572,SI,ACTIVO,AFROCOLOMBIANO – NEGRO,2012-12-01,Mujer,ND,BOYACA,PUERTO BOYACA,ND,ND,ND,TI,UNIDOS,0 - 1.500.000,0 - 1.300.000,1900-01-01,18-29,NO,2
NO,15,15572,NO,ACTIVO,ND,2017-07-01,Mujer,ND,BOYACA,PUERTO BOYACA,ND,ND,NUTRICIÓN MENOR,RC,DESPLAZADOS,0 - 1.500.000,0 - 1.300.000,1900-01-01,06-17,NO,3
SI,15,15572,NO,ACTIVO,ND,2012-10-01,Mujer,ND,BOYACA,PUERTO BOYACA,ND,MONETARIO,NUTRICIÓN,CC,SISBEN,4.500.001 - 6.000.000,0 - 1.300.000,2018-01-01,30-49,SI,1
NO,15,15572,NO,ACTIVO,ND,2012-12-01,Hombre,ND,BOYACA,PUERTO BOYACA,Colombia,ND,NUTRICIÓN MENOR,RC,ND,0 - 1.500.000,0 - 1.300.000,1900-01-01,06-17,NO,1
NO,15,15572,NO,ACTIVO,ND,2012-11-01,Hombre,ND,BOYACA,PUERTO BOYACA,ND,ND,EDUCACIÓN PRIMARIA,RC,SISBEN,0 - 1.500.000,0 - 1.300.000,1900-01-01,06-17,NO,1
NO,15,15572,NO,ACTIVO,ND,2016-05-01,Mujer,ND,BOYACA,PUERTO BOYACA,ND,ND,NUTRICIÓN MENOR,RC,SISBEN,0 - 1.500.000,0 - 1.300.000,1900-01-01,06-17,NO,3
NO,15,15572,NO,ACTIVO,ND,2015-05-01,Hombre,ND,BOYACA,PUERTO BOYACA,ND,ND,NUTRICIÓN MENOR,RC,SISBEN,0 - 1.500.000,0 - 1.300.000,1900-01-01,06-17,NO,8
NO,15,15572,NO,ACTIVO,ND,2015-06-01,Mujer,SECUNDARIA,BOYACA,PUERTO BOYACA,ND,ND,EDUCACIÓN SECUNDARIA,TI,DESPLAZADOS,0 - 1.500.000,0 - 1.300.000,1900-01-01,18-29,NO,1
SI,15,15572,NO,NO ACTIVO,AFROCOLOMBIANO – NEGRO,2012-12-01,Mujer,ND,BOYACA,PUERTO BOYACA,ND,MONETARIO,ND,CC,UNIDOS,0 - 1.500.000,0 - 1.300.000,2016-01-01,>65,SI,1
SI,15,15572,NO,ACTIVO,ND,2012-12-01,Mujer,ND,BOYACA,PUERTO BOYACA,ND,MONETARIO,ND,CC,UNIDOS,1.500.001 - 3.000.000,0 - 1.300.000,2018-01-01,>65,SI,2
NO,15,15572,NO,ACTIVO,ND,2018-02-01,Hombre,ND,BOYACA,PUERTO BOYACA,ND,ND,NUTRICIÓN MENOR,RC,UNIDOS,0 - 1.500.000,0 - 1.300.000,1900-01-01,06-17,NO,1
NO,15,15572,NO,ACTIVO,ND,2016-02-01,Hombre,ND,BOYACA,PUERTO BOYACA,ND,ND,NUTRICIÓN MENOR,RC,DESPLAZADOS,0 - 1.500.000,0 - 1.300.000,1900-01-01,06-17,NO,2
NO,15,15572,NO,ACTIVO,ND,2012-12-01,Mujer,ND,BOYACA,PUERTO BOYACA,ND,MONETARIO,ND,CC,UNIDOS,0 - 1.500.000,0 - 1.300.000,2015-01-01,>65,NO,1
NO,15,15572,NO,NO ACTIVO,ND,2012-12-01,Mujer,ND,BOYACA,PUERTO BOYACA,Colombia,ND,ND,RC,DESPLAZADOS,0 - 1.500.000,0 - 1.300.000,1900-01-01,18-29,NO,1
SI,15,15572,NO,ACTIVO,ND,2012-12-01,Mujer,ND,BOYACA,PUERTO BOYACA,ND,MONETARIO,ND,CC,SISBEN,0 - 1.500.000,0 - 1.300.000,2018-01-01,30-49,SI,2
SI,15,15572,NO,NO ACTIVO,ND,2012-12-01,Mujer,ND,BOYACA,PUERTO BOYACA,Colombia,MONETARIO,ND,CC,ND,0 - 1.500.000,0 - 1.300.000,2014-01-01,30-49,SI,4
SI,15,15572,NO,ACTIVO,ND,2012-12-01,Hombre,ND,BOYACA,PUERTO BOYACA,ND,MONETARIO,ND,CC,DESPLAZADOS,> 6.000.001,0 - 1.300.000,2018-01-01,30-49,SI,1
SI,15,15572,NO,NO ACTIVO,ND,2012-12-01,Hombre,ND,BOYACA,PUERTO BOYACA,Colombia,MONETARIO,NUTRICIÓN,CC,ND,0 - 1.500.000,0 - 1.300.000,2014-01-01,50-65,SI,1
SI,15,15572,NO,ACTIVO,ROM O GITANO,2012-12-01,Mujer,ND,BOYACA,PUERTO BOYACA,ND,MONETARIO,ND,CC,UNIDOS,1.500.001 - 3.000.000,0 - 1.300.000,2018-01-01,30-49,SI,1
NO,15,15572,SI,ACTIVO,ND,2012-11-01,Mujer,ND,BOYACA,PUERTO BOYACA,COLOMBIA,MONETARIO,ND,CC,SISBEN,1.500.001 - 3.000.000,0 - 1.300.000,2018-01-01,50-65,SI,1
NO,15,15572,NO,NO ACTIVO,ND,2012-12-01,Hombre,ND,BOYACA,PUERTO BOYACA,ND,ND,NUTRICIÓN MENOR,TI,ND,0 - 1.500.000,0 - 1.300.000,1900-01-01,06-17,NO,1
NO,15,15572,NO,NO ACTIVO,ND,2012-12-01,Mujer,SECUNDARIA,BOYACA,PUERTO BOYACA,ND,ND,ND,TI,SISBEN,0 - 1.500.000,0 - 1.300.000,1900-01-01,18-29,NO,14
SI,15,15572,NO,ACTIVO,ND,2012-12-01,Mujer,ND,BOYACA,PUERTO BOYACA,ND,MONETARIO,ND,CC,SISBEN,0 - 1.500.000,0 - 1.300.000,2017-01-01,>65,SI,1
SI,15,15572,NO,ACTIVO,ND,2012-12-01,Mujer,ND,BOYACA,PUERTO BOYACA,ND,MONETARIO,ND,CC,UNIDOS,1.500.001 - 3.000.000,0 - 1.300.000,2018-01-01,50-65,SI,2
SI,15,15572,NO,ACTIVO,AFROCOLOMBIANO – NEGRO,2012-12-01,Mujer,ND,BOYACA,PUERTO BOYACA,ND,MONETARIO,ND,CC,DESPLAZADOS,1.500.001 - 3.000.000,0 - 1.300.000,2018-01-01,50-65,SI,1
SI,15,15572,NO,ACTIVO,ND,2012-12-01,Hombre,ND,BOYACA,PUERTO BOYACA,ND,MONETARIO,ND,CC,DESPLAZADOS,3.000.001 - 4.500.000,0 - 1.300.000,2018-01-01,30-49,SI,1
NO,15,15572,NO,NO ACTIVO,ND,2016-09-01,Hombre,ND,BOYACA,PUERTO BOYACA,ND,ND,ND,CC,SISBEN,0 - 1.500.000,0 - 1.300.000,1900-01-01,30-49,NO,1
NO,15,15572,NO,ACTIVO,AFROCOLOMBIANO – NEGRO,2012-11-01,Hombre,SECUNDARIA,BOYACA,PUERTO BOYACA,ND,ND,EDUCACIÓN SECUNDARIA,TI,DESPLAZADOS,0 - 1.500.000,0 - 1.300.000,1900-01-01,18-29,NO,1
,15,15572,NO,ACTIVO,ND,2018-06-01,Mujer,ND,BOYACA,PUERTO BOYACA,ND,ND,ND,RC,SISBEN,0 - 1.500.000,0 - 1.300.000,1900-01-01,06-17,NO,1
NO,15,15572,NO,ACTIVO,AFROCOLOMBIANO – NEGRO,2012-12-01,Hombre,ND,BOYACA,PUERTO BOYACA,Colombia,ND,EDUCACIÓN SECUNDARIA,TI,DESPLAZADOS,0 - 1.500.000,0 - 1.300.000,1900-01-01,18-29,NO,1
NO,15,15572,NO,ACTIVO,ND,2012-12-01,Mujer,SECUNDARIA,BOYACA,PUERTO BOYACA,ND,ND,ND,CC,SISBEN,0 - 1.500.000,0 - 1.300.000,1900-01-01,18-29,NO,4
ND,15,15572,NO,ACTIVO,ND,2012-12-01,Mujer,ND,BOYACA,PUERTO BOYACA,ND,MONETARIO,ND,TI,UNIDOS,3.000.001 - 4.500.000,0 - 1.300.000,2018-01-01,30-49,SI,1
NO,15,15572,NO,ACTIVO,INDIGENA,2012-12-01,Mujer,ND,BOYACA,PUERTO BOYACA,ND,ND,ND,TI,DESPLAZADOS,0 - 1.500.000,0 - 1.300.000,1900-01-01,18-29,NO,1
SI,15,15572,NO,ACTIVO,ND,2012-12-01,Mujer,ND,BOYACA,PUERTO BOYACA,ND,MONETARIO,ND,CC,SISBEN,0 - 1.500.000,0 - 1.300.000,2018-01-01,50-65,SI,3
SI,15,15572,NO,ACTIVO,ND,2012-12-01,Mujer,ND,BOYACA,PUERTO BOYACA,ND,MONETARIO,ND,CC,DESPLAZADOS,4.500.001 - 6.000.000,0 - 1.300.000,2018-01-01,30-49,SI,1
NO,15,15572,NO,ACTIVO,ND,2017-02-01,Mujer,ND,BOYACA,PUERTO BOYACA,ND,ND,NUTRICIÓN MENOR,RC,DESPLAZADOS,0 - 1.500.000,0 - 1.300.000,1900-01-01,06-17,NO,3
SI,15,15572,NO,ACTIVO,AFROCOLOMBIANO – NEGRO,2012-12-01,Mujer,ND,BOYACA,PUERTO BOYACA,ND,MONETARIO,ND,CC,UNIDOS,1.500.001 - 3.000.000,0 - 1.300.000,2018-01-01,50-65,SI,2
SI,15,15572,NO,NO ACTIVO,ND,2012-12-01,Mujer,ND,BOYACA,PUERTO BOYACA,ND,MONETARIO,ND,TI,SISBEN,0 - 1.500.000,0 - 1.300.000,2016-01-01,18-29,SI,1
SI,15,15572,NO,ACTIVO,ND,2012-12-01,Mujer,ND,BOYACA,PUERTO BOYACA,ND,MONETARIO,ND,CC,SISBEN,3.000.001 - 4.500.000,0 - 1.300.000,2018-01-01,30-49,SI,1
NO,15,15572,NO,ACTIVO,ND,2017-01-01,Hombre,ND,BOYACA,PUERTO BOYACA,ND,ND,NUTRICIÓN MENOR,RC,DESPLAZADOS,0 - 1.500.000,0 - 1.300.000,1900-01-01,06-17,NO,1
SI,15,15572,NO,NO ACTIVO,ND,2012-12-01,Mujer,ND,BOYACA,PUERTO BOYACA,Colombia,MONETARIO,ND,CC,ND,0 - 1.500.000,0 - 1.300.000,2014-01-01,>65,SI,2
NO,15,15572,NO,NO ACTIVO,ND,2012-12-01,Mujer,ND,BOYACA,PUERTO BOYACA,ND,ND,EDUCACIÓN SECUNDARIA,CC,UNIDOS,0 - 1.500.000,0 - 1.300.000,1900-01-01,18-29,NO,1
NO,15,15572,NO,ACTIVO,ND,2012-12-01,Mujer,SECUNDARIA,BOYACA,PUERTO BOYACA,ND,ND,EDUCACIÓN SECUNDARIA,RC,DESPLAZADOS,0 - 1.500.000,0 - 1.300.000,1900-01-01,18-29,NO,2
NO,15,15572,NO,ACTIVO,ND,2013-06-01,Mujer,ND,BOYACA,PUERTO BOYACA,ND,MONETARIO,ND,CC,DESPLAZADOS,0 - 1.500.000,0 - 1.300.000,2018-01-01,30-49,SI,1
NO,15,15572,NO,ACTIVO,ND,2012-11-01,Hombre,PRIMARIA,BOYACA,PUERTO BOYACA,ND,ND,EDUCACIÓN PRIMARIA,RC,DESPLAZADOS,0 - 1.500.000,0 - 1.300.000,1900-01-01,06-17,NO,2
ND,15,15572,NO,NO ACTIVO,ND,2012-12-01,Hombre,ND,BOYACA,PUERTO BOYACA,COLOMBIA,ND,ND,CC,UNIDOS,0 - 1.500.000,0 - 1.300.000,1900-01-01,18-29,NO,1
NO,15,15572,NO,ACTIVO,ND,2012-12-01,Hombre,ND,BOYACA,PUERTO BOYACA,ND,MONETARIO,ND,CC,UNIDOS,0 - 1.500.000,0 - 1.300.000,2018-01-01,>65,SI,1
SI,15,15572,NO,ACTIVO,ND,2012-12-01,Mujer,ND,BOYACA,PUERTO BOYACA,ND,MONETARIO,ND,CC,SISBEN,1.500.001 - 3.000.000,0 - 1.300.000,2018-01-01,50-65,SI,1
SI,15,15572,NO,ACTIVO,ND,2014-10-01,Hombre,ND,BOYACA,PUERTO BOYACA,ND,MONETARIO,NUTRICIÓN,CC,DESPLAZADOS,3.000.001 - 4.500.000,0 - 1.300.000,2018-01-01,30-49,SI,1
SI,15,15572,NO,ACTIVO,ND,2014-10-01,Hombre,ND,BOYACA,PUERTO BOYACA,ND,MONETARIO,ND,CC,DESPLAZADOS,1.500.001 - 3.000.000,0 - 1.300.000,2018-01-01,50-65,SI,1
NO,15,15572,NO,ACTIVO,AFROCOLOMBIANO – NEGRO,2012-12-01,Mujer,ND,BOYACA,PUERTO BOYACA,ND,ND,ND,TI,DESPLAZADOS,0 - 1.500.000,0 - 1.300.000,1900-01-01,18-29,NO,1
NO,15,15572,NO,NO ACTIVO,ND,2012-11-01,Mujer,ND,BOYACA,PUERTO BOYACA,ND,MONETARIO,ND,CC,DESPLAZADOS,0 - 1.500.000,0 - 1.300.000,2016-01-01,50-65,NO,1
NO,15,15572,NO,NO ACTIVO,ND,2012-12-01,Mujer,ND,BOYACA,PUERTO BOYACA,Colombia,ND,ND,CC,ND,0 - 1.500.000,0 - 1.300.000,1900-01-01,50-65,SI,1
NO,15,15572,NO,NO ACTIVO,ND,2012-12-01,Hombre,ND,BOYACA,PUERTO BOYACA,Colombia,ND,EDUCACIÓN SECUNDARIA,CC,ND,0 - 1.500.000,0 - 1.300.000,1900-01-01,18-29,NO,1
NO,15,15572,NO,ACTIVO,ND,2017-02-01,Hombre,ND,BOYACA,PUERTO BOYACA,ND,ND,NUTRICIÓN MENOR,RC,DESPLAZADOS,0 - 1.500.000,0 - 1.300.000,1900-01-01,06-17,NO,1
NO,15,15572,NO,ACTIVO,ND,2012-12-01,Mujer,ND,BOYACA,PUERTO BOYACA,ND,MONETARIO,ND,CC,UNIDOS,0 - 1.500.000,0 - 1.300.000,2013-01-01,50-65,NO,1
NO,15,15572,NO,ACTIVO,ND,2015-12-01,Hombre,SECUNDARIA,BOYACA,PUERTO BOYACA,ND,ND,EDUCACIÓN SECUNDARIA,TI,DESPLAZADOS,0 - 1.500.000,0 - 1.300.000,1900-01-01,18-29,NO,1
,15,15572,NO,ACTIVO,ND,2017-07-01,Mujer,SIN ESPECIFICAR,BOYACA,PUERTO BOYACA,ND,ND,NUTRICIÓN MENOR,RC,SISBEN,0 - 1.500.000,0 - 1.300.000,1900-01-01,06-17,NO,1
SI,15,15572,NO,ACTIVO,ND,2016-03-01,Mujer,ND,BOYACA,PUERTO BOYACA,ND,MONETARIO,ND,CC,DESPLAZADOS,0 - 1.500.000,0 - 1.300.000,2018-01-01,50-65,SI,1
NO,15,15572,NO,ACTIVO,ND,2012-10-01,Hombre,SECUNDARIA,BOYACA,PUERTO BOYACA,ND,ND,EDUCACIÓN SECUNDARIA,TI,SISBEN,0 - 1.500.000,0 - 1.300.000,1900-01-01,18-29,NO,1
NO,15,15572,NO,ACTIVO,ND,2016-05-01,Hombre,ND,BOYACA,PUERTO BOYACA,ND,MONETARIO,NUTRICIÓN,CC,DESPLAZADOS,0 - 1.500.000,0 - 1.300.000,2018-01-01,18-29,SI,1
ND,15,15572,NO,NO ACTIVO,ND,2012-12-01,Mujer,ND,BOYACA,PUERTO BOYACA,ND,MONETARIO,NUTRICIÓN,TI,ND,0 - 1.500.000,0 - 1.300.000,2014-01-01,30-49,SI,1
SI,15,15572,NO,NO ACTIVO,ND,2012-12-01,Mujer,ND,BOYACA,PUERTO BOYACA,Colombia,MONETARIO,ND,CC,ND,0 - 1.500.000,0 - 1.300.000,2014-01-01,50-65,SI,8
NO,15,15572,NO,ACTIVO,ND,2012-12-01,Mujer,PRIMARIA,BOYACA,PUERTO BOYACA,ND,ND,ND,RC,DESPLAZADOS,0 - 1.500.000,0 - 1.300.000,1900-01-01,06-17,NO,2
NO,15,15572,NO,ACTIVO,ND,2016-09-01,Mujer,SECUNDARIA,BOYACA,PUERTO BOYACA,ND,ND,EDUCACIÓN SECUNDARIA,TI,DESPLAZADOS,0 - 1.500.000,0 - 1.300.000,1900-01-01,18-29,NO,1
NO,15,15572,NO,ACTIVO,ND,2015-11-01,Hombre,ND,BOYACA,PUERTO BOYACA,ND,ND,NUTRICIÓN MENOR,RC,DESPLAZADOS,0 - 1.500.000,0 - 1.300.000,1900-01-01,06-17,NO,2
NO,15,15572,NO,ACTIVO,ND,2016-01-01,Hombre,ND,BOYACA,PUERTO BOYACA,ND,ND,ND,CC,DESPLAZADOS,0 - 1.500.000,0 - 1.300.000,1900-01-01,18-29,NO,1
NO,15,15572,NO,NO ACTIVO,ND,2012-12-01,Mujer,ND,BOYACA,PUERTO BOYACA,ND,MONETARIO,ND,CC,SISBEN,> 6.000.001,0 - 1.300.000,2017-01-01,30-49,SI,1
SI,15,15572,NO,NO ACTIVO,ND,2012-12-01,Mujer,ND,BOYACA,PUERTO BOYACA,ND,MONETARIO,ND,CC,SISBEN,1.500.001 - 3.000.000,0 - 1.300.000,2017-01-01,30-49,SI,1
SI,15,15572,NO,ACTIVO,ND,2012-12-01,Mujer,ND,BOYACA,PUERTO BOYACA,ND,MONETARIO,ND,CC,UNIDOS,> 6.000.001,0 - 1.300.000,2018-01-01,18-29,SI,1
NO,15,15572,NO,ACTIVO,ND,2016-09-01,Hombre,SECUNDARIA,BOYACA,PUERTO BOYACA,ND,ND,EDUCACIÓN SECUNDARIA,TI,DESPLAZADOS,0 - 1.500.000,0 - 1.300.000,1900-01-01,18-29,NO,1
NO,15,15572,NO,ACTIVO,ND,2018-01-01,Mujer,TRANSICION,BOYACA,PUERTO BOYACA,ND,ND,TRANSICIÓNNUTRICIÓN MENOR,RC,SISBEN,0 - 1.500.000,0 - 1.300.000,1900-01-01,06-17,NO,1
,15,15572,NO,NO ACTIVO,ND,2017-01-01,Hombre,SIN ESPECIFICAR,BOYACA,PUERTO BOYACA,ND,MONETARIO,ND,CC,SISBEN,0 - 1.500.000,0 - 1.300.000,2018-01-01,30-49,SI,1
SI,15,15572,NO,NO ACTIVO,ND,2012-12-01,Mujer,ND,BOYACA,PUERTO BOYACA,ND,MONETARIO,ND,CC,SISBEN,1.500.001 - 3.000.000,0 - 1.300.000,2018-01-01,50-65,SI,1
NO,15,15572,NO,ACTIVO,ND,2018-06-01,Hombre,ND,BOYACA,PUERTO BOYACA,ND,ND,NUTRICIÓN MENOR,RC,UNIDOS,0 - 1.500.000,0 - 1.300.000,1900-01-01,06-17,NO,1
NO,15,15572,ND,ACTIVO,ND,2012-12-01,Mujer,ND,BOYACA,PUERTO BOYACA,Colombia,ND,ND,CC,ND,0 - 1.500.000,0 - 1.300.000,1900-01-01,30-49,SI,1
,15,15572,NO,ACTIVO,ND,2017-05-01,Hombre,ND,BOYACA,PUERTO BOYACA,ND,ND,EDUCACIÓN PRIMARIA,TI,SISBEN,0 - 1.500.000,0 - 1.300.000,1900-01-01,06-17,NO,1
NO,15,15572,SI,ACTIVO,ND,2012-12-01,Mujer,SECUNDARIA,BOYACA,PUERTO BOYACA,ND,ND,EDUCACIÓN SECUNDARIA,CC,DESPLAZADOS,0 - 1.500.000,0 - 1.300.000,1900-01-01,18-29,NO,1
NO,15,15572,NO,ACTIVO,AFROCOLOMBIANO – NEGRO,2012-12-01,Mujer,ND,BOYACA,PUERTO BOYACA,ND,ND,NUTRICIÓN MENOR,RC,SISBEN,0 - 1.500.000,0 - 1.300.000,1900-01-01,06-17,NO,1
SI,15,15572,NO,ACTIVO,ND,2013-07-01,Mujer,ND,BOYACA,PUERTO BOYACA,ND,MONETARIO,ND,CC,SISBEN,3.000.001 - 4.500.000,0 - 1.300.000,2018-01-01,30-49,SI,1
,15,15572,ND,ACTIVO,ND,2017-12-01,Hombre,ND,BOYACA,PUERTO BOYACA,COLOMBIA,ND,NUTRICIÓN MENOR,RC,DESPLAZADOS,0 - 1.500.000,0 - 1.300.000,1900-01-01,06-17,NO,1
SI,15,15572,NO,ACTIVO,ND,2013-11-01,Mujer,ND,BOYACA,PUERTO BOYACA,ND,MONETARIO,ND,CC,DESPLAZADOS,1.500.001 - 3.000.000,0 - 1.300.000,2018-01-01,30-49,SI,1
NO,15,15572,NO,ACTIVO,ND,2018-11-01,Hombre,ND,BOYACA,PUERTO BOYACA,ND,ND,NUTRICIÓN MENOR,RC,SISBEN,0 - 1.500.000,0 - 1.300.000,1900-01-01,06-17,NO,1
NO,15,15572,NO,ACTIVO,AFROCOLOMBIANO – NEGRO,2012-12-01,Hombre,SECUNDARIA,BOYACA,PUERTO BOYACA,ND,ND,ND,TI,UNIDOS,0 - 1.500.000,0 - 1.300.000,1900-01-01,18-29,NO,3
NO,15,15572,NO,ACTIVO,ND,2015-03-01,Hombre,ND,BOYACA,PUERTO BOYACA,ND,MONETARIO,NUTRICIÓN,CC,DESPLAZADOS,3.000.001 - 4.500.000,0 - 1.300.000,2018-01-01,30-49,SI,2
NO,15,15572,NO,ACTIVO,ND,2017-01-01,Mujer,TRANSICION,BOYACA,PUERTO BOYACA,ND,ND,TRANSICIÓNNUTRICIÓN MENOR,RC,DESPLAZADOS,0 - 1.500.000,0 - 1.300.000,1900-01-01,06-17,NO,1
NO,15,15572,NO,ACTIVO,ND,2012-12-01,Hombre,PRIMARIA,BOYACA,PUERTO BOYACA,ND,ND,ND,RC,UNIDOS,0 - 1.500.000,0 - 1.300.000,1900-01-01,06-17,NO,1
NO,15,15572,NO,ACTIVO,ND,2015-02-01,Hombre,SECUNDARIA,BOYACA,PUERTO BOYACA,ND,ND,EDUCACIÓN SECUNDARIA,TI,DESPLAZADOS,0 - 1.500.000,0 - 1.300.000,1900-01-01,18-29,NO,1
NO,15,15572,NO,NO ACTIVO,ND,2012-11-01,Mujer,ND,BOYACA,PUERTO BOYACA,ND,ND,ND,TI,DESPLAZADOS,0 - 1.500.000,0 - 1.300.000,1900-01-01,18-29,NO,4
,15,15572,NO,NO ACTIVO,ND,2012-12-01,Hombre,SIN ESPECIFICAR,BOYACA,PUERTO BOYACA,ND,ND,ND,CC,UNIDOS,0 - 1.500.000,0 - 1.300.000,1900-01-01,30-49,SI,1
SI,15,15572,NO,ACTIVO,ROM O GITANO,2012-12-01,Mujer,ND,BOYACA,PUERTO BOYACA,ND,MONETARIO,ND,CC,UNIDOS,1.500.001 - 3.000.000,0 - 1.300.000,2018-01-01,>65,SI,1
NO,15,15572,NO,ACTIVO,ND,2012-12-01,Mujer,ND,BOYACA,PUERTO BOYACA,ND,ND,EDUCACIÓN SECUNDARIA,TI,SISBEN,0 - 1.500.000,0 - 1.300.000,1900-01-01,18-29,NO,2
ND,15,15572,NO,NO ACTIVO,ND,2012-12-01,Mujer,ND,BOYACA,PUERTO BOYACA,Colombia,ND,NUTRICIÓN MENOR,RC,ND,0 - 1.500.000,0 - 1.300.000,1900-01-01,06-17,NO,1
NO,15,15572,NO,NO ACTIVO,ND,2013-06-01,Hombre,ND,BOYACA,PUERTO BOYACA,ND,ND,ND,CC,DESPLAZADOS,0 - 1.500.000,0 - 1.300.000,1900-01-01,18-29,NO,1
NO,15,15572,NO,ACTIVO,ND,2017-07-01,Mujer,PRIMARIA,BOYACA,PUERTO BOYACA,ND,ND,EDUCACIÓN PRIMARIA,RC,SISBEN,0 - 1.500.000,0 - 1.300.000,1900-01-01,06-17,NO,1
NO,15,15572,NO,ACTIVO,ND,2013-05-01,Hombre,SECUNDARIA,BOYACA,PUERTO BOYACA,ND,ND,EDUCACIÓN SECUNDARIA,TI,DESPLAZADOS,0 - 1.500.000,0 - 1.300.000,1900-01-01,18-29,NO,2
NO,15,15572,NO,ACTIVO,ND,2016-03-01,Hombre,SECUNDARIA,BOYACA,PUERTO BOYACA,ND,ND,EDUCACIÓN SECUNDARIA,TI,DESPLAZADOS,0 - 1.500.000,0 - 1.300.000,1900-01-01,18-29,NO,1
NO,15,15572,SI,ACTIVO,ND,2012-12-01,Hombre,ND,BOYACA,PUERTO BOYACA,ND,ND,ND,RC,UNIDOS,0 - 1.500.000,0 - 1.300.000,1900-01-01,06-17,NO,1
NO,15,15572,NO,ACTIVO,ND,2012-10-01,Hombre,PRIMARIA,BOYACA,PUERTO BOYACA,ND,ND,EDUCACIÓN PRIMARIA,TI,DESPLAZADOS,0 - 1.500.000,0 - 1.300.000,1900-01-01,06-17,NO,1
NO,15,15572,NO,ACTIVO,ND,2012-12-01,Mujer,ND,BOYACA,PUERTO BOYACA,ND,ND,ND,RC,UNIDOS,0 - 1.500.000,0 - 1.300.000,1900-01-01,06-17,NO,9
SI,15,15572,NO,ACTIVO,ND,2012-12-01,Mujer,ND,BOYACA,PUERTO BOYACA,ND,MONETARIO,ND,CC,SISBEN,3.000.001 - 4.500.000,0 - 1.300.000,2018-01-01,18-29,SI,1
NO,15,15572,NO,ACTIVO,ND,2015-02-01,Mujer,SECUNDARIA,BOYACA,PUERTO BOYACA,ND,ND,EDUCACIÓN SECUNDARIA,TI,DESPLAZADOS,0 - 1.500.000,0 - 1.300.000,1900-01-01,18-29,NO,1
NO,15,15572,NO,ACTIVO,ND,2013-11-01,Mujer,ND,BOYACA,PUERTO BOYACA,ND,MONETARIO,ND,CC,DESPLAZADOS,1.500.001 - 3.000.000,0 - 1.300.000,2017-01-01,50-65,NO,1
NO,15,15572,ND,ACTIVO,ND,2017-03-01,Hombre,PRIMARIA,BOYACA,PUERTO BOYACA,Colombia,ND,EDUCACIÓN PRIMARIA,TI,DESPLAZADOS,0 - 1.500.000,0 - 1.300.000,1900-01-01,06-17,NO,1
NO,15,15572,NO,NO ACTIVO,ND,2012-12-01,Hombre,PRIMARIA,BOYACA,PUERTO BOYACA,ND,ND,ND,RC,UNIDOS,0 - 1.500.000,0 - 1.300.000,1900-01-01,18-29,NO,1
NO,15,15572,NO,NO ACTIVO,ND,2012-12-01,Mujer,ND,BOYACA,PUERTO BOYACA,ND,MONETARIO,ND,CC,SISBEN,0 - 1.500.000,0 - 1.300.000,2013-01-01,50-65,NO,1
SI,15,15572,NO,ACTIVO,ND,2012-12-01,Mujer,ND,BOYACA,PUERTO BOYACA,ND,MONETARIO,ND,CC,DESPLAZADOS,3.000.001 - 4.500.000,0 - 1.300.000,2018-01-01,>65,SI,1
NO,15,15572,NO,ACTIVO,ND,2014-09-01,Hombre,SECUNDARIA,BOYACA,PUERTO BOYACA,ND,ND,EDUCACIÓN SECUNDARIA,TI,DESPLAZADOS,0 - 1.500.000,0 - 1.300.000,1900-01-01,18-29,NO,1
SI,15,15572,NO,ACTIVO,ND,2015-03-01,Hombre,ND,BOYACA,PUERTO BOYACA,ND,MONETARIO,ND,CC,SISBEN,0 - 1.500.000,0 - 1.300.000,2018-01-01,50-65,SI,1
SI,15,15572,NO,NO ACTIVO,AFROCOLOMBIANO – NEGRO,2012-12-01,Mujer,ND,BOYACA,PUERTO BOYACA,Colombia,MONETARIO,NUTRICIÓN,CC,UNIDOS,1.500.001 - 3.000.000,0 - 1.300.000,2015-01-01,30-49,SI,1
NO,15,15572,NO,ACTIVO,ROM O GITANO,2012-12-01,Mujer,ND,BOYACA,PUERTO BOYACA,ND,MONETARIO,ND,CC,UNIDOS,4.500.001 - 6.000.000,0 - 1.300.000,2018-01-01,18-29,SI,1
NO,15,15572,NO,ACTIVO,ND,2017-05-01,Mujer,ND,BOYACA,PUERTO BOYACA,Colombia,ND,ND,TI,UNIDOS,0 - 1.500.000,0 - 1.300.000,1900-01-01,18-29,NO,1
NO,15,15572,NO,ACTIVO,ND,2012-12-01,Mujer,ND,BOYACA,PUERTO BOYACA,Colombia,ND,EDUCACIÓN PRIMARIA,TI,SISBEN,0 - 1.500.000,0 - 1.300.000,1900-01-01,18-29,NO,1
ND,15,15572,NO,ACTIVO,ND,2012-12-01,ND,ND,BOYACA,PUERTO BOYACA,ND,ND,EDUCACIÓN PRIMARIA,RC,UNIDOS,0 - 1.500.000,0 - 1.300.000,1900-01-01,06-17,NO,1
NO,15,15572,NO,ACTIVO,ND,2015-09-01,Mujer,SECUNDARIA,BOYACA,PUERTO BOYACA,ND,ND,EDUCACIÓN SECUNDARIA,TI,DESPLAZADOS,0 - 1.500.000,0 - 1.300.000,1900-01-01,18-29,NO,1
SI,15,15572,NO,ACTIVO,RAIZAL,2012-11-01,Mujer,ND,BOYACA,PUERTO BOYACA,ND,MONETARIO,ND,CC,DESPLAZADOS,1.500.001 - 3.000.000,0 - 1.300.000,2018-01-01,50-65,SI,1
SI,15,15572,NO,ACTIVO,ND,2013-06-01,Mujer,ND,BOYACA,PUERTO BOYACA,ND,MONETARIO,NUTRICIÓN,CC,DESPLAZADOS,4.500.001 - 6.000.000,0 - 1.300.000,2018-01-01,30-49,SI,1
SI,15,15572,NO,ACTIVO,INDIGENA,2012-12-01,Mujer,ND,BOYACA,PUERTO BOYACA,ND,MONETARIO,ND,CC,UNIDOS,0 - 1.500.000,0 - 1.300.000,2018-01-01,>65,SI,1
NO,15,15572,NO,NO ACTIVO,ND,2012-12-01,Hombre,ND,BOYACA,PUERTO BOYACA,Colombia,ND,ND,TI,SISBEN,0 - 1.500.000,0 - 1.300.000,1900-01-01,18-29,NO,3
,15,15572,NO,ACTIVO,ND,2012-12-01,Mujer,SIN ESPECIFICAR,BOYACA,PUERTO BOYACA,ND,ND,EDUCACIÓN PRIMARIA,RC,UNIDOS,0 - 1.500.000,0 - 1.300.000,1900-01-01,06-17,NO,1
SI,15,15572,NO,ACTIVO,ND,2016-04-01,Hombre,ND,BOYACA,PUERTO BOYACA,ND,MONETARIO,ND,CC,DESPLAZADOS,1.500.001 - 3.000.000,0 - 1.300.000,2018-01-01,30-49,SI,1
NO,15,15572,NO,NO ACTIVO,ND,2016-05-01,Mujer,SECUNDARIA,BOYACA,PUERTO BOYACA,ND,ND,ND,TI,DESPLAZADOS,0 - 1.500.000,0 - 1.300.000,1900-01-01,18-29,NO,1
SI,15,15572,NO,NO ACTIVO,ND,2012-12-01,Mujer,ND,BOYACA,PUERTO BOYACA,COLOMBIA,MONETARIO,NUTRICIÓN,CC,ND,0 - 1.500.000,0 - 1.300.000,2014-01-01,30-49,SI,1
,15,15572,NO,NO ACTIVO,ND,2012-12-01,Mujer,SIN ESPECIFICAR,BOYACA,PUERTO BOYACA,ND,ND,ND,RC,SISBEN,0 - 1.500.000,0 - 1.300.000,1900-01-01,06-17,NO,1
NO,15,15572,NO,ACTIVO,ND,2016-11-01,Hombre,ND,BOYACA,PUERTO BOYACA,ND,ND,NUTRICIÓN MENOR,RC,SISBEN,0 - 1.500.000,0 - 1.300.000,1900-01-01,06-17,NO,6
NO,15,15572,NO,ACTIVO,ND,2015-10-01,Mujer,ND,BOYACA,PUERTO BOYACA,ND,MONETARIO,NUTRICIÓN,CC,DESPLAZADOS,3.000.001 - 4.500.000,0 - 1.300.000,2018-01-01,30-49,SI,1
NO,15,15572,NO,ACTIVO,ND,2012-12-01,Mujer,ND,BOYACA,PUERTO BOYACA,Colombia,ND,EDUCACIÓN SECUNDARIA,TI,UNIDOS,0 - 1.500.000,0 - 1.300.000,1900-01-01,18-29,NO,1
NO,15,15572,NO,ACTIVO,ND,2012-12-01,Hombre,ND,BOYACA,PUERTO BOYACA,Colombia,ND,EDUCACIÓN PRIMARIANUTRICIÓN MENOR,RC,SISBEN,0 - 1.500.000,0 - 1.300.000,1900-01-01,06-17,NO,1
NO,15,15572,NO,ACTIVO,ND,2016-08-01,Mujer,SECUNDARIA,BOYACA,PUERTO BOYACA,ND,ND,EDUCACIÓN SECUNDARIA,TI,DESPLAZADOS,0 - 1.500.000,0 - 1.300.000,1900-01-01,18-29,NO,2
NO,15,15572,NO,ACTIVO,ND,2015-09-01,Mujer,TRANSICION,BOYACA,PUERTO BOYACA,ND,ND,TRANSICIÓNNUTRICIÓN MENOR,RC,SISBEN,0 - 1.500.000,0 - 1.300.000,1900-01-01,06-17,NO,1
NO,15,15572,NO,ACTIVO,ND,2012-10-01,Hombre,SECUNDARIA,BOYACA,PUERTO BOYACA,ND,ND,EDUCACIÓN SECUNDARIA,TI,DESPLAZADOS,0 - 1.500.000,0 - 1.300.000,1900-01-01,18-29,NO,2
NO,15,15572,NO,ACTIVO,ND,2012-12-01,Mujer,ND,BOYACA,PUERTO BOYACA,ND,MONETARIO,ND,CC,SISBEN,1.500.001 - 3.000.000,0 - 1.300.000,2018-01-01,18-29,SI,1
NO,15,15572,NO,ACTIVO,AFROCOLOMBIANO – NEGRO,2012-12-01,Mujer,ND,BOYACA,PUERTO BOYACA,ND,MONETARIO,ND,CC,UNIDOS,> 6.000.001,0 - 1.300.000,2018-01-01,30-49,SI,1
NO,15,15572,NO,ACTIVO,ND,2017-03-01,Mujer,ND,BOYACA,PUERTO BOYACA,ND,ND,ND,CC,DESPLAZADOS,0 - 1.500.000,0 - 1.300.000,1900-01-01,18-29,NO,1
SI,15,15572,NO,ACTIVO,AFROCOLOMBIANO – NEGRO,2012-12-01,Hombre,ND,BOYACA,PUERTO BOYACA,ND,MONETARIO,ND,CC,SISBEN,1.500.001 - 3.000.000,0 - 1.300.000,2018-01-01,>65,SI,1
ND,15,15572,NO,ACTIVO,ND,2012-12-01,Hombre,ND,BOYACA,PUERTO BOYACA,Colombia,ND,TRANSICIÓNNUTRICIÓN MENOR,RC,SISBEN,0 - 1.500.000,0 - 1.300.000,1900-01-01,06-17,NO,1
NO,15,15572,NO,ACTIVO,ND,2018-07-01,Hombre,PRIMARIA,BOYACA,PUERTO BOYACA,Colombia,ND,EDUCACIÓN PRIMARIA,TI,SISBEN,0 - 1.500.000,0 - 1.300.000,1900-01-01,18-29,NO,1
NO,15,15572,NO,NO ACTIVO,ND,2012-12-01,Mujer,ND,BOYACA,PUERTO BOYACA,ND,ND,ND,TI,SISBEN,0 - 1.500.000,0 - 1.300.000,1900-01-01,18-29,SI,1
SI,15,15572,NO,ACTIVO,ND,2012-12-01,Mujer,ND,BOYACA,PUERTO BOYACA,ND,MONETARIO,NUTRICIÓN,CC,SISBEN,> 6.000.001,0 - 1.300.000,2018-01-01,50-65,SI,1
ND,15,15572,NO,ACTIVO,ND,2012-12-01,Mujer,ND,BOYACA,PUERTO BOYACA,ND,ND,ND,TI,SISBEN,0 - 1.500.000,0 - 1.300.000,1900-01-01,18-29,NO,1
SI,15,15572,NO,ACTIVO,ND,2012-11-01,Mujer,ND,BOYACA,PUERTO BOYACA,ND,MONETARIO,ND,CC,SISBEN,3.000.001 - 4.500.000,0 - 1.300.000,2018-01-01,50-65,SI,1
NO,15,15572,NO,NO ACTIVO,ND,2012-11-01,Hombre,ND,BOYACA,PUERTO BOYACA,ND,MONETARIO,ND,CC,DESPLAZADOS,1.500.001 - 3.000.000,0 - 1.300.000,2015-01-01,30-49,NO,1
SI,15,15572,NO,ACTIVO,ND,2012-12-01,Mujer,ND,BOYACA,PUERTO BOYACA,ND,MONETARIO,ND,CC,SISBEN,1.500.001 - 3.000.000,0 - 1.300.000,2016-01-01,30-49,NO,1
ND,15,15572,ND,ACTIVO,ND,2018-03-01,Mujer,ND,BOYACA,PUERTO BOYACA,Colombia,ND,ND,RC,DESPLAZADOS,0 - 1.500.000,0 - 1.300.000,1900-01-01,06-17,NO,1
NO,15,15572,NO,ACTIVO,ND,2012-12-01,Mujer,ND,BOYACA,PUERTO BOYACA,ND,MONETARIO,ND,CC,SISBEN,3.000.001 - 4.500.000,0 - 1.300.000,2016-01-01,18-29,NO,1
NO,15,15572,NO,ACTIVO,ND,2018-02-01,Mujer,ND,BOYACA,PUERTO BOYACA,ND,ND,NUTRICIÓN MENOR,RC,UNIDOS,0 - 1.500.000,0 - 1.300.000,1900-01-01,06-17,NO,3
NO,15,15572,NO,ACTIVO,ND,2017-05-01,Hombre,ND,BOYACA,PUERTO BOYACA,ND,ND,NUTRICIÓN MENOR,RC,UNIDOS,0 - 1.500.000,0 - 1.300.000,1900-01-01,06-17,NO,2
NO,15,15572,ND,ACTIVO,ND,2017-03-01,Hombre,PRIMARIA,BOYACA,PUERTO BOYACA,Colombia,ND,EDUCACIÓN PRIMARIA,TI,DESPLAZADOS,0 - 1.500.000,0 - 1.300.000,1900-01-01,18-29,NO,1
,15,15572,NO,ACTIVO,ND,2012-12-01,Hombre,SIN ESPECIFICAR,BOYACA,PUERTO BOYACA,ND,ND,ND,TI,UNIDOS,0 - 1.500.000,0 - 1.300.000,1900-01-01,18-29,NO,1
ND,15,15572,ND,ACTIVO,ND,2012-12-01,Mujer,ND,BOYACA,PUERTO BOYACA,Colombia,ND,EDUCACIÓN PRIMARIA,TI,UNIDOS,0 - 1.500.000,0 - 1.300.000,1900-01-01,18-29,NO,1
SI,15,15572,NO,NO ACTIVO,ND,2012-11-01,Mujer,ND,BOYACA,PUERTO BOYACA,ND,MONETARIO,ND,CC,SISBEN,1.500.001 - 3.000.000,0 - 1.300.000,2018-01-01,50-65,SI,1
NO,15,15572,SI,ACTIVO,ND,2012-12-01,Hombre,ND,BOYACA,PUERTO BOYACA,ND,ND,ND,TI,UNIDOS,0 - 1.500.000,0 - 1.300.000,1900-01-01,18-29,NO,2
SI,15,15572,NO,NO ACTIVO,ND,2012-12-01,Mujer,ND,BOYACA,PUERTO BOYACA,Colombia,MONETARIO,ND,CC,ND,0 - 1.500.000,0 - 1.300.000,2014-01-01,30-49,SI,7
NO,15,15572,NO,NO ACTIVO,ND,2012-12-01,Hombre,ND,BOYACA,PUERTO BOYACA,ND,ND,NUTRICIÓN MENOR,RC,ND,0 - 1.500.000,0 - 1.300.000,1900-01-01,06-17,NO,30
NO,15,15572,NO,NO ACTIVO,ND,2012-12-01,Mujer,ND,BOYACA,PUERTO BOYACA,Colombia,ND,ND,CC,ND,0 - 1.500.000,0 - 1.300.000,1900-01-01,30-49,SI,2
NO,15,15572,NO,ACTIVO,AFROCOLOMBIANO – NEGRO,2012-12-01,Hombre,PRIMARIA,BOYACA,PUERTO BOYACA,ND,ND,ND,TI,UNIDOS,0 - 1.500.000,0 - 1.300.000,1900-01-01,06-17,NO,1
NO,15,15572,NO,ACTIVO,ND,2017-07-01,Mujer,TRANSICION,BOYACA,PUERTO BOYACA,ND,ND,TRANSICIÓNNUTRICIÓN MENOR,RC,SISBEN,0 - 1.500.000,0 - 1.300.000,1900-01-01,06-17,NO,1
SI,15,15572,NO,NO ACTIVO,ND,2013-05-01,Hombre,ND,BOYACA,PUERTO BOYACA,ND,MONETARIO,ND,CC,UNIDOS,0 - 1.500.000,0 - 1.300.000,2018-01-01,>65,SI,1
NO,15,15572,SI,ACTIVO,ND,2012-12-01,Hombre,SECUNDARIA,BOYACA,PUERTO BOYACA,ND,ND,EDUCACIÓN SECUNDARIA,TI,UNIDOS,0 - 1.500.000,0 - 1.300.000,1900-01-01,18-29,NO,3
SI,15,15572,NO,ACTIVO,ND,2015-02-01,Hombre,ND,BOYACA,PUERTO BOYACA,ND,MONETARIO,NUTRICIÓN,CC,DESPLAZADOS,3.000.001 - 4.500.000,0 - 1.300.000,2018-01-01,30-49,SI,1
SI,15,15572,NO,NO ACTIVO,ND,2012-12-01,Mujer,ND,BOYACA,PUERTO BOYACA,Colombia,MONETARIO,NUTRICIÓN,CC,UNIDOS,0 - 1.500.000,0 - 1.300.000,2013-01-01,30-49,SI,1
NO,15,15572,NO,ACTIVO,ND,2012-12-01,Hombre,ND,BOYACA,PUERTO BOYACA,ND,ND,EDUCACIÓN PRIMARIA,RC,SISBEN,0 - 1.500.000,0 - 1.300.000,1900-01-01,06-17,NO,1
NO,15,15572,SI,ACTIVO,ND,2012-12-01,Mujer,ND,BOYACA,PUERTO BOYACA,ND,MONETARIO,ND,CC,UNIDOS,0 - 1.500.000,0 - 1.300.000,2018-01-01,18-29,SI,1
SI,15,15572,NO,ACTIVO,ND,2012-12-01,Mujer,ND,BOYACA,PUERTO BOYACA,ND,ND,ND,CC,UNIDOS,0 - 1.500.000,0 - 1.300.000,2018-01-01,50-65,SI,1
NO,15,15572,NO,ACTIVO,ND,2012-12-01,Mujer,SECUNDARIA,BOYACA,PUERTO BOYACA,Colombia,ND,EDUCACIÓN SECUNDARIA,TI,UNIDOS,0 - 1.500.000,0 - 1.300.000,1900-01-01,18-29,NO,1
NO,15,15572,NO,ACTIVO,ND,2018-06-01,Mujer,ND,BOYACA,PUERTO BOYACA,ND,ND,NUTRICIÓN MENOR,RC,SISBEN,0 - 1.500.000,0 - 1.300.000,1900-01-01,06-17,NO,3
,15,15572,NO,ACTIVO,ND,2017-10-01,Hombre,SIN ESPECIFICAR,BOYACA,PUERTO BOYACA,ND,ND,NUTRICIÓN MENOR,RC,SISBEN,0 - 1.500.000,0 - 1.300.000,1900-01-01,06-17,NO,1
SI,15,15572,NO,ACTIVO,ND,2012-12-01,Mujer,ND,BOYACA,PUERTO BOYACA,ND,MONETARIO,NUTRICIÓN,CC,DESPLAZADOS,> 6.000.001,0 - 1.300.000,2018-01-01,30-49,SI,1
NO,15,15572,NO,ACTIVO,ND,2017-04-01,Hombre,PRIMARIA,BOYACA,PUERTO BOYACA,ND,ND,EDUCACIÓN PRIMARIA,RC,DESPLAZADOS,0 - 1.500.000,0 - 1.300.000,1900-01-01,06-17,NO,1
SI,15,15572,NO,ACTIVO,ND,2012-12-01,Mujer,ND,BOYACA,PUERTO BOYACA,ND,MONETARIO,ND,CC,DESPLAZADOS,0 - 1.500.000,0 - 1.300.000,2018-01-01,50-65,SI,1
NO,15,15572,NO,ACTIVO,ND,2018-03-01,Mujer,ND,BOYACA,PUERTO BOYACA,ND,ND,NUTRICIÓN MENOR,RC,UNIDOS,0 - 1.500.000,0 - 1.300.000,1900-01-01,06-17,NO,1
NO,15,15572,NO,ACTIVO,ND,2016-09-01,Hombre,ND,BOYACA,PUERTO BOYACA,ND,ND,NUTRICIÓN MENOR,RC,SISBEN,0 - 1.500.000,0 - 1.300.000,1900-01-01,06-17,NO,1
NO,15,15572,NO,NO ACTIVO,ND,2012-12-01,Mujer,ND,BOYACA,PUERTO BOYACA,ND,ND,ND,CC,SISBEN,0 - 1.500.000,0 - 1.300.000,1900-01-01,50-65,SI,1
NO,15,15572,NO,ACTIVO,ND,2014-10-01,Mujer,ND,BOYACA,PUERTO BOYACA,ND,MONETARIO,NUTRICIÓN,CC,DESPLAZADOS,> 6.000.001,0 - 1.300.000,2018-01-01,30-49,SI,1
NO,15,15572,NO,ACTIVO,ND,2017-05-01,Mujer,ND,BOYACA,PUERTO BOYACA,ND,ND,NUTRICIÓN MENOR,RC,SISBEN,0 - 1.500.000,0 - 1.300.000,1900-01-01,06-17,NO,3
NO,15,15572,NO,ACTIVO,ND,2012-12-01,Hombre,SECUNDARIA,BOYACA,PUERTO BOYACA,Colombia,ND,EDUCACIÓN SECUNDARIA,TI,UNIDOS,0 - 1.500.000,0 - 1.300.000,1900-01-01,18-29,NO,1
SI,15,15572,NO,NO ACTIVO,ND,2012-12-01,Mujer,ND,BOYACA,PUERTO BOYACA,Colombia,MONETARIO,ND,CC,UNIDOS,0 - 1.500.000,0 - 1.300.000,2015-01-01,50-65,SI,1
SI,15,15572,NO,ACTIVO,ND,2013-06-01,Mujer,ND,BOYACA,PUERTO BOYACA,ND,MONETARIO,ND,CC,DESPLAZADOS,3.000.001 - 4.500.000,0 - 1.300.000,2018-01-01,50-65,SI,1
NO,15,15572,NO,ACTIVO,ND,2018-05-01,Mujer,ND,BOYACA,PUERTO BOYACA,ND,ND,NUTRICIÓN MENOR,RC,UNIDOS,0 - 1.500.000,0 - 1.300.000,1900-01-01,06-17,NO,1
ND,15,15572,NO,ACTIVO,ND,2012-12-01,Mujer,ND,BOYACA,PUERTO BOYACA,ND,MONETARIO,NUTRICIÓN,TI,SISBEN,3.000.001 - 4.500.000,0 - 1.300.000,2018-01-01,30-49,SI,1
NO,15,15572,NO,ACTIVO,ND,2017-02-01,Hombre,SECUNDARIA,BOYACA,PUERTO BOYACA,ND,ND,EDUCACIÓN SECUNDARIA,CC,DESPLAZADOS,0 - 1.500.000,0 - 1.300.000,1900-01-01,18-29,NO,1
SI,15,15572,NO,NO ACTIVO,ND,2012-12-01,Hombre,ND,BOYACA,PUERTO BOYACA,ND,MONETARIO,ND,TI,UNIDOS,0 - 1.500.000,0 - 1.300.000,2016-01-01,18-29,SI,1
NO,15,15572,NO,NO ACTIVO,AFROCOLOMBIANO – NEGRO,2013-05-01,Mujer,ND,BOYACA,PUERTO BOYACA,ND,ND,ND,TI,UNIDOS,0 - 1.500.000,0 - 1.300.000,1900-01-01,18-29,NO,1
SI,15,15572,NO,ACTIVO,AFROCOLOMBIANO – NEGRO,2012-12-01,Mujer,ND,BOYACA,PUERTO BOYACA,ND,MONETARIO,ND,CC,DESPLAZADOS,3.000.001 - 4.500.000,0 - 1.300.000,2018-01-01,50-65,SI,1
NO,15,15572,NO,ACTIVO,ND,2016-07-01,Hombre,ND,BOYACA,PUERTO BOYACA,ND,ND,NUTRICIÓN MENOR,RC,DESPLAZADOS,0 - 1.500.000,0 - 1.300.000,1900-01-01,06-17,NO,4
NO,15,15572,NO,ACTIVO,ND,2012-10-01,Hombre,SECUNDARIA,BOYACA,PUERTO BOYACA,ND,ND,EDUCACIÓN SECUNDARIA,CC,DESPLAZADOS,0 - 1.500.000,0 - 1.300.000,1900-01-01,18-29,NO,2
NO,15,15572,NO,ACTIVO,ROM O GITANO,2012-12-01,Mujer,PRIMARIA,BOYACA,PUERTO BOYACA,ND,ND,EDUCACIÓN PRIMARIA,RC,UNIDOS,0 - 1.500.000,0 - 1.300.000,1900-01-01,06-17,NO,1
NO,15,15572,NO,ACTIVO,ND,2015-04-01,Mujer,TRANSICION,BOYACA,PUERTO BOYACA,ND,ND,TRANSICIÓNNUTRICIÓN MENOR,RC,SISBEN,0 - 1.500.000,0 - 1.300.000,1900-01-01,06-17,NO,2
SI,15,15572,NO,NO ACTIVO,ND,2012-12-01,Mujer,ND,BOYACA,PUERTO BOYACA,Colombia,MONETARIO,NUTRICIÓN,CC,ND,0 - 1.500.000,0 - 1.300.000,2014-01-01,30-49,SI,4
SI,15,15572,NO,ACTIVO,ND,2012-12-01,Mujer,ND,BOYACA,PUERTO BOYACA,ND,MONETARIO,NUTRICIÓN,CC,UNIDOS,3.000.001 - 4.500.000,0 - 1.300.000,2018-01-01,50-65,SI,1
NO,15,15572,NO,ACTIVO,ND,2016-09-01,Mujer,ND,BOYACA,PUERTO BOYACA,ND,ND,NUTRICIÓN MENOR,RC,SISBEN,0 - 1.500.000,0 - 1.300.000,1900-01-01,06-17,NO,3
SI,15,15572,NO,ACTIVO,ROM O GITANO,2012-12-01,Mujer,ND,BOYACA,PUERTO BOYACA,ND,MONETARIO,ND,CC,UNIDOS,1.500.001 - 3.000.000,0 - 1.300.000,2018-01-01,50-65,SI,1
NO,15,15572,NO,ACTIVO,ND,2012-12-01,Hombre,SECUNDARIA,BOYACA,PUERTO BOYACA,ND,ND,EDUCACIÓN SECUNDARIA,CC,UNIDOS,0 - 1.500.000,0 - 1.300.000,1900-01-01,18-29,NO,27
NO,15,15572,NO,ACTIVO,ND,2018-09-01,Mujer,ND,BOYACA,PUERTO BOYACA,ND,ND,ND,RC,SISBEN,0 - 1.500.000,0 - 1.300.000,1900-01-01,06-17,NO,3
SI,15,15572,NO,ACTIVO,ND,2012-12-01,Mujer,ND,BOYACA,PUERTO BOYACA,ND,MONETARIO,NUTRICIÓN,CC,DESPLAZADOS,3.000.001 - 4.500.000,0 - 1.300.000,2018-01-01,50-65,SI,1
SI,15,15572,NO,NO ACTIVO,ND,2012-12-01,Mujer,ND,BOYACA,PUERTO BOYACA,Colombia,MONETARIO,ND,CC,ND,0 - 1.500.000,0 - 1.300.000,2014-01-01,30-49,SI,2
NO,15,15572,SI,ACTIVO,ND,2012-12-01,Mujer,SECUNDARIA,BOYACA,PUERTO BOYACA,ND,ND,EDUCACIÓN SECUNDARIA,CC,SISBEN,0 - 1.500.000,0 - 1.300.000,1900-01-01,18-29,NO,2
ND,15,15572,NO,ACTIVO,ND,2012-12-01,Mujer,ND,BOYACA,PUERTO BOYACA,COLOMBIA,ND,EDUCACIÓN PRIMARIA,TI,SISBEN,0 - 1.500.000,0 - 1.300.000,1900-01-01,06-17,NO,1
NO,15,15572,NO,ACTIVO,MESTIZO,2012-10-01,Hombre,ND,BOYACA,PUERTO BOYACA,ND,ND,ND,RC,DESPLAZADOS,0 - 1.500.000,0 - 1.300.000,1900-01-01,18-29,NO,1
NO,15,15572,NO,ACTIVO,ND,2015-02-01,Mujer,ND,BOYACA,PUERTO BOYACA,ND,MONETARIO,NUTRICIÓN,CC,DESPLAZADOS,4.500.001 - 6.000.000,0 - 1.300.000,2018-01-01,30-49,SI,1
SI,15,15572,NO,ACTIVO,ND,2012-12-01,Mujer,ND,BOYACA,PUERTO BOYACA,ND,MONETARIO,NUTRICIÓN,CC,SISBEN,0 - 1.500.000,0 - 1.300.000,2018-01-01,50-65,SI,1
ND,15,15572,NO,ACTIVO,ND,2012-12-01,Hombre,ND,BOYACA,PUERTO BOYACA,ND,ND,EDUCACIÓN SECUNDARIA,TI,UNIDOS,0 - 1.500.000,0 - 1.300.000,1900-01-01,18-29,NO,1
NO,15,15572,NO,ACTIVO,ND,2017-04-01,Mujer,SECUNDARIA,BOYACA,PUERTO BOYACA,ND,ND,EDUCACIÓN SECUNDARIA,TI,DESPLAZADOS,0 - 1.500.000,0 - 1.300.000,1900-01-01,18-29,NO,2
NO,15,15572,SI,ACTIVO,ND,2012-12-01,Hombre,SECUNDARIA,BOYACA,PUERTO BOYACA,ND,ND,EDUCACIÓN SECUNDARIA,TI,UNIDOS,0 - 1.500.000,0 - 1.300.000,1900-01-01,06-17,NO,1
NO,15,15572,NO,ACTIVO,ND,2014-07-01,Mujer,ND,BOYACA,PUERTO BOYACA,ND,MONETARIO,ND,CC,DESPLAZADOS,> 6.000.001,0 - 1.300.000,2018-01-01,30-49,SI,1
NO,15,15572,NO,ACTIVO,AFROCOLOMBIANO – NEGRO,2012-12-01,Mujer,ND,BOYACA,PUERTO BOYACA,ND,ND,ND,CC,UNIDOS,0 - 1.500.000,0 - 1.300.000,1900-01-01,18-29,NO,4
SI,15,15572,NO,ACTIVO,AFROCOLOMBIANO – NEGRO,2012-12-01,Hombre,ND,BOYACA,PUERTO BOYACA,ND,MONETARIO,NUTRICIÓN,CC,UNIDOS,3.000.001 - 4.500.000,0 - 1.300.000,2018-01-01,30-49,SI,1
SI,15,15572,NO,ACTIVO,ND,2012-12-01,Mujer,ND,BOYACA,PUERTO BOYACA,ND,MONETARIO,ND,CC,SISBEN,1.500.001 - 3.000.000,0 - 1.300.000,2018-01-01,30-49,SI,5
SI,15,15572,NO,ACTIVO,ND,2012-12-01,Hombre,ND,BOYACA,PUERTO BOYACA,ND,MONETARIO,ND,CC,SISBEN,4.500.001 - 6.000.000,0 - 1.300.000,2018-01-01,30-49,SI,1
NO,15,15572,NO,ACTIVO,ND,2012-10-01,Mujer,ND,BOYACA,PUERTO BOYACA,ND,MONETARIO,ND,CC,DESPLAZADOS,0 - 1.500.000,0 - 1.300.000,2018-01-01,50-65,SI,1
SI,15,15572,NO,NO ACTIVO,ND,2012-12-01,Mujer,ND,BOYACA,PUERTO BOYACA,ND,MONETARIO,ND,CC,UNIDOS,0 - 1.500.000,0 - 1.300.000,2018-01-01,50-65,SI,1
NO,15,15572,NO,ACTIVO,ND,2015-01-01,Mujer,ND,BOYACA,PUERTO BOYACA,ND,ND,NUTRICIÓN MENOR,RC,DESPLAZADOS,0 - 1.500.000,0 - 1.300.000,1900-01-01,06-17,NO,2
NO,15,15572,NO,ACTIVO,ND,2017-03-01,Mujer,ND,BOYACA,PUERTO BOYACA,ND,ND,NUTRICIÓN MENOR,RC,SISBEN,0 - 1.500.000,0 - 1.300.000,1900-01-01,06-17,NO,6
SI,15,15572,NO,ACTIVO,ND,2013-10-01,Mujer,ND,BOYACA,PUERTO BOYACA,ND,MONETARIO,NUTRICIÓN,CC,DESPLAZADOS,> 6.000.001,0 - 1.300.000,2018-01-01,30-49,SI,1
NO,15,15572,NO,ACTIVO,ND,2016-08-01,Mujer,ND,BOYACA,PUERTO BOYACA,ND,ND,NUTRICIÓN MENOR,RC,SISBEN,0 - 1.500.000,0 - 1.300.000,1900-01-01,06-17,NO,2
NO,15,15572,NO,ACTIVO,ND,2012-11-01,Mujer,ND,BOYACA,PUERTO BOYACA,ND,MONETARIO,ND,CC,DESPLAZADOS,3.000.001 - 4.500.000,0 - 1.300.000,2018-01-01,50-65,SI,1
NO,15,15572,NO,ACTIVO,ND,2018-07-01,Mujer,ND,BOYACA,PUERTO BOYACA,ND,ND,NUTRICIÓN MENOR,RC,SISBEN,0 - 1.500.000,0 - 1.300.000,1900-01-01,06-17,NO,2
SI,15,15572,NO,ACTIVO,ND,2013-04-01,Mujer,ND,BOYACA,PUERTO BOYACA,ND,MONETARIO,ND,CC,DESPLAZADOS,3.000.001 - 4.500.000,0 - 1.300.000,2018-01-01,50-65,SI,1
SI,15,15572,NO,NO ACTIVO,ND,2012-12-01,Mujer,ND,BOYACA,PUERTO BOYACA,ND,ND,ND,CC,SISBEN,0 - 1.500.000,0 - 1.300.000,2014-01-01,>65,SI,1
NO,15,15572,NO,ACTIVO,ND,2016-05-01,Hombre,ND,BOYACA,PUERTO BOYACA,ND,ND,NUTRICIÓN MENOR,RC,SISBEN,0 - 1.500.000,0 - 1.300.000,1900-01-01,06-17,NO,3
NO,15,15572,NO,ACTIVO,ND,2012-12-01,Hombre,ND,BOYACA,PUERTO BOYACA,ND,ND,ND,CC,DESPLAZADOS,0 - 1.500.000,0 - 1.300.000,1900-01-01,18-29,NO,19
NO,15,15572,NO,ACTIVO,ND,2017-02-01,Hombre,PRIMARIA,BOYACA,PUERTO BOYACA,Colombia,ND,EDUCACIÓN PRIMARIA,TI,DESPLAZADOS,0 - 1.500.000,0 - 1.300.000,1900-01-01,06-17,NO,1
NO,15,15572,NO,ACTIVO,ND,2012-12-01,Mujer,ND,BOYACA,PUERTO BOYACA,Colombia,ND,EDUCACIÓN SECUNDARIA,CC,DESPLAZADOS,0 - 1.500.000,0 - 1.300.000,1900-01-01,18-29,NO,1
NO,15,15572,NO,ACTIVO,ND,2018-03-01,Mujer,PRIMARIA,BOYACA,PUERTO BOYACA,Colombia,ND,EDUCACIÓN PRIMARIA,TI,UNIDOS,0 - 1.500.000,0 - 1.300.000,1900-01-01,18-29,NO,1
NO,15,15572,NO,ACTIVO,ND,2018-01-01,Hombre,TRANSICION,BOYACA,PUERTO BOYACA,ND,ND,TRANSICIÓNNUTRICIÓN MENOR,RC,UNIDOS,0 - 1.500.000,0 - 1.300.000,1900-01-01,06-17,NO,1
NO,15,15572,NO,ACTIVO,ND,2012-11-01,Hombre,ND,BOYACA,PUERTO BOYACA,ND,ND,ND,RC,SISBEN,0 - 1.500.000,0 - 1.300.000,1900-01-01,06-17,NO,2
NO,15,15572,NO,ACTIVO,ND,2012-11-01,Hombre,ND,BOYACA,PUERTO BOYACA,ND,ND,ND,TI,DESPLAZADOS,0 - 1.500.000,0 - 1.300.000,1900-01-01,18-29,NO,2
NO,15,15572,NO,ACTIVO,ND,2014-12-01,Mujer,ND,BOYACA,PUERTO BOYACA,ND,MONETARIO,ND,CC,DESPLAZADOS,> 6.000.001,0 - 1.300.000,2018-01-01,30-49,SI,1
NO,15,15572,NO,ACTIVO,ND,2012-12-01,Mujer,SECUNDARIA,BOYACA,PUERTO BOYACA,ND,ND,ND,TI,DESPLAZADOS,0 - 1.500.000,0 - 1.300.000,1900-01-01,18-29,NO,5
SI,15,15572,NO,ACTIVO,ROM O GITANO,2012-12-01,Mujer,ND,BOYACA,PUERTO BOYACA,ND,MONETARIO,NUTRICIÓN,CC,SISBEN,4.500.001 - 6.000.000,0 - 1.300.000,2018-01-01,30-49,SI,1
ND,15,15572,NO,ACTIVO,AFROCOLOMBIANO – NEGRO,2012-12-01,Hombre,ND,BOYACA,PUERTO BOYACA,ND,ND,ND,TI,SISBEN,0 - 1.500.000,0 - 1.300.000,1900-01-01,06-17,NO,1
SI,15,15572,NO,ACTIVO,ND,2013-10-01,Mujer,ND,BOYACA,PUERTO BOYACA,ND,MONETARIO,ND,CC,DESPLAZADOS,3.000.001 - 4.500.000,0 - 1.300.000,2018-01-01,50-65,SI,1
NO,15,15572,NO,ACTIVO,INDIGENA,2012-12-01,Hombre,PRIMARIA,BOYACA,PUERTO BOYACA,ND,ND,EDUCACIÓN PRIMARIA,TI,DESPLAZADOS,0 - 1.500.000,0 - 1.300.000,1900-01-01,18-29,NO,1
SI,15,15572,NO,ACTIVO,INDIGENA,2012-12-01,Mujer,ND,BOYACA,PUERTO BOYACA,ND,MONETARIO,NUTRICIÓN,CC,UNIDOS,4.500.001 - 6.000.000,0 - 1.300.000,2018-01-01,30-49,SI,1
SI,15,15572,NO,NO ACTIVO,ND,2012-12-01,Hombre,ND,BOYACA,PUERTO BOYACA,Colombia,MONETARIO,ND,CC,SISBEN,0 - 1.500.000,0 - 1.300.000,2014-01-01,30-49,SI,1
NO,15,15572,NO,ACTIVO,AFROCOLOMBIANO – NEGRO,2012-12-01,Mujer,PRIMARIA,BOYACA,PUERTO BOYACA,ND,ND,EDUCACIÓN PRIMARIA,RC,DESPLAZADOS,0 - 1.500.000,0 - 1.300.000,1900-01-01,06-17,NO,2
,15,15572,NO,ACTIVO,ND,2018-10-01,Mujer,ND,BOYACA,PUERTO BOYACA,ND,ND,NUTRICIÓN MENOR,RC,UNIDOS,0 - 1.500.000,0 - 1.300.000,1900-01-01,06-17,NO,1
NO,15,15572,NO,ACTIVO,ND,2015-03-01,Mujer,ND,BOYACA,PUERTO BOYACA,ND,ND,NUTRICIÓN MENOR,RC,DESPLAZADOS,0 - 1.500.000,0 - 1.300.000,1900-01-01,06-17,NO,3
ND,15,15572,ND,ACTIVO,ND,2012-12-01,Mujer,ND,BOYACA,PUERTO BOYACA,Colombia,ND,ND,TI,SISBEN,0 - 1.500.000,0 - 1.300.000,1900-01-01,18-29,NO,2
NO,15,15572,NO,ACTIVO,ND,2016-06-01,Mujer,ND,BOYACA,PUERTO BOYACA,ND,ND,NUTRICIÓN MENOR,RC,SISBEN,0 - 1.500.000,0 - 1.300.000,1900-01-01,06-17,NO,1
SI,15,15572,NO,NO ACTIVO,ND,2012-12-01,Mujer,ND,BOYACA,PUERTO BOYACA,ND,MONETARIO,ND,CC,SISBEN,0 - 1.500.000,0 - 1.300.000,2017-01-01,30-49,SI,1
SI,15,15572,NO,NO ACTIVO,ND,2012-12-01,Mujer,ND,BOYACA,PUERTO BOYACA,Colombia,MONETARIO,NUTRICIÓN,CC,ND,0 - 1.500.000,0 - 1.300.000,2014-01-01,30-49,SI,3
NO,15,15572,NO,ACTIVO,ND,2013-09-01,Mujer,SECUNDARIA,BOYACA,PUERTO BOYACA,ND,ND,EDUCACIÓN SECUNDARIA,TI,DESPLAZADOS,0 - 1.500.000,0 - 1.300.000,1900-01-01,18-29,NO,1
NO,15,15572,NO,ACTIVO,AFROCOLOMBIANO – NEGRO,2012-12-01,Mujer,SECUNDARIA,BOYACA,PUERTO BOYACA,ND,ND,EDUCACIÓN SECUNDARIA,CC,UNIDOS,0 - 1.500.000,0 - 1.300.000,1900-01-01,18-29,NO,5
NO,15,15572,NO,ACTIVO,ND,2015-06-01,Mujer,ND,BOYACA,PUERTO BOYACA,ND,ND,NUTRICIÓN MENOR,RC,DESPLAZADOS,0 - 1.500.000,0 - 1.300.000,1900-01-01,06-17,NO,2
NO,15,15572,NO,ACTIVO,ND,2018-09-01,Hombre,ND,BOYACA,PUERTO BOYACA,ND,ND,NUTRICIÓN MENOR,RC,SISBEN,0 - 1.500.000,0 - 1.300.000,1900-01-01,06-17,NO,1
SI,15,15572,NO,ACTIVO,ND,2016-12-01,Mujer,ND,BOYACA,PUERTO BOYACA,ND,MONETARIO,ND,CC,DESPLAZADOS,0 - 1.500.000,0 - 1.300.000,2018-01-01,18-29,SI,1
NO,15,15572,NO,ACTIVO,ND,2016-04-01,Mujer,ND,BOYACA,PUERTO BOYACA,ND,MONETARIO,NUTRICIÓN,CC,DESPLAZADOS,4.500.001 - 6.000.000,0 - 1.300.000,2018-01-01,18-29,SI,1
NO,15,15572,NO,NO ACTIVO,ND,2012-12-01,Mujer,ND,BOYACA,PUERTO BOYACA,ND,ND,ND,CC,SISBEN,0 - 1.500.000,0 - 1.300.000,1900-01-01,>65,SI,1
NO,15,15572,NO,ACTIVO,ND,2016-06-01,Mujer,PRIMARIA,BOYACA,PUERTO BOYACA,ND,ND,EDUCACIÓN PRIMARIA,TI,DESPLAZADOS,0 - 1.500.000,0 - 1.300.000,1900-01-01,06-17,NO,1
SI,15,15572,NO,ACTIVO,ND,2012-12-01,Hombre,ND,BOYACA,PUERTO BOYACA,ND,MONETARIO,ND,CC,DESPLAZADOS,1.500.001 - 3.000.000,0 - 1.300.000,2018-01-01,30-49,SI,1
NO,15,15572,NO,NO ACTIVO,ND,2012-12-01,Hombre,ND,BOYACA,PUERTO BOYACA,ND,ND,EDUCACIÓN SECUNDARIA,TI,ND,0 - 1.500.000,0 - 1.300.000,1900-01-01,18-29,NO,6
SI,15,15572,NO,NO ACTIVO,ND,2012-12-01,Mujer,ND,BOYACA,PUERTO BOYACA,Colombia,MONETARIO,ND,CC,ND,1.500.001 - 3.000.000,0 - 1.300.000,2014-01-01,30-49,SI,1
NO,15,15572,NO,ACTIVO,ND,2017-07-01,Hombre,ND,BOYACA,PUERTO BOYACA,ND,ND,NUTRICIÓN MENOR,RC,UNIDOS,0 - 1.500.000,0 - 1.300.000,1900-01-01,06-17,NO,6
NO,15,15572,NO,ACTIVO,ND,2013-06-01,Hombre,PRIMARIA,BOYACA,PUERTO BOYACA,ND,ND,ND,TI,DESPLAZADOS,0 - 1.500.000,0 - 1.300.000,1900-01-01,06-17,NO,1
NO,15,15572,NO,ACTIVO,ND,2015-07-01,Hombre,PRIMARIA,BOYACA,PUERTO BOYACA,ND,ND,EDUCACIÓN PRIMARIA,TI,DESPLAZADOS,0 - 1.500.000,0 - 1.300.000,1900-01-01,06-17,NO,1
NO,15,15572,NO,ACTIVO,ND,2012-12-01,Hombre,ND,BOYACA,PUERTO BOYACA,ND,MONETARIO,ND,CC,UNIDOS,1.500.001 - 3.000.000,0 - 1.300.000,2015-01-01,>65,NO,1
NO,15,15572,NO,NO ACTIVO,ND,2012-12-01,Hombre,ND,BOYACA,PUERTO BOYACA,ND,ND,TRANSICIÓNNUTRICIÓN MENOR,RC,ND,0 - 1.500.000,0 - 1.300.000,1900-01-01,06-17,NO,4
NO,15,15572,NO,ACTIVO,ND,2016-04-01,Hombre,TRANSICION,BOYACA,PUERTO BOYACA,ND,ND,TRANSICIÓNNUTRICIÓN MENOR,RC,UNIDOS,0 - 1.500.000,0 - 1.300.000,1900-01-01,06-17,NO,1
SI,15,15572,NO,ACTIVO,ND,2016-12-01,Mujer,ND,BOYACA,PUERTO BOYACA,ND,MONETARIO,NUTRICIÓN,CC,DESPLAZADOS,1.500.001 - 3.000.000,0 - 1.300.000,2018-01-01,18-29,SI,1
SI,15,15572,NO,NO ACTIVO,ND,2012-12-01,Mujer,ND,BOYACA,PUERTO BOYACA,Colombia,MONETARIO,NUTRICIÓN,CC,ND,1.500.001 - 3.000.000,0 - 1.300.000,2014-01-01,30-49,SI,2
NO,15,15572,NO,ACTIVO,ND,2018-06-01,Mujer,ND,BOYACA,PUERTO BOYACA,ND,ND,NUTRICIÓN MENOR,RC,DESPLAZADOS,0 - 1.500.000,0 - 1.300.000,1900-01-01,06-17,NO,1
SI,15,15572,NO,ACTIVO,ND,2013-08-01,Mujer,ND,BOYACA,PUERTO BOYACA,ND,MONETARIO,ND,CC,DESPLAZADOS,4.500.001 - 6.000.000,0 - 1.300.000,2018-01-01,30-49,SI,1
,15,15572,NO,NO ACTIVO,ND,2012-12-01,Hombre,ND,BOYACA,PUERTO BOYACA,Colombia,ND,ND,TI,DESPLAZADOS,0 - 1.500.000,0 - 1.300.000,1900-01-01,>65,NO,1
NO,15,15572,NO,ACTIVO,ND,2012-12-01,Mujer,ND,BOYACA,PUERTO BOYACA,ND,MONETARIO,ND,CC,DESPLAZADOS,4.500.001 - 6.000.000,0 - 1.300.000,2018-01-01,30-49,SI,1
NO,15,15572,NO,ACTIVO,ND,2016-11-01,Hombre,ND,BOYACA,PUERTO BOYACA,ND,ND,NUTRICIÓN MENOR,RC,UNIDOS,0 - 1.500.000,0 - 1.300.000,1900-01-01,06-17,NO,2
SI,15,15572,NO,NO ACTIVO,ND,2012-12-01,Mujer,ND,BOYACA,PUERTO BOYACA,ND,MONETARIO,ND,CC,SISBEN,3.000.001 - 4.500.000,0 - 1.300.000,2017-01-01,30-49,SI,1
NO,15,15572,NO,ACTIVO,ND,2017-01-01,Mujer,ND,BOYACA,PUERTO BOYACA,ND,ND,NUTRICIÓN MENOR,RC,SISBEN,0 - 1.500.000,0 - 1.300.000,1900-01-01,06-17,NO,4
NO,15,15572,NO,ACTIVO,ND,2014-10-01,Hombre,ND,BOYACA,PUERTO BOYACA,ND,ND,ND,RC,DESPLAZADOS,0 - 1.500.000,0 - 1.300.000,1900-01-01,06-17,NO,1
,15,15572,NO,ACTIVO,ND,2012-12-01,Hombre,SIN ESPECIFICAR,BOYACA,PUERTO BOYACA,ND,ND,EDUCACIÓN PRIMARIA,RC,UNIDOS,0 - 1.500.000,0 - 1.300.000,1900-01-01,18-29,NO,1
NO,15,15572,NO,NO ACTIVO,ND,2012-12-01,Mujer,ND,BOYACA,PUERTO BOYACA,Colombia,ND,ND,CC,SISBEN,0 - 1.500.000,0 - 1.300.000,1900-01-01,50-65,SI,2
NO,15,15572,NO,ACTIVO,ND,2013-01-01,Mujer,ND,BOYACA,PUERTO BOYACA,ND,ND,ND,CC,SISBEN,0 - 1.500.000,0 - 1.300.000,1900-01-01,18-29,NO,2
NO,15,15572,NO,ACTIVO,ND,2012-12-01,Mujer,ND,BOYACA,PUERTO BOYACA,ND,MONETARIO,ND,CC,SISBEN,3.000.001 - 4.500.000,0 - 1.300.000,2018-01-01,30-49,SI,1
NO,15,15572,NO,ACTIVO,ND,2015-04-01,Mujer,SECUNDARIA,BOYACA,PUERTO BOYACA,ND,ND,EDUCACIÓN SECUNDARIA,TI,DESPLAZADOS,0 - 1.500.000,0 - 1.300.000,1900-01-01,18-29,NO,4
NO,15,15572,NO,ACTIVO,ND,2018-02-01,Mujer,ND,BOYACA,PUERTO BOYACA,ND,ND,NUTRICIÓN MENOR,RC,DESPLAZADOS,0 - 1.500.000,0 - 1.300.000,1900-01-01,06-17,NO,1
ND,15,15572,NO,ACTIVO,ND,2012-11-01,Mujer,ND,BOYACA,PUERTO BOYACA,Colombia,ND,ND,CC,SISBEN,0 - 1.500.000,0 - 1.300.000,1900-01-01,18-29,NO,1
ND,15,15572,NO,ACTIVO,ND,2012-12-01,Mujer,ND,BOYACA,PUERTO BOYACA,ND,ND,EDUCACIÓN PRIMARIA,RC,UNIDOS,0 - 1.500.000,0 - 1.300.000,1900-01-01,06-17,NO,2
NO,15,15572,NO,ACTIVO,ND,2016-09-01,Hombre,ND,BOYACA,PUERTO BOYACA,ND,ND,ND,RC,UNIDOS,0 - 1.500.000,0 - 1.300.000,1900-01-01,06-17,NO,1
NO,15,15572,NO,NO ACTIVO,ND,2012-12-01,Hombre,ND,BOYACA,PUERTO BOYACA,Colombia,ND,EDUCACIÓN PRIMARIANUTRICIÓN MENOR,TI,ND,0 - 1.500.000,0 - 1.300.000,1900-01-01,06-17,NO,4
SI,15,15572,NO,NO ACTIVO,ND,2012-12-01,Mujer,ND,BOYACA,PUERTO BOYACA,COLOMBIA,MONETARIO,ND,CC,ND,1.500.001 - 3.000.000,0 - 1.300.000,2014-01-01,30-49,SI,1
NO,15,15572,NO,ACTIVO,ND,2013-06-01,Mujer,PRIMARIA,BOYACA,PUERTO BOYACA,ND,ND,ND,RC,DESPLAZADOS,0 - 1.500.000,0 - 1.300.000,1900-01-01,06-17,NO,1
SI,15,15572,NO,NO ACTIVO,ND,2012-12-01,Hombre,ND,BOYACA,PUERTO BOYACA,ND,MONETARIO,ND,CC,DESPLAZADOS,0 - 1.500.000,0 - 1.300.000,2016-01-01,>65,SI,1
SI,15,15572,NO,ACTIVO,ND,2012-12-01,Mujer,ND,BOYACA,PUERTO BOYACA,ND,MONETARIO,ND,CC,UNIDOS,1.500.001 - 3.000.000,0 - 1.300.000,2018-01-01,50-65,SI,5
NO,15,15572,NO,ACTIVO,ROM O GITANO,2012-12-01,Hombre,ND,BOYACA,PUERTO BOYACA,ND,ND,ND,TI,UNIDOS,0 - 1.500.000,0 - 1.300.000,1900-01-01,18-29,NO,3
NO,15,15572,NO,ACTIVO,ND,2015-06-01,Hombre,TRANSICION,BOYACA,PUERTO BOYACA,ND,ND,TRANSICIÓNNUTRICIÓN MENOR,RC,SISBEN,0 - 1.500.000,0 - 1.300.000,1900-01-01,06-17,NO,1
SI,15,15572,NO,ACTIVO,ND,2012-12-01,Hombre,ND,BOYACA,PUERTO BOYACA,ND,MONETARIO,ND,CC,UNIDOS,0 - 1.500.000,0 - 1.300.000,2018-01-01,>65,SI,1
SI,15,15572,NO,ACTIVO,AFROCOLOMBIANO – NEGRO,2012-12-01,Mujer,ND,BOYACA,PUERTO BOYACA,ND,MONETARIO,ND,CC,SISBEN,4.500.001 - 6.000.000,0 - 1.300.000,2018-01-01,30-49,SI,1
SI,15,15572,NO,ACTIVO,ND,2012-12-01,Mujer,ND,BOYACA,PUERTO BOYACA,Colombia,MONETARIO,ND,CC,ND,0 - 1.500.000,0 - 1.300.000,2014-01-01,50-65,SI,1
NO,15,15572,NO,NO ACTIVO,ND,2012-10-01,Hombre,ND,BOYACA,PUERTO BOYACA,ND,ND,ND,TI,DESPLAZADOS,0 - 1.500.000,0 - 1.300.000,1900-01-01,18-29,NO,2
NO,15,15572,NO,NO ACTIVO,ND,2012-12-01,Hombre,SECUNDARIA,BOYACA,PUERTO BOYACA,ND,ND,ND,TI,UNIDOS,0 - 1.500.000,0 - 1.300.000,1900-01-01,18-29,NO,5
NO,15,15572,NO,ACTIVO,ND,2016-11-01,Mujer,SECUNDARIA,BOYACA,PUERTO BOYACA,ND,ND,EDUCACIÓN SECUNDARIA,TI,DESPLAZADOS,0 - 1.500.000,0 - 1.300.000,1900-01-01,18-29,NO,1
SI,15,15572,NO,ACTIVO,ND,2015-03-01,Mujer,ND,BOYACA,PUERTO BOYACA,ND,MONETARIO,ND,CC,SISBEN,0 - 1.500.000,0 - 1.300.000,2018-01-01,>65,SI,1
SI,15,15572,NO,NO ACTIVO,ND,2012-12-01,Hombre,ND,BOYACA,PUERTO BOYACA,Colombia,MONETARIO,NUTRICIÓN,CC,ND,0 - 1.500.000,0 - 1.300.000,2014-01-01,30-49,SI,1
,15,15572,NO,ACTIVO,ND,2017-10-01,Hombre,ND,BOYACA,PUERTO BOYACA,ND,ND,EDUCACIÓN PRIMARIA,TI,UNIDOS,0 - 1.500.000,0 - 1.300.000,1900-01-01,06-17,NO,1
SI,15,15572,NO,NO ACTIVO,ND,2012-12-01,Mujer,ND,BOYACA,PUERTO BOYACA,ND,MONETARIO,ND,TI,SISBEN,0 - 1.500.000,0 - 1.300.000,2015-01-01,18-29,SI,1
SI,15,15572,NO,ACTIVO,ND,2012-12-01,Hombre,ND,BOYACA,PUERTO BOYACA,ND,MONETARIO,ND,CC,SISBEN,0 - 1.500.000,0 - 1.300.000,2018-01-01,30-49,SI,2
NO,15,15572,NO,ACTIVO,ND,2017-05-01,Hombre,SECUNDARIA,BOYACA,PUERTO BOYACA,Colombia,ND,EDUCACIÓN SECUNDARIA,TI,DESPLAZADOS,0 - 1.500.000,0 - 1.300.000,1900-01-01,18-29,NO,1
,15,15572,NO,ACTIVO,ND,2018-11-01,Hombre,ND,BOYACA,PUERTO BOYACA,Colombia,ND,ND,RC,SISBEN,0 - 1.500.000,0 - 1.300.000,1900-01-01,06-17,NO,1
NO,15,15572,NO,ACTIVO,ND,2015-03-01,Mujer,TRANSICION,BOYACA,PUERTO BOYACA,ND,ND,TRANSICIÓNNUTRICIÓN MENOR,RC,SISBEN,0 - 1.500.000,0 - 1.300.000,1900-01-01,06-17,NO,9
SI,15,15572,NO,ACTIVO,ND,2016-10-01,Mujer,ND,BOYACA,PUERTO BOYACA,ND,MONETARIO,ND,CC,DESPLAZADOS,0 - 1.500.000,0 - 1.300.000,2018-01-01,30-49,SI,1
NO,15,15572,NO,ACTIVO,ND,2013-11-01,Hombre,SECUNDARIA,BOYACA,PUERTO BOYACA,ND,ND,EDUCACIÓN SECUNDARIA,TI,DESPLAZADOS,0 - 1.500.000,0 - 1.300.000,1900-01-01,06-17,NO,1
NO,15,15572,NO,ACTIVO,ND,2013-01-01,Hombre,ND,BOYACA,PUERTO BOYACA,ND,ND,ND,TI,DESPLAZADOS,0 - 1.500.000,0 - 1.300.000,1900-01-01,06-17,NO,1
SI,15,15572,NO,ACTIVO,ND,2016-11-01,Hombre,ND,BOYACA,PUERTO BOYACA,ND,MONETARIO,ND,CC,DESPLAZADOS,0 - 1.500.000,0 - 1.300.000,2018-01-01,30-49,SI,1
SI,15,15572,NO,ACTIVO,ND,2012-12-01,Hombre,ND,BOYACA,PUERTO BOYACA,ND,MONETARIO,ND,CC,SISBEN,0 - 1.500.000,0 - 1.300.000,2018-01-01,>65,SI,1
NO,15,15572,NO,ACTIVO,ND,2017-03-01,Hombre,TRANSICION,BOYACA,PUERTO BOYACA,ND,ND,TRANSICIÓNNUTRICIÓN MENOR,RC,DESPLAZADOS,0 - 1.500.000,0 - 1.300.000,1900-01-01,06-17,NO,1
NO,15,15572,NO,ACTIVO,ND,2014-05-01,Hombre,ND,BOYACA,PUERTO BOYACA,ND,ND,ND,RC,DESPLAZADOS,0 - 1.500.000,0 - 1.300.000,1900-01-01,06-17,NO,1
SI,15,15572,NO,NO ACTIVO,ND,2012-12-01,Hombre,ND,BOYACA,PUERTO BOYACA,Colombia,MONETARIO,ND,CC,ND,0 - 1.500.000,0 - 1.300.000,2014-01-01,>65,SI,1
NO,15,15572,NO,ACTIVO,ND,2015-01-01,Hombre,ND,BOYACA,PUERTO BOYACA,ND,ND,NUTRICIÓN MENOR,RC,UNIDOS,0 - 1.500.000,0 - 1.300.000,1900-01-01,06-17,NO,2
SI,15,15572,NO,ACTIVO,ND,2012-11-01,Mujer,ND,BOYACA,PUERTO BOYACA,ND,MONETARIO,ND,CC,SISBEN,3.000.001 - 4.500.000,0 - 1.300.000,2018-01-01,30-49,SI,1
NO,15,15572,NO,ACTIVO,ND,2015-05-01,Mujer,ND,BOYACA,PUERTO BOYACA,ND,ND,NUTRICIÓN MENOR,RC,UNIDOS,0 - 1.500.000,0 - 1.300.000,1900-01-01,06-17,NO,8
NO,15,15572,NO,ACTIVO,ND,2014-12-01,Hombre,ND,BOYACA,PUERTO BOYACA,ND,ND,NUTRICIÓN MENOR,RC,DESPLAZADOS,0 - 1.500.000,0 - 1.300.000,1900-01-01,06-17,NO,2
NO,15,15572,NO,ACTIVO,ND,2012-12-01,Mujer,ND,BOYACA,PUERTO BOYACA,ND,ND,EDUCACIÓN PRIMARIA,TI,UNIDOS,0 - 1.500.000,0 - 1.300.000,1900-01-01,06-17,NO,1
SI,15,15572,NO,NO ACTIVO,ND,2012-12-01,Mujer,ND,BOYACA,PUERTO BOYACA,ND,MONETARIO,ND,CC,UNIDOS,1.500.001 - 3.000.000,0 - 1.300.000,2016-01-01,30-49,SI,1
NO,15,15572,NO,ACTIVO,ND,2016-09-01,Mujer,PRIMARIA,BOYACA,PUERTO BOYACA,ND,ND,EDUCACIÓN PRIMARIA,TI,DESPLAZADOS,0 - 1.500.000,0 - 1.300.000,1900-01-01,06-17,NO,2
SI,15,15572,NO,ACTIVO,ND,2015-04-01,Mujer,ND,BOYACA,PUERTO BOYACA,ND,MONETARIO,ND,CC,DESPLAZADOS,1.500.001 - 3.000.000,0 - 1.300.000,2018-01-01,30-49,SI,1
NO,15,15572,NO,ACTIVO,ND,2012-12-01,Mujer,ND,BOYACA,PUERTO BOYACA,ND,MONETARIO,ND,CC,UNIDOS,0 - 1.500.000,0 - 1.300.000,2014-01-01,30-49,NO,1
NO,15,15572,NO,NO ACTIVO,ND,2014-10-01,Hombre,ND,BOYACA,PUERTO BOYACA,ND,ND,ND,CC,DESPLAZADOS,0 - 1.500.000,0 - 1.300.000,1900-01-01,18-29,NO,1
NO,15,15572,NO,NO ACTIVO,PALENQUERO,2012-12-01,Mujer,ND,BOYACA,PUERTO BOYACA,ND,ND,ND,TI,UNIDOS,0 - 1.500.000,0 - 1.300.000,1900-01-01,18-29,NO,1
NO,15,15572,NO,ACTIVO,ND,2014-04-01,Hombre,PRIMARIA,BOYACA,PUERTO BOYACA,ND,ND,EDUCACIÓN PRIMARIA,TI,DESPLAZADOS,0 - 1.500.000,0 - 1.300.000,1900-01-01,06-17,NO,1
SI,15,15572,NO,ACTIVO,ND,2012-11-01,Mujer,ND,BOYACA,PUERTO BOYACA,ND,MONETARIO,ND,CC,SISBEN,0 - 1.500.000,0 - 1.300.000,2018-01-01,30-49,SI,1
SI,15,15572,NO,ACTIVO,ND,2012-12-01,Mujer,ND,BOYACA,PUERTO BOYACA,ND,MONETARIO,ND,CC,DESPLAZADOS,> 6.000.001,0 - 1.300.000,2018-01-01,50-65,SI,1
NO,15,15572,NO,ACTIVO,ND,2014-10-01,Mujer,ND,BOYACA,PUERTO BOYACA,ND,MONETARIO,ND,CC,DESPLAZADOS,1.500.001 - 3.000.000,0 - 1.300.000,2018-01-01,18-29,SI,1
SI,15,15572,NO,NO ACTIVO,ND,2012-12-01,Hombre,ND,BOYACA,PUERTO BOYACA,Colombia,MONETARIO,NUTRICIÓN,CC,SISBEN,0 - 1.500.000,0 - 1.300.000,2014-01-01,30-49,SI,1
ND,15,15572,NO,ACTIVO,ND,2012-10-01,Hombre,ND,BOYACA,PUERTO BOYACA,Colombia,ND,EDUCACIÓN PRIMARIA,RC,SISBEN,0 - 1.500.000,0 - 1.300.000,1900-01-01,06-17,NO,1
SI,15,15572,NO,ACTIVO,ND,2012-12-01,Hombre,ND,BOYACA,PUERTO BOYACA,ND,MONETARIO,ND,CC,UNIDOS,4.500.001 - 6.000.000,0 - 1.300.000,2018-01-01,30-49,SI,1
NO,15,15572,NO,ACTIVO,ND,2012-12-01,Hombre,ND,BOYACA,PUERTO BOYACA,ND,MONETARIO,ND,CC,SISBEN,1.500.001 - 3.000.000,0 - 1.300.000,2018-01-01,50-65,SI,1
SI,15,15572,NO,NO ACTIVO,ND,2012-12-01,Mujer,ND,BOYACA,PUERTO BOYACA,ND,MONETARIO,ND,CC,UNIDOS,0 - 1.500.000,0 - 1.300.000,2018-01-01,30-49,SI,1
NO,15,15572,NO,ACTIVO,ND,2015-05-01,Hombre,ND,BOYACA,PUERTO BOYACA,ND,ND,NUTRICIÓN MENOR,RC,DESPLAZADOS,0 - 1.500.000,0 - 1.300.000,1900-01-01,06-17,NO,1
SI,15,15572,NO,NO ACTIVO,ND,2012-12-01,Hombre,ND,BOYACA,PUERTO BOYACA,Colombia,MONETARIO,ND,CC,SISBEN,0 - 1.500.000,0 - 1.300.000,2015-01-01,30-49,SI,1
SI,15,15572,NO,ACTIVO,AFROCOLOMBIANO – NEGRO,2012-12-01,Mujer,ND,BOYACA,PUERTO BOYACA,ND,MONETARIO,ND,CC,UNIDOS,4.500.001 - 6.000.000,0 - 1.300.000,2018-01-01,30-49,SI,1
ND,15,15572,NO,ACTIVO,ND,2012-12-01,Hombre,ND,BOYACA,PUERTO BOYACA,ND,ND,ND,TI,UNIDOS,0 - 1.500.000,0 - 1.300.000,1900-01-01,06-17,NO,1
NO,15,15572,NO,NO ACTIVO,ND,2012-12-01,Mujer,ND,BOYACA,PUERTO BOYACA,ND,MONETARIO,ND,CC,UNIDOS,0 - 1.500.000,0 - 1.300.000,2014-01-01,30-49,NO,1
SI,15,15572,NO,ACTIVO,ND,2016-05-01,Mujer,ND,BOYACA,PUERTO BOYACA,ND,MONETARIO,ND,CC,SISBEN,0 - 1.500.000,0 - 1.300.000,2018-01-01,30-49,SI,1
NO,15,15572,NO,ACTIVO,ND,2015-03-01,Hombre,ND,BOYACA,PUERTO BOYACA,ND,ND,NUTRICIÓN MENOR,RC,UNIDOS,0 - 1.500.000,0 - 1.300.000,1900-01-01,06-17,NO,9
NO,15,15572,NO,ACTIVO,ND,2012-12-01,Mujer,ND,BOYACA,PUERTO BOYACA,ND,ND,TRANSICIÓNNUTRICIÓN MENOR,RC,ND,0 - 1.500.000,0 - 1.300.000,1900-01-01,06-17,NO,1
SI,15,15572,NO,ACTIVO,ND,2013-01-01,Mujer,ND,BOYACA,PUERTO BOYACA,ND,MONETARIO,ND,CC,DESPLAZADOS,3.000.001 - 4.500.000,0 - 1.300.000,2018-01-01,30-49,SI,1
NO,15,15572,NO,ACTIVO,ND,2013-06-01,Hombre,PRIMARIA,BOYACA,PUERTO BOYACA,ND,ND,EDUCACIÓN PRIMARIA,TI,DESPLAZADOS,0 - 1.500.000,0 - 1.300.000,1900-01-01,06-17,NO,4
SI,15,15572,NO,ACTIVO,ND,2012-12-01,Hombre,ND,BOYACA,PUERTO BOYACA,ND,MONETARIO,ND,CC,DESPLAZADOS,1.500.001 - 3.000.000,0 - 1.300.000,2018-01-01,>65,SI,1
SI,15,15572,NO,ACTIVO,ND,2015-02-01,Mujer,ND,BOYACA,PUERTO BOYACA,ND,MONETARIO,NUTRICIÓN,CC,DESPLAZADOS,4.500.001 - 6.000.000,0 - 1.300.000,2018-01-01,30-49,SI,1
NO,15,15572,NO,ACTIVO,ND,2014-12-01,Mujer,ND,BOYACA,PUERTO BOYACA,ND,MONETARIO,NUTRICIÓN,CC,SISBEN,4.500.001 - 6.000.000,0 - 1.300.000,2018-01-01,18-29,SI,1
NO,15,15572,NO,NO ACTIVO,ND,2015-03-01,Mujer,ND,BOYACA,PUERTO BOYACA,ND,ND,ND,TI,DESPLAZADOS,0 - 1.500.000,0 - 1.300.000,1900-01-01,18-29,NO,1
NO,15,15572,NO,ACTIVO,ND,2015-03-01,Hombre,ND,BOYACA,PUERTO BOYACA,ND,ND,NUTRICIÓN MENOR,RC,SISBEN,0 - 1.500.000,0 - 1.300.000,1900-01-01,06-17,NO,16
NO,15,15572,NO,NO ACTIVO,ND,2012-12-01,Hombre,ND,BOYACA,PUERTO BOYACA,ND,MONETARIO,ND,CC,SISBEN,> 6.000.001,0 - 1.300.000,2017-01-01,30-49,SI,1
SI,15,15572,NO,NO ACTIVO,ND,2012-12-01,Mujer,ND,BOYACA,PUERTO BOYACA,Colombia,MONETARIO,ND,CC,DESPLAZADOS,0 - 1.500.000,0 - 1.300.000,2014-01-01,50-65,SI,1
NO,15,15572,NO,ACTIVO,INDIGENA,2013-11-01,Hombre,ND,BOYACA,PUERTO BOYACA,ND,ND,ND,TI,DESPLAZADOS,0 - 1.500.000,0 - 1.300.000,1900-01-01,18-29,NO,1
NO,15,15572,NO,ACTIVO,ND,2012-12-01,Mujer,ND,BOYACA,PUERTO BOYACA,ND,ND,TRANSICIÓNNUTRICIÓN MENOR,RC,UNIDOS,0 - 1.500.000,0 - 1.300.000,1900-01-01,06-17,NO,1
NO,15,15572,NO,ACTIVO,ND,2012-12-01,Mujer,ND,BOYACA,PUERTO BOYACA,Colombia,ND,TRANSICIÓNNUTRICIÓN MENOR,RC,SISBEN,0 - 1.500.000,0 - 1.300.000,1900-01-01,06-17,NO,1
NO,15,15572,NO,ACTIVO,ND,2012-12-01,Mujer,ND,BOYACA,PUERTO BOYACA,ND,MONETARIO,ND,CC,SISBEN,3.000.001 - 4.500.000,0 - 1.300.000,2017-01-01,30-49,NO,1
SI,15,15572,NO,ACTIVO,ND,2012-12-01,Hombre,ND,BOYACA,PUERTO BOYACA,ND,MONETARIO,ND,CC,UNIDOS,0 - 1.500.000,0 - 1.300.000,2018-01-01,30-49,SI,1
NO,15,15572,NO,ACTIVO,ND,2015-11-01,Mujer,TRANSICION,BOYACA,PUERTO BOYACA,ND,ND,TRANSICIÓNNUTRICIÓN MENOR,RC,SISBEN,0 - 1.500.000,0 - 1.300.000,1900-01-01,06-17,NO,1
NO,15,15572,NO,ACTIVO,ND,2015-07-01,Mujer,ND,BOYACA,PUERTO BOYACA,ND,MONETARIO,ND,CC,DESPLAZADOS,1.500.001 - 3.000.000,0 - 1.300.000,2018-01-01,30-49,SI,1
NO,15,15572,NO,NO ACTIVO,ND,2012-12-01,Hombre,ND,BOYACA,PUERTO BOYACA,ND,MONETARIO,ND,TI,SISBEN,0 - 1.500.000,0 - 1.300.000,2015-01-01,18-29,SI,1
NO,15,15572,NO,ACTIVO,ND,2015-05-01,Mujer,ND,BOYACA,PUERTO BOYACA,ND,ND,NUTRICIÓN MENOR,RC,DESPLAZADOS,0 - 1.500.000,0 - 1.300.000,1900-01-01,06-17,NO,2
SI,15,15572,NO,ACTIVO,AFROCOLOMBIANO – NEGRO,2012-12-01,Mujer,ND,BOYACA,PUERTO BOYACA,ND,MONETARIO,ND,CC,DESPLAZADOS,> 6.000.001,0 - 1.300.000,2018-01-01,30-49,SI,1
SI,15,15572,NO,ACTIVO,ND,2012-10-01,Mujer,ND,BOYACA,PUERTO BOYACA,ND,MONETARIO,ND,CC,DESPLAZADOS,0 - 1.500.000,0 - 1.300.000,2018-01-01,30-49,SI,1
NO,15,15572,NO,ACTIVO,ND,2015-09-01,Hombre,PRIMARIA,BOYACA,PUERTO BOYACA,ND,ND,EDUCACIÓN PRIMARIA,TI,SISBEN,0 - 1.500.000,0 - 1.300.000,1900-01-01,06-17,NO,1
NO,15,15572,NO,NO ACTIVO,ND,2012-12-01,Hombre,ND,BOYACA,PUERTO BOYACA,Colombia,ND,TRANSICIÓN,RC,ND,0 - 1.500.000,0 - 1.300.000,1900-01-01,06-17,NO,1
SI,15,15572,NO,NO ACTIVO,ND,2012-12-01,Mujer,ND,BOYACA,PUERTO BOYACA,Colombia,MONETARIO,NUTRICIÓN,CC,ND,1.500.001 - 3.000.000,0 - 1.300.000,2014-01-01,30-49,SI,1
NO,15,15572,NO,ACTIVO,ND,2015-12-01,Mujer,SECUNDARIA,BOYACA,PUERTO BOYACA,ND,ND,EDUCACIÓN SECUNDARIA,CC,DESPLAZADOS,0 - 1.500.000,0 - 1.300.000,1900-01-01,18-29,NO,1
SI,15,15572,NO,ACTIVO,ND,2012-12-01,Mujer,ND,BOYACA,PUERTO BOYACA,ND,MONETARIO,NUTRICIÓN,CC,ND,0 - 1.500.000,0 - 1.300.000,2014-01-01,30-49,SI,1
NO,15,15572,NO,NO ACTIVO,ND,2012-12-01,Mujer,ND,BOYACA,PUERTO BOYACA,ND,ND,NUTRICIÓN MENOR,RC,ND,0 - 1.500.000,0 - 1.300.000,1900-01-01,06-17,NO,33
NO,15,15572,NO,NO ACTIVO,AFROCOLOMBIANO – NEGRO,2012-12-01,Mujer,ND,BOYACA,PUERTO BOYACA,ND,ND,ND,TI,DESPLAZADOS,0 - 1.500.000,0 - 1.300.000,1900-01-01,18-29,NO,1
NO,15,15572,NO,ACTIVO,ND,2016-08-01,Mujer,TRANSICION,BOYACA,PUERTO BOYACA,ND,ND,TRANSICIÓNNUTRICIÓN MENOR,RC,SISBEN,0 - 1.500.000,0 - 1.300.000,1900-01-01,06-17,NO,1
NO,15,15572,NO,ACTIVO,ND,2012-12-01,Mujer,ND,BOYACA,PUERTO BOYACA,ND,MONETARIO,ND,CC,UNIDOS,> 6.000.001,0 - 1.300.000,2018-01-01,18-29,SI,1
NO,15,15572,NO,NO ACTIVO,ND,2012-12-01,Hombre,ND,BOYACA,PUERTO BOYACA,Colombia,ND,NUTRICIÓN MENOR,RC,ND,0 - 1.500.000,0 - 1.300.000,1900-01-01,06-17,NO,3
NO,15,15572,NO,ACTIVO,ND,2013-03-01,Mujer,ND,BOYACA,PUERTO BOYACA,ND,MONETARIO,ND,CC,DESPLAZADOS,1.500.001 - 3.000.000,0 - 1.300.000,2018-01-01,30-49,SI,1
SI,15,15572,NO,ACTIVO,ND,2012-11-01,Mujer,ND,BOYACA,PUERTO BOYACA,ND,MONETARIO,ND,CC,DESPLAZADOS,> 6.000.001,0 - 1.300.000,2018-01-01,30-49,SI,1
NO,15,15572,NO,ACTIVO,ND,2012-12-01,Mujer,ND,BOYACA,PUERTO BOYACA,ND,ND,EDUCACIÓN SECUNDARIA,TI,UNIDOS,0 - 1.500.000,0 - 1.300.000,1900-01-01,18-29,NO,1
NO,15,15572,NO,ACTIVO,ND,2017-07-01,Hombre,TRANSICION,BOYACA,PUERTO BOYACA,ND,ND,TRANSICIÓNNUTRICIÓN MENOR,RC,SISBEN,0 - 1.500.000,0 - 1.300.000,1900-01-01,06-17,NO,1
SI,15,15572,NO,ACTIVO,ND,2013-08-01,Mujer,ND,BOYACA,PUERTO BOYACA,ND,MONETARIO,NUTRICIÓN,CC,DESPLAZADOS,4.500.001 - 6.000.000,0 - 1.300.000,2018-01-01,18-29,SI,1
NO,15,15572,NO,ACTIVO,ND,2015-02-01,Hombre,ND,BOYACA,PUERTO BOYACA,ND,ND,NUTRICIÓN MENOR,RC,DESPLAZADOS,0 - 1.500.000,0 - 1.300.000,1900-01-01,06-17,NO,2
NO,15,15572,NO,ACTIVO,ND,2015-02-01,Mujer,PRIMARIA,BOYACA,PUERTO BOYACA,ND,ND,EDUCACIÓN PRIMARIA,RC,DESPLAZADOS,0 - 1.500.000,0 - 1.300.000,1900-01-01,06-17,NO,1
NO,15,15572,NO,ACTIVO,ND,2012-10-01,Hombre,PRIMARIA,BOYACA,PUERTO BOYACA,ND,ND,EDUCACIÓN PRIMARIA,TI,SISBEN,0 - 1.500.000,0 - 1.300.000,1900-01-01,06-17,NO,2
,15,15572,NO,NO ACTIVO,ND,2012-12-01,Mujer,SIN ESPECIFICAR,BOYACA,PUERTO BOYACA,ND,MONETARIO,ND,CC,ND,0 - 1.500.000,0 - 1.300.000,2014-01-01,30-49,SI,1
NO,15,15572,NO,ACTIVO,ND,2015-11-01,Mujer,PRIMARIA,BOYACA,PUERTO BOYACA,ND,ND,EDUCACIÓN PRIMARIA,TI,DESPLAZADOS,0 - 1.500.000,0 - 1.300.000,1900-01-01,06-17,NO,1
SI,15,15572,NO,ACTIVO,ROM O GITANO,2012-12-01,Mujer,ND,BOYACA,PUERTO BOYACA,ND,MONETARIO,ND,CC,UNIDOS,3.000.001 - 4.500.000,0 - 1.300.000,2018-01-01,30-49,SI,1
SI,15,15572,NO,ACTIVO,ND,2012-12-01,Mujer,ND,BOYACA,PUERTO BOYACA,ND,MONETARIO,ND,CC,UNIDOS,1.500.001 - 3.000.000,0 - 1.300.000,2018-01-01,30-49,SI,1
NO,15,15572,NO,ACTIVO,ND,2012-12-01,Mujer,ND,BOYACA,PUERTO BOYACA,Colombia,ND,EDUCACIÓN SECUNDARIA,TI,ND,0 - 1.500.000,0 - 1.300.000,1900-01-01,18-29,NO,4
NO,15,15572,NO,ACTIVO,ND,2014-07-01,Hombre,TRANSICION,BOYACA,PUERTO BOYACA,ND,ND,TRANSICIÓNNUTRICIÓN MENOR,RC,DESPLAZADOS,0 - 1.500.000,0 - 1.300.000,1900-01-01,06-17,NO,1
SI,15,15572,NO,ACTIVO,ND,2015-06-01,Mujer,ND,BOYACA,PUERTO BOYACA,ND,MONETARIO,ND,CC,DESPLAZADOS,1.500.001 - 3.000.000,0 - 1.300.000,2018-01-01,30-49,SI,1
SI,15,15572,NO,NO ACTIVO,ND,2012-12-01,Mujer,ND,BOYACA,PUERTO BOYACA,Colombia,MONETARIO,ND,CC,ND,0 - 1.500.000,0 - 1.300.000,2014-01-01,30-49,SI,1
NO,15,15572,NO,ACTIVO,ND,2015-02-01,Mujer,ND,BOYACA,PUERTO BOYACA,ND,ND,NUTRICIÓN MENOR,RC,DESPLAZADOS,0 - 1.500.000,0 - 1.300.000,1900-01-01,06-17,NO,2
NO,15,15572,NO,ACTIVO,ND,2015-04-01,Mujer,ND,BOYACA,PUERTO BOYACA,ND,ND,NUTRICIÓN MENOR,RC,SISBEN,0 - 1.500.000,0 - 1.300.000,1900-01-01,06-17,NO,2
SI,15,15572,NO,NO ACTIVO,ND,2012-12-01,Mujer,ND,BOYACA,PUERTO BOYACA,ND,MONETARIO,ND,CC,SISBEN,1.500.001 - 3.000.000,0 - 1.300.000,2018-01-01,30-49,SI,1
,15,15572,NO,ACTIVO,ND,2018-03-01,Hombre,SIN ESPECIFICAR,BOYACA,PUERTO BOYACA,ND,ND,NUTRICIÓN MENOR,RC,UNIDOS,0 - 1.500.000,0 - 1.300.000,1900-01-01,06-17,NO,1
NO,15,15572,NO,ACTIVO,ND,2018-08-01,Hombre,ND,BOYACA,PUERTO BOYACA,ND,ND,ND,RC,DESPLAZADOS,0 - 1.500.000,0 - 1.300.000,1900-01-01,06-17,NO,1
NO,15,15572,NO,ACTIVO,AFROCOLOMBIANO – NEGRO,2012-12-01,Mujer,PRIMARIA,BOYACA,PUERTO BOYACA,ND,ND,EDUCACIÓN PRIMARIA,TI,SISBEN,0 - 1.500.000,0 - 1.300.000,1900-01-01,06-17,NO,3
NO,15,15572,SI,NO ACTIVO,ND,2012-12-01,Mujer,ND,BOYACA,PUERTO BOYACA,ND,ND,ND,CC,UNIDOS,0 - 1.500.000,0 - 1.300.000,1900-01-01,18-29,NO,1
NO,15,15572,NO,ACTIVO,ND,2012-12-01,Mujer,ND,BOYACA,PUERTO BOYACA,ND,MONETARIO,ND,CC,DESPLAZADOS,3.000.001 - 4.500.000,0 - 1.300.000,2018-01-01,30-49,SI,1
NO,15,15572,NO,ACTIVO,AFROCOLOMBIANO – NEGRO,2012-12-01,Mujer,SECUNDARIA,BOYACA,PUERTO BOYACA,ND,ND,ND,TI,SISBEN,0 - 1.500.000,0 - 1.300.000,1900-01-01,18-29,NO,3
NO,15,15572,NO,ACTIVO,ND,2012-10-01,Mujer,ND,BOYACA,PUERTO BOYACA,ND,ND,ND,RC,SISBEN,0 - 1.500.000,0 - 1.300.000,1900-01-01,06-17,NO,1
SI,15,15572,NO,ACTIVO,ND,2012-12-01,Mujer,ND,BOYACA,PUERTO BOYACA,Colombia,MONETARIO,NUTRICIÓN,CC,ND,1.500.001 - 3.000.000,0 - 1.300.000,2014-01-01,30-49,SI,1
NO,15,15572,NO,ACTIVO,ND,2012-12-01,Hombre,ND,BOYACA,PUERTO BOYACA,ND,ND,EDUCACIÓN PRIMARIA,TI,SISBEN,0 - 1.500.000,0 - 1.300.000,1900-01-01,06-17,NO,1
NO,15,15572,NO,ACTIVO,ND,2012-12-01,Hombre,ND,BOYACA,PUERTO BOYACA,ND,MONETARIO,ND,CC,DESPLAZADOS,> 6.000.001,0 - 1.300.000,2018-01-01,30-49,SI,1
NO,15,15572,NO,ACTIVO,ND,2016-12-01,Mujer,ND,BOYACA,PUERTO BOYACA,ND,ND,ND,RC,DESPLAZADOS,0 - 1.500.000,0 - 1.300.000,1900-01-01,06-17,NO,1
NO,15,15572,NO,ACTIVO,ND,2012-12-01,Mujer,ND,BOYACA,PUERTO BOYACA,ND,MONETARIO,ND,CC,SISBEN,3.000.001 - 4.500.000,0 - 1.300.000,2018-01-01,50-65,SI,1
SI,15,15572,NO,ACTIVO,ND,2014-07-01,Mujer,ND,BOYACA,PUERTO BOYACA,ND,MONETARIO,ND,CC,DESPLAZADOS,1.500.001 - 3.000.000,0 - 1.300.000,2018-01-01,30-49,SI,1
NO,15,15572,NO,ACTIVO,ND,2013-05-01,Mujer,ND,BOYACA,PUERTO BOYACA,ND,ND,ND,TI,DESPLAZADOS,0 - 1.500.000,0 - 1.300.000,1900-01-01,18-29,NO,1
NO,15,15572,NO,ACTIVO,ND,2014-07-01,Hombre,SECUNDARIA,BOYACA,PUERTO BOYACA,ND,ND,EDUCACIÓN SECUNDARIA,CC,DESPLAZADOS,0 - 1.500.000,0 - 1.300.000,1900-01-01,18-29,NO,1
SI,15,15572,NO,ACTIVO,ND,2012-12-01,Mujer,ND,BOYACA,PUERTO BOYACA,ND,MONETARIO,ND,CC,DESPLAZADOS,1.500.001 - 3.000.000,0 - 1.300.000,2018-01-01,30-49,SI,2
SI,15,15572,NO,ACTIVO,ND,2012-12-01,Mujer,ND,BOYACA,PUERTO BOYACA,ND,MONETARIO,ND,CC,SISBEN,4.500.001 - 6.000.000,0 - 1.300.000,2018-01-01,>65,SI,1
SI,15,15572,NO,ACTIVO,ND,2016-11-01,Mujer,ND,BOYACA,PUERTO BOYACA,ND,MONETARIO,ND,CC,DESPLAZADOS,0 - 1.500.000,0 - 1.300.000,2018-01-01,50-65,SI,1
SI,15,15572,NO,ACTIVO,ND,2012-12-01,Mujer,ND,BOYACA,PUERTO BOYACA,ND,MONETARIO,ND,CC,DESPLAZADOS,1.500.001 - 3.000.000,0 - 1.300.000,2018-01-01,>65,SI,1
NO,15,15572,NO,NO ACTIVO,ND,2012-12-01,Mujer,ND,BOYACA,PUERTO BOYACA,ND,ND,ND,RC,UNIDOS,0 - 1.500.000,0 - 1.300.000,1900-01-01,18-29,NO,1
SI,15,15572,NO,ACTIVO,ND,2014-03-01,Mujer,ND,BOYACA,PUERTO BOYACA,ND,MONETARIO,ND,CC,SISBEN,1.500.001 - 3.000.000,0 - 1.300.000,2018-01-01,50-65,SI,1
SI,15,15572,NO,ACTIVO,ND,2012-10-01,Mujer,ND,BOYACA,PUERTO BOYACA,ND,MONETARIO,ND,CC,SISBEN,4.500.001 - 6.000.000,0 - 1.300.000,2018-01-01,30-49,SI,1
SI,15,15572,NO,ACTIVO,AFROCOLOMBIANO – NEGRO,2012-12-01,Mujer,ND,BOYACA,PUERTO BOYACA,ND,MONETARIO,ND,CC,SISBEN,1.500.001 - 3.000.000,0 - 1.300.000,2018-01-01,>65,SI,1
ND,15,15572,NO,ACTIVO,ND,2012-12-01,Hombre,ND,BOYACA,PUERTO BOYACA,ND,ND,ND,CC,UNIDOS,0 - 1.500.000,0 - 1.300.000,1900-01-01,18-29,NO,1
SI,15,15572,NO,ACTIVO,ND,2012-12-01,Mujer,ND,BOYACA,PUERTO BOYACA,ND,MONETARIO,NUTRICIÓN,CC,DESPLAZADOS,4.500.001 - 6.000.000,0 - 1.300.000,2018-01-01,18-29,SI,1
NO,15,15572,NO,ACTIVO,ND,2018-05-01,Mujer,ND,BOYACA,PUERTO BOYACA,ND,ND,NUTRICIÓN MENOR,RC,DESPLAZADOS,0 - 1.500.000,0 - 1.300.000,1900-01-01,06-17,NO,1
NO,15,15572,NO,ACTIVO,ND,2013-04-01,Hombre,ND,BOYACA,PUERTO BOYACA,Colombia,ND,ND,RC,SISBEN,0 - 1.500.000,0 - 1.300.000,1900-01-01,06-17,NO,1
NO,15,15572,NO,ACTIVO,ND,2013-08-01,Mujer,TRANSICION,BOYACA,PUERTO BOYACA,ND,ND,TRANSICIÓNNUTRICIÓN MENOR,RC,DESPLAZADOS,0 - 1.500.000,0 - 1.300.000,1900-01-01,06-17,NO,1
SI,15,15572,NO,ACTIVO,ND,2013-05-01,Mujer,ND,BOYACA,PUERTO BOYACA,ND,MONETARIO,ND,CC,SISBEN,4.500.001 - 6.000.000,0 - 1.300.000,2018-01-01,30-49,SI,1
NO,15,15572,NO,ACTIVO,ND,2012-11-01,Hombre,PRIMARIA,BOYACA,PUERTO BOYACA,ND,ND,EDUCACIÓN PRIMARIA,TI,SISBEN,0 - 1.500.000,0 - 1.300.000,1900-01-01,06-17,NO,1
NO,15,15572,NO,NO ACTIVO,ND,2012-12-01,Mujer,PRIMARIA,BOYACA,PUERTO BOYACA,ND,ND,ND,RC,UNIDOS,0 - 1.500.000,0 - 1.300.000,1900-01-01,06-17,NO,1
SI,15,15572,NO,ACTIVO,ND,2012-12-01,Mujer,ND,BOYACA,PUERTO BOYACA,Colombia,MONETARIO,ND,CC,ND,0 - 1.500.000,0 - 1.300.000,2014-01-01,30-49,SI,1
NO,15,15572,NO,NO ACTIVO,ND,2015-06-01,Mujer,ND,BOYACA,PUERTO BOYACA,ND,ND,ND,CC,DESPLAZADOS,0 - 1.500.000,0 - 1.300.000,1900-01-01,18-29,NO,1
NO,15,15572,NO,ACTIVO,ND,2012-11-01,Mujer,PRIMARIA,BOYACA,PUERTO BOYACA,ND,ND,ND,TI,SISBEN,0 - 1.500.000,0 - 1.300.000,1900-01-01,06-17,NO,2
NO,15,15572,NO,ACTIVO,ND,2013-12-01,Mujer,ND,BOYACA,PUERTO BOYACA,ND,MONETARIO,ND,CC,DESPLAZADOS,4.500.001 - 6.000.000,0 - 1.300.000,2018-01-01,30-49,SI,1
SI,15,15572,NO,NO ACTIVO,ND,2012-12-01,Hombre,ND,BOYACA,PUERTO BOYACA,Colombia,MONETARIO,ND,CC,ND,0 - 1.500.000,0 - 1.300.000,2014-01-01,30-49,SI,1
NO,15,15572,NO,ACTIVO,ND,2012-12-01,Mujer,ND,BOYACA,PUERTO BOYACA,ND,MONETARIO,ND,CC,UNIDOS,4.500.001 - 6.000.000,0 - 1.300.000,2018-01-01,18-29,SI,1
SI,15,15572,NO,ACTIVO,AFROCOLOMBIANO – NEGRO,2012-12-01,Mujer,ND,BOYACA,PUERTO BOYACA,ND,MONETARIO,NUTRICIÓN,CC,UNIDOS,> 6.000.001,0 - 1.300.000,2018-01-01,30-49,SI,1
NO,15,15572,NO,ACTIVO,ND,2015-01-01,Hombre,ND,BOYACA,PUERTO BOYACA,ND,ND,NUTRICIÓN MENOR,RC,SISBEN,0 - 1.500.000,0 - 1.300.000,1900-01-01,06-17,NO,1
SI,15,15572,NO,ACTIVO,AFROCOLOMBIANO – NEGRO,2012-12-01,Mujer,ND,BOYACA,PUERTO BOYACA,ND,MONETARIO,ND,CC,UNIDOS,4.500.001 - 6.000.000,0 - 1.300.000,2018-01-01,18-29,SI,1
SI,15,15572,NO,ACTIVO,ND,2016-09-01,Mujer,ND,BOYACA,PUERTO BOYACA,ND,MONETARIO,ND,CC,SISBEN,0 - 1.500.000,0 - 1.300.000,2018-01-01,>65,SI,1
NO,15,15572,NO,ACTIVO,ND,2012-12-01,Mujer,ND,BOYACA,PUERTO BOYACA,Colombia,ND,ND,TI,ND,0 - 1.500.000,0 - 1.300.000,1900-01-01,18-29,NO,1
NO,15,15572,SI,ACTIVO,ND,2012-12-01,Mujer,SECUNDARIA,BOYACA,PUERTO BOYACA,ND,ND,ND,TI,SISBEN,0 - 1.500.000,0 - 1.300.000,1900-01-01,18-29,NO,1
NO,15,15572,SI,ACTIVO,ND,2012-12-01,Mujer,ND,BOYACA,PUERTO BOYACA,ND,ND,ND,RC,UNIDOS,0 - 1.500.000,0 - 1.300.000,1900-01-01,06-17,NO,1
NO,15,15572,NO,ACTIVO,ND,2014-04-01,Hombre,ND,BOYACA,PUERTO BOYACA,ND,ND,ND,TI,UNIDOS,0 - 1.500.000,0 - 1.300.000,1900-01-01,18-29,NO,1
ND,15,15572,NO,NO ACTIVO,ND,2012-12-01,Mujer,ND,BOYACA,PUERTO BOYACA,Colombia,ND,EDUCACIÓN SECUNDARIA,TI,ND,0 - 1.500.000,0 - 1.300.000,1900-01-01,18-29,NO,1
NO,15,15572,NO,ACTIVO,ND,2012-12-01,Hombre,TRANSICION,BOYACA,PUERTO BOYACA,ND,ND,TRANSICIÓN,RC,UNIDOS,0 - 1.500.000,0 - 1.300.000,1900-01-01,06-17,NO,9
ND,15,15572,NO,ACTIVO,ND,2012-12-01,Hombre,ND,BOYACA,PUERTO BOYACA,Colombia,ND,EDUCACIÓN PRIMARIA,RC,DESPLAZADOS,0 - 1.500.000,0 - 1.300.000,1900-01-01,06-17,NO,1
SI,15,15572,NO,NO ACTIVO,ND,2012-12-01,Mujer,ND,BOYACA,PUERTO BOYACA,COLOMBIA,MONETARIO,ND,CC,ND,0 - 1.500.000,0 - 1.300.000,2014-01-01,50-65,SI,1
NO,15,15572,NO,ACTIVO,AFROCOLOMBIANO – NEGRO,2018-01-01,Hombre,ND,BOYACA,PUERTO BOYACA,Colombia,MONETARIO,ND,CC,UNIDOS,0 - 1.500.000,0 - 1.300.000,2018-01-01,30-49,SI,1
NO,15,15572,NO,ACTIVO,ND,2014-04-01,Mujer,TRANSICION,BOYACA,PUERTO BOYACA,ND,ND,TRANSICIÓNNUTRICIÓN MENOR,RC,DESPLAZADOS,0 - 1.500.000,0 - 1.300.000,1900-01-01,06-17,NO,2
NO,15,15572,NO,ACTIVO,ND,2012-12-01,Mujer,TRANSICION,BOYACA,PUERTO BOYACA,ND,ND,NUTRICIÓN MENOR,RC,DESPLAZADOS,0 - 1.500.000,0 - 1.300.000,1900-01-01,06-17,NO,1
NO,15,15572,NO,ACTIVO,ND,2015-04-01,Mujer,ND,BOYACA,PUERTO BOYACA,ND,ND,NUTRICIÓN MENOR,RC,UNIDOS,0 - 1.500.000,0 - 1.300.000,1900-01-01,06-17,NO,1
NO,15,15572,NO,NO ACTIVO,AFROCOLOMBIANO – NEGRO,2012-12-01,Hombre,ND,BOYACA,PUERTO BOYACA,ND,ND,ND,TI,SISBEN,0 - 1.500.000,0 - 1.300.000,1900-01-01,18-29,NO,3
NO,15,15572,NO,ACTIVO,ND,2012-12-01,Hombre,ND,BOYACA,PUERTO BOYACA,ND,ND,ND,CC,SISBEN,0 - 1.500.000,0 - 1.300.000,1900-01-01,50-65,NO,1
NO,15,15572,NO,ACTIVO,ND,2012-12-01,Mujer,TRANSICION,BOYACA,PUERTO BOYACA,ND,ND,TRANSICIÓNNUTRICIÓN MENOR,RC,SISBEN,0 - 1.500.000,0 - 1.300.000,1900-01-01,06-17,NO,26
NO,15,15572,NO,NO ACTIVO,AFROCOLOMBIANO – NEGRO,2012-12-01,Mujer,ND,BOYACA,PUERTO BOYACA,ND,MONETARIO,ND,CC,SISBEN,0 - 1.500.000,0 - 1.300.000,2015-01-01,50-65,NO,1
NO,15,15572,NO,NO ACTIVO,ND,2012-12-01,Mujer,ND,BOYACA,PUERTO BOYACA,Colombia,ND,EDUCACIÓN SECUNDARIA,CC,ND,0 - 1.500.000,0 - 1.300.000,1900-01-01,18-29,NO,2
NO,15,15572,NO,ACTIVO,ND,2012-11-01,Mujer,PRIMARIA,BOYACA,PUERTO BOYACA,ND,ND,EDUCACIÓN PRIMARIA,TI,SISBEN,0 - 1.500.000,0 - 1.300.000,1900-01-01,06-17,NO,3
NO,15,15572,NO,ACTIVO,ND,2015-05-01,Hombre,PRIMARIA,BOYACA,PUERTO BOYACA,ND,ND,EDUCACIÓN PRIMARIA,TI,DESPLAZADOS,0 - 1.500.000,0 - 1.300.000,1900-01-01,06-17,NO,1
NO,15,15572,NO,ACTIVO,ND,2012-11-01,Mujer,ND,BOYACA,PUERTO BOYACA,ND,MONETARIO,ND,CC,DESPLAZADOS,3.000.001 - 4.500.000,0 - 1.300.000,2018-01-01,30-49,SI,1
SI,15,15572,NO,ACTIVO,ND,2012-12-01,Mujer,ND,BOYACA,PUERTO BOYACA,ND,MONETARIO,ND,CC,SISBEN,> 6.000.001,0 - 1.300.000,2018-01-01,30-49,SI,1
SI,15,15572,NO,ACTIVO,ND,2013-11-01,Hombre,ND,BOYACA,PUERTO BOYACA,ND,MONETARIO,NUTRICIÓN,CC,DESPLAZADOS,4.500.001 - 6.000.000,0 - 1.300.000,2018-01-01,30-49,SI,1
NO,15,15572,NO,ACTIVO,ND,2017-01-01,Mujer,PRIMARIA,BOYACA,PUERTO BOYACA,ND,ND,EDUCACIÓN PRIMARIA,RC,SISBEN,0 - 1.500.000,0 - 1.300.000,1900-01-01,06-17,NO,1
SI,15,15572,NO,ACTIVO,ND,2013-06-01,Mujer,ND,BOYACA,PUERTO BOYACA,ND,MONETARIO,ND,CC,DESPLAZADOS,4.500.001 - 6.000.000,0 - 1.300.000,2018-01-01,30-49,SI,1
SI,15,15572,NO,ACTIVO,ND,2012-12-01,Mujer,ND,BOYACA,PUERTO BOYACA,ND,MONETARIO,ND,CC,DESPLAZADOS,1.500.001 - 3.000.000,0 - 1.300.000,2018-01-01,30-49,SI,1
NO,15,15572,NO,ACTIVO,AFROCOLOMBIANO – NEGRO,2012-12-01,Hombre,ND,BOYACA,PUERTO BOYACA,ND,ND,ND,CC,UNIDOS,0 - 1.500.000,0 - 1.300.000,1900-01-01,18-29,NO,8
NO,15,15572,NO,ACTIVO,ND,2015-06-01,Hombre,ND,BOYACA,PUERTO BOYACA,ND,ND,NUTRICIÓN MENOR,RC,SISBEN,0 - 1.500.000,0 - 1.300.000,1900-01-01,06-17,NO,1
ND,15,15572,NO,ACTIVO,ND,2012-12-01,Hombre,ND,BOYACA,PUERTO BOYACA,ND,ND,EDUCACIÓN PRIMARIA,RC,UNIDOS,0 - 1.500.000,0 - 1.300.000,1900-01-01,06-17,NO,3
SI,15,15572,NO,ACTIVO,ROM O GITANO,2012-12-01,Mujer,ND,BOYACA,PUERTO BOYACA,ND,MONETARIO,ND,CC,UNIDOS,4.500.001 - 6.000.000,0 - 1.300.000,2018-01-01,30-49,SI,1
NO,15,15572,NO,ACTIVO,ND,2015-03-01,Mujer,ND,BOYACA,PUERTO BOYACA,ND,ND,NUTRICIÓN MENOR,RC,UNIDOS,0 - 1.500.000,0 - 1.300.000,1900-01-01,06-17,NO,7
NO,15,15572,SI,ACTIVO,ND,2012-12-01,Mujer,ND,BOYACA,PUERTO BOYACA,ND,ND,NUTRICIÓN MENOR,RC,SISBEN,0 - 1.500.000,0 - 1.300.000,1900-01-01,06-17,NO,1
SI,15,15572,NO,ACTIVO,ND,2012-12-01,Mujer,ND,BOYACA,PUERTO BOYACA,ND,MONETARIO,NUTRICIÓN,CC,SISBEN,4.500.001 - 6.000.000,0 - 1.300.000,2018-01-01,18-29,SI,1
SI,15,15572,NO,NO ACTIVO,AFROCOLOMBIANO – NEGRO,2012-12-01,Mujer,ND,BOYACA,PUERTO BOYACA,Colombia,MONETARIO,ND,CC,UNIDOS,1.500.001 - 3.000.000,0 - 1.300.000,2015-01-01,50-65,SI,1
NO,15,15572,NO,ACTIVO,ND,2016-06-01,Hombre,TRANSICION,BOYACA,PUERTO BOYACA,ND,ND,TRANSICIÓNNUTRICIÓN MENOR,RC,SISBEN,0 - 1.500.000,0 - 1.300.000,1900-01-01,06-17,NO,2
NO,15,15572,NO,ACTIVO,ND,2015-06-01,Mujer,ND,BOYACA,PUERTO BOYACA,ND,ND,ND,TI,SISBEN,0 - 1.500.000,0 - 1.300.000,1900-01-01,18-29,NO,1
NO,15,15572,NO,ACTIVO,ND,2012-10-01,Hombre,ND,BOYACA,PUERTO BOYACA,ND,ND,ND,RC,DESPLAZADOS,0 - 1.500.000,0 - 1.300.000,1900-01-01,06-17,NO,1
,15,15572,ND,ACTIVO,ND,2012-12-01,Mujer,ND,BOYACA,PUERTO BOYACA,Colombia,MONETARIO,ND,CC,SISBEN,0 - 1.500.000,0 - 1.300.000,2014-01-01,>65,SI,1
NO,15,15572,NO,ACTIVO,ND,2013-07-01,Mujer,PRIMARIA,BOYACA,PUERTO BOYACA,ND,ND,EDUCACIÓN PRIMARIA,TI,DESPLAZADOS,0 - 1.500.000,0 - 1.300.000,1900-01-01,06-17,NO,1
NO,15,15572,NO,ACTIVO,ND,2014-03-01,Hombre,ND,BOYACA,PUERTO BOYACA,ND,MONETARIO,ND,CC,UNIDOS,0 - 1.500.000,0 - 1.300.000,2018-01-01,>65,SI,1
NO,15,15572,SI,ACTIVO,ND,2012-12-01,Hombre,SECUNDARIA,BOYACA,PUERTO BOYACA,ND,ND,EDUCACIÓN SECUNDARIA,CC,DESPLAZADOS,0 - 1.500.000,0 - 1.300.000,1900-01-01,18-29,NO,1
NO,15,15572,NO,ACTIVO,ND,2015-05-01,Hombre,PRIMARIA,BOYACA,PUERTO BOYACA,ND,ND,EDUCACIÓN PRIMARIA,RC,DESPLAZADOS,0 - 1.500.000,0 - 1.300.000,1900-01-01,06-17,NO,1
SI,15,15572,NO,NO ACTIVO,ND,2012-12-01,Mujer,ND,BOYACA,PUERTO BOYACA,ND,MONETARIO,ND,CC,UNIDOS,1.500.001 - 3.000.000,0 - 1.300.000,2017-01-01,50-65,SI,1
NO,15,15572,NO,ACTIVO,ND,2012-12-01,Hombre,SECUNDARIA,BOYACA,PUERTO BOYACA,Colombia,ND,EDUCACIÓN SECUNDARIA,CC,SISBEN,0 - 1.500.000,0 - 1.300.000,1900-01-01,18-29,NO,1
SI,15,15572,NO,ACTIVO,ND,2012-12-01,Hombre,ND,BOYACA,PUERTO BOYACA,ND,MONETARIO,ND,CC,DESPLAZADOS,3.000.001 - 4.500.000,0 - 1.300.000,2018-01-01,>65,SI,1
ND,15,15572,NO,ACTIVO,ND,2012-12-01,Hombre,ND,BOYACA,PUERTO BOYACA,ND,ND,ND,TI,UNIDOS,0 - 1.500.000,0 - 1.300.000,1900-01-01,18-29,NO,1
NO,15,15572,NO,NO ACTIVO,ND,2012-12-01,Mujer,ND,BOYACA,PUERTO BOYACA,ND,MONETARIO,ND,CC,UNIDOS,1.500.001 - 3.000.000,0 - 1.300.000,2018-01-01,30-49,SI,1
NO,15,15572,NO,ACTIVO,ND,2012-12-01,Hombre,TRANSICION,BOYACA,PUERTO BOYACA,ND,ND,TRANSICIÓN,RC,SISBEN,0 - 1.500.000,0 - 1.300.000,1900-01-01,06-17,NO,31
NO,15,15572,NO,ACTIVO,AFROCOLOMBIANO – NEGRO,2012-12-01,Hombre,SECUNDARIA,BOYACA,PUERTO BOYACA,ND,ND,ND,CC,UNIDOS,0 - 1.500.000,0 - 1.300.000,1900-01-01,18-29,NO,1
,15,15572,NO,ACTIVO,ND,2017-11-01,Mujer,SIN ESPECIFICAR,BOYACA,PUERTO BOYACA,ND,ND,TRANSICIÓNNUTRICIÓN MENOR,RC,SISBEN,0 - 1.500.000,0 - 1.300.000,1900-01-01,06-17,NO,1
NO,15,15572,SI,ACTIVO,ND,2012-12-01,Hombre,ND,BOYACA,PUERTO BOYACA,ND,ND,ND,CC,UNIDOS,0 - 1.500.000,0 - 1.300.000,1900-01-01,18-29,NO,1
NO,15,15572,NO,ACTIVO,ND,2012-10-01,Mujer,TRANSICION,BOYACA,PUERTO BOYACA,ND,ND,TRANSICIÓN,RC,DESPLAZADOS,0 - 1.500.000,0 - 1.300.000,1900-01-01,06-17,NO,1
NO,15,15572,NO,ACTIVO,ND,2018-02-01,Hombre,TRANSICION,BOYACA,PUERTO BOYACA,ND,ND,TRANSICIÓN,RC,SISBEN,0 - 1.500.000,0 - 1.300.000,1900-01-01,06-17,NO,1
NO,15,15572,NO,ACTIVO,ND,2012-12-01,Hombre,PRIMARIA,BOYACA,PUERTO BOYACA,ND,ND,EDUCACIÓN PRIMARIA,RC,DESPLAZADOS,0 - 1.500.000,0 - 1.300.000,1900-01-01,06-17,NO,26
NO,15,15572,NO,ACTIVO,ND,2012-12-01,Mujer,ND,BOYACA,PUERTO BOYACA,ND,MONETARIO,ND,CC,UNIDOS,0 - 1.500.000,0 - 1.300.000,2018-01-01,18-29,SI,1
SI,15,15572,NO,ACTIVO,ND,2015-02-01,Mujer,ND,BOYACA,PUERTO BOYACA,ND,MONETARIO,ND,CC,DESPLAZADOS,0 - 1.500.000,0 - 1.300.000,2018-01-01,50-65,SI,1
SI,15,15572,NO,NO ACTIVO,ND,2012-12-01,Mujer,ND,BOYACA,PUERTO BOYACA,Colombia,MONETARIO,ND,CC,SISBEN,0 - 1.500.000,0 - 1.300.000,2014-01-01,50-65,SI,1
SI,15,15572,NO,ACTIVO,ND,2016-08-01,Hombre,ND,BOYACA,PUERTO BOYACA,ND,MONETARIO,ND,CC,DESPLAZADOS,0 - 1.500.000,0 - 1.300.000,2018-01-01,30-49,SI,1
NO,15,15572,NO,NO ACTIVO,ND,2012-12-01,Mujer,ND,BOYACA,PUERTO BOYACA,ND,ND,EDUCACIÓN SECUNDARIA,TI,UNIDOS,0 - 1.500.000,0 - 1.300.000,1900-01-01,18-29,NO,1
NO,15,15572,NO,ACTIVO,AFROCOLOMBIANO – NEGRO,2012-12-01,Mujer,ND,BOYACA,PUERTO BOYACA,ND,MONETARIO,ND,CC,SISBEN,3.000.001 - 4.500.000,0 - 1.300.000,2018-01-01,18-29,SI,1
NO,15,15572,NO,ACTIVO,ND,2012-12-01,Hombre,ND,BOYACA,PUERTO BOYACA,ND,MONETARIO,ND,CC,UNIDOS,0 - 1.500.000,0 - 1.300.000,2018-01-01,18-29,SI,1
NO,15,15572,NO,ACTIVO,ND,2014-09-01,Mujer,ND,BOYACA,PUERTO BOYACA,ND,ND,NUTRICIÓN MENOR,RC,DESPLAZADOS,0 - 1.500.000,0 - 1.300.000,1900-01-01,06-17,NO,2
SI,15,15572,NO,ACTIVO,ND,2012-12-01,Hombre,ND,BOYACA,PUERTO BOYACA,ND,MONETARIO,ND,CC,UNIDOS,3.000.001 - 4.500.000,0 - 1.300.000,2018-01-01,50-65,SI,1
NO,15,15572,NO,ACTIVO,ND,2016-07-01,Hombre,TRANSICION,BOYACA,PUERTO BOYACA,ND,ND,TRANSICIÓNNUTRICIÓN MENOR,RC,SISBEN,0 - 1.500.000,0 - 1.300.000,1900-01-01,06-17,NO,1
ND,15,15572,NO,ACTIVO,ND,2012-12-01,Mujer,ND,BOYACA,PUERTO BOYACA,Colombia,ND,EDUCACIÓN PRIMARIA,RC,DESPLAZADOS,0 - 1.500.000,0 - 1.300.000,1900-01-01,06-17,NO,1
NO,15,15572,SI,ACTIVO,ND,2012-12-01,Mujer,ND,BOYACA,PUERTO BOYACA,ND,ND,ND,RC,SISBEN,0 - 1.500.000,0 - 1.300.000,1900-01-01,06-17,NO,1
NO,15,15572,NO,ACTIVO,ND,2015-05-01,Hombre,TRANSICION,BOYACA,PUERTO BOYACA,ND,ND,TRANSICIÓN,RC,SISBEN,0 - 1.500.000,0 - 1.300.000,1900-01-01,06-17,NO,1
NO,15,15572,NO,ACTIVO,ND,2018-04-01,Hombre,PRIMARIA,BOYACA,PUERTO BOYACA,ND,ND,EDUCACIÓN PRIMARIA,TI,UNIDOS,0 - 1.500.000,0 - 1.300.000,1900-01-01,06-17,NO,1
NO,15,15572,NO,NO ACTIVO,ND,2012-11-01,Mujer,ND,BOYACA,PUERTO BOYACA,ND,ND,ND,CC,SISBEN,0 - 1.500.000,0 - 1.300.000,1900-01-01,18-29,NO,1
NO,15,15572,NO,ACTIVO,ND,2014-11-01,Hombre,ND,BOYACA,PUERTO BOYACA,ND,ND,ND,TI,DESPLAZADOS,0 - 1.500.000,0 - 1.300.000,1900-01-01,06-17,NO,1
SI,15,15572,NO,NO ACTIVO,ND,2012-12-01,Mujer,ND,BOYACA,PUERTO BOYACA,ND,MONETARIO,ND,CC,SISBEN,0 - 1.500.000,0 - 1.300.000,2013-01-01,30-49,SI,1
NO,15,15572,NO,ACTIVO,ND,2015-11-01,Hombre,SECUNDARIA,BOYACA,PUERTO BOYACA,ND,ND,EDUCACIÓN SECUNDARIA,CC,DESPLAZADOS,0 - 1.500.000,0 - 1.300.000,1900-01-01,18-29,NO,1
SI,15,15572,ND,ACTIVO,ND,2012-12-01,Mujer,ND,BOYACA,PUERTO BOYACA,Colombia,MONETARIO,ND,CC,ND,0 - 1.500.000,0 - 1.300.000,2014-01-01,30-49,SI,1
SI,15,15572,NO,ACTIVO,ND,2017-07-01,Hombre,ND,BOYACA,PUERTO BOYACA,ND,MONETARIO,NUTRICIÓN,CC,SISBEN,0 - 1.500.000,0 - 1.300.000,2018-01-01,30-49,SI,1
NO,15,15572,NO,ACTIVO,INDIGENA,2012-12-01,Hombre,PRIMARIA,BOYACA,PUERTO BOYACA,ND,ND,EDUCACIÓN PRIMARIA,TI,SISBEN,0 - 1.500.000,0 - 1.300.000,1900-01-01,06-17,NO,1
NO,15,15572,NO,ACTIVO,ND,2015-09-01,Mujer,ND,BOYACA,PUERTO BOYACA,ND,ND,NUTRICIÓN MENOR,RC,DESPLAZADOS,0 - 1.500.000,0 - 1.300.000,1900-01-01,06-17,NO,1
ND,15,15572,NO,ACTIVO,ND,2012-12-01,Hombre,ND,BOYACA,PUERTO BOYACA,Colombia,ND,TRANSICIÓN,RC,SISBEN,0 - 1.500.000,0 - 1.300.000,1900-01-01,06-17,NO,1
,15,15572,NO,NO ACTIVO,ND,2018-06-01,Mujer,SIN ESPECIFICAR,BOYACA,PUERTO BOYACA,ND,ND,ND,CC,UNIDOS,0 - 1.500.000,0 - 1.300.000,1900-01-01,30-49,SI,1
NO,15,15572,NO,ACTIVO,ND,2012-10-01,Mujer,ND,BOYACA,PUERTO BOYACA,ND,ND,ND,RC,DESPLAZADOS,0 - 1.500.000,0 - 1.300.000,1900-01-01,06-17,NO,1
SI,15,15572,NO,ACTIVO,ND,2013-01-01,Mujer,ND,BOYACA,PUERTO BOYACA,ND,MONETARIO,NUTRICIÓN,CC,DESPLAZADOS,3.000.001 - 4.500.000,0 - 1.300.000,2018-01-01,30-49,SI,1
NO,15,15572,NO,ACTIVO,AFROCOLOMBIANO – NEGRO,2015-11-01,Mujer,ND,BOYACA,PUERTO BOYACA,ND,MONETARIO,ND,CC,DESPLAZADOS,1.500.001 - 3.000.000,0 - 1.300.000,2018-01-01,30-49,SI,1
NO,15,15572,NO,ACTIVO,ND,2016-08-01,Mujer,PRIMARIA,BOYACA,PUERTO BOYACA,ND,ND,EDUCACIÓN PRIMARIA,RC,DESPLAZADOS,0 - 1.500.000,0 - 1.300.000,1900-01-01,06-17,NO,1
SI,15,15572,NO,NO ACTIVO,ND,2013-06-01,Mujer,ND,BOYACA,PUERTO BOYACA,ND,MONETARIO,ND,CC,ND,1.500.001 - 3.000.000,0 - 1.300.000,2014-01-01,30-49,SI,1
NO,15,15572,NO,ACTIVO,ND,2015-09-01,Mujer,SECUNDARIA,BOYACA,PUERTO BOYACA,ND,ND,EDUCACIÓN SECUNDARIA,CC,SISBEN,0 - 1.500.000,0 - 1.300.000,1900-01-01,18-29,NO,1
NO,15,15572,NO,NO ACTIVO,ND,2012-12-01,Mujer,ND,BOYACA,PUERTO BOYACA,Colombia,ND,ND,CC,ND,0 - 1.500.000,0 - 1.300.000,1900-01-01,18-29,NO,1
NO,15,15572,NO,ACTIVO,ND,2017-07-01,Mujer,ND,BOYACA,PUERTO BOYACA,ND,ND,NUTRICIÓN MENOR,RC,UNIDOS,0 - 1.500.000,0 - 1.300.000,1900-01-01,06-17,NO,1
NO,15,15572,NO,ACTIVO,ND,2014-07-01,Mujer,PRIMARIA,BOYACA,PUERTO BOYACA,ND,ND,EDUCACIÓN PRIMARIA,TI,DESPLAZADOS,0 - 1.500.000,0 - 1.300.000,1900-01-01,06-17,NO,2
NO,15,15572,NO,NO ACTIVO,ND,2012-12-01,Hombre,ND,BOYACA,PUERTO BOYACA,ND,ND,EDUCACIÓN SECUNDARIA,TI,UNIDOS,0 - 1.500.000,0 - 1.300.000,1900-01-01,18-29,NO,1
NO,15,15572,NO,ACTIVO,AFROCOLOMBIANO – NEGRO,2012-12-01,Mujer,ND,BOYACA,PUERTO BOYACA,ND,MONETARIO,ND,CC,SISBEN,4.500.001 - 6.000.000,0 - 1.300.000,2018-01-01,18-29,SI,1
NO,15,15572,NO,ACTIVO,ND,2013-01-01,Mujer,SECUNDARIA,BOYACA,PUERTO BOYACA,ND,ND,ND,TI,DESPLAZADOS,0 - 1.500.000,0 - 1.300.000,1900-01-01,18-29,NO,1
SI,15,15572,NO,ACTIVO,ND,2012-12-01,Hombre,ND,BOYACA,PUERTO BOYACA,ND,MONETARIO,ND,CC,SISBEN,1.500.001 - 3.000.000,0 - 1.300.000,2018-01-01,30-49,SI,2
SI,15,15572,NO,ACTIVO,ND,2014-03-01,Hombre,ND,BOYACA,PUERTO BOYACA,ND,MONETARIO,ND,CC,UNIDOS,0 - 1.500.000,0 - 1.300.000,2018-01-01,30-49,SI,1
SI,15,15572,NO,ACTIVO,ND,2017-01-01,Hombre,ND,BOYACA,PUERTO BOYACA,ND,MONETARIO,NUTRICIÓN,CC,DESPLAZADOS,1.500.001 - 3.000.000,0 - 1.300.000,2018-01-01,18-29,SI,1
SI,15,15572,NO,ACTIVO,ND,2013-01-01,Mujer,ND,BOYACA,PUERTO BOYACA,ND,MONETARIO,ND,CC,DESPLAZADOS,1.500.001 - 3.000.000,0 - 1.300.000,2018-01-01,30-49,SI,1
NO,15,15572,NO,ACTIVO,ND,2016-09-01,Mujer,ND,BOYACA,PUERTO BOYACA,ND,ND,NUTRICIÓN MENOR,RC,DESPLAZADOS,0 - 1.500.000,0 - 1.300.000,1900-01-01,06-17,NO,1
NO,15,15572,NO,ACTIVO,AFROCOLOMBIANO – NEGRO,2012-12-01,Mujer,PRIMARIA,BOYACA,PUERTO BOYACA,ND,ND,ND,TI,UNIDOS,0 - 1.500.000,0 - 1.300.000,1900-01-01,18-29,NO,1
SI,15,15572,NO,NO ACTIVO,ND,2012-12-01,Mujer,ND,BOYACA,PUERTO BOYACA,Colombia,MONETARIO,ND,CC,SISBEN,0 - 1.500.000,0 - 1.300.000,2015-01-01,50-65,SI,1
SI,15,15572,NO,ACTIVO,ND,2012-10-01,Mujer,ND,BOYACA,PUERTO BOYACA,ND,MONETARIO,ND,CC,DESPLAZADOS,4.500.001 - 6.000.000,0 - 1.300.000,2018-01-01,30-49,SI,1
NO,15,15572,NO,ACTIVO,ND,2013-04-01,Hombre,ND,BOYACA,PUERTO BOYACA,ND,ND,ND,TI,DESPLAZADOS,0 - 1.500.000,0 - 1.300.000,1900-01-01,18-29,NO,1
NO,15,15572,NO,ACTIVO,ND,2016-08-01,Mujer,ND,BOYACA,PUERTO BOYACA,ND,ND,ND,TI,DESPLAZADOS,0 - 1.500.000,0 - 1.300.000,1900-01-01,06-17,NO,1
SI,15,15572,NO,NO ACTIVO,ND,2012-12-01,Hombre,ND,BOYACA,PUERTO BOYACA,ND,MONETARIO,NUTRICIÓN,CC,ND,0 - 1.500.000,0 - 1.300.000,2014-01-01,30-49,SI,1
SI,15,15572,NO,ACTIVO,ND,2012-12-01,Hombre,ND,BOYACA,PUERTO BOYACA,ND,MONETARIO,ND,CC,SISBEN,3.000.001 - 4.500.000,0 - 1.300.000,2018-01-01,50-65,SI,1
SI,15,15572,NO,NO ACTIVO,ND,2012-12-01,Mujer,ND,BOYACA,PUERTO BOYACA,ND,MONETARIO,ND,CC,UNIDOS,1.500.001 - 3.000.000,0 - 1.300.000,2018-01-01,50-65,SI,1
SI,15,15572,NO,ACTIVO,ROM O GITANO,2012-12-01,Mujer,ND,BOYACA,PUERTO BOYACA,ND,MONETARIO,NUTRICIÓN,CC,SISBEN,> 6.000.001,0 - 1.300.000,2018-01-01,30-49,SI,1
SI,15,15572,NO,ACTIVO,ND,2012-12-01,Hombre,ND,BOYACA,PUERTO BOYACA,ND,MONETARIO,NUTRICIÓN,CC,DESPLAZADOS,> 6.000.001,0 - 1.300.000,2018-01-01,30-49,SI,1
SI,15,15572,NO,NO ACTIVO,ND,2012-12-01,Mujer,ND,BOYACA,PUERTO BOYACA,Colombia,MONETARIO,ND,CC,DESPLAZADOS,0 - 1.500.000,0 - 1.300.000,2014-01-01,30-49,SI,1
NO,15,15572,NO,NO ACTIVO,ND,2012-12-01,Hombre,ND,BOYACA,PUERTO BOYACA,ND,ND,ND,CC,DESPLAZADOS,0 - 1.500.000,0 - 1.300.000,1900-01-01,>65,SI,1
NO,15,15572,NO,ACTIVO,ND,2014-10-01,Hombre,PRIMARIA,BOYACA,PUERTO BOYACA,ND,ND,EDUCACIÓN PRIMARIA,TI,DESPLAZADOS,0 - 1.500.000,0 - 1.300.000,1900-01-01,06-17,NO,2
NO,15,15572,NO,ACTIVO,ND,2012-12-01,Hombre,SECUNDARIA,BOYACA,PUERTO BOYACA,ND,ND,ND,CC,SISBEN,0 - 1.500.000,0 - 1.300.000,1900-01-01,18-29,NO,7
NO,15,15572,NO,ACTIVO,ND,2012-12-01,Hombre,PRIMARIA,BOYACA,PUERTO BOYACA,ND,ND,ND,TI,DESPLAZADOS,0 - 1.500.000,0 - 1.300.000,1900-01-01,06-17,NO,5
NO,15,15572,NO,ACTIVO,ND,2015-11-01,Mujer,ND,BOYACA,PUERTO BOYACA,ND,MONETARIO,ND,CC,DESPLAZADOS,1.500.001 - 3.000.000,0 - 1.300.000,2018-01-01,30-49,SI,1
ND,15,15572,NO,ACTIVO,ND,2012-10-01,Hombre,ND,BOYACA,PUERTO BOYACA,ND,ND,ND,CC,UNIDOS,0 - 1.500.000,0 - 1.300.000,1900-01-01,18-29,NO,1
NO,15,15572,ND,NO ACTIVO,ND,2012-12-01,Hombre,ND,BOYACA,PUERTO BOYACA,57,MONETARIO,ND,CC,SISBEN,0 - 1.500.000,0 - 1.300.000,2014-01-01,18-29,SI,1
SI,15,15572,NO,ACTIVO,ND,2012-10-01,Mujer,ND,BOYACA,PUERTO BOYACA,ND,MONETARIO,ND,CC,DESPLAZADOS,1.500.001 - 3.000.000,0 - 1.300.000,2018-01-01,30-49,SI,1
NO,15,15572,NO,ACTIVO,ND,2012-10-01,Hombre,ND,BOYACA,PUERTO BOYACA,ND,ND,ND,TI,SISBEN,0 - 1.500.000,0 - 1.300.000,1900-01-01,18-29,NO,1
SI,15,15572,NO,ACTIVO,AFROCOLOMBIANO – NEGRO,2012-12-01,Mujer,ND,BOYACA,PUERTO BOYACA,ND,MONETARIO,ND,CC,UNIDOS,0 - 1.500.000,0 - 1.300.000,2018-01-01,>65,SI,1
NO,15,15572,NO,NO ACTIVO,AFROCOLOMBIANO – NEGRO,2012-12-01,Mujer,SECUNDARIA,BOYACA,PUERTO BOYACA,ND,ND,ND,TI,UNIDOS,0 - 1.500.000,0 - 1.300.000,1900-01-01,18-29,NO,1
NO,15,15572,NO,ACTIVO,ND,2017-03-01,Mujer,PRIMARIA,BOYACA,PUERTO BOYACA,Colombia,ND,EDUCACIÓN PRIMARIA,TI,SISBEN,0 - 1.500.000,0 - 1.300.000,1900-01-01,06-17,NO,1
NO,15,15572,NO,NO ACTIVO,ND,2012-12-01,Mujer,PRIMARIA,BOYACA,PUERTO BOYACA,ND,ND,EDUCACIÓN PRIMARIA,RC,SISBEN,0 - 1.500.000,0 - 1.300.000,1900-01-01,06-17,NO,1
NO,15,15572,NO,ACTIVO,ND,2015-08-01,Hombre,TRANSICION,BOYACA,PUERTO BOYACA,ND,ND,TRANSICIÓNNUTRICIÓN MENOR,RC,UNIDOS,0 - 1.500.000,0 - 1.300.000,1900-01-01,06-17,NO,1
SI,15,15572,NO,ACTIVO,ND,2012-12-01,Hombre,ND,BOYACA,PUERTO BOYACA,ND,MONETARIO,ND,CC,SISBEN,4.500.001 - 6.000.000,0 - 1.300.000,2018-01-01,50-65,SI,1
NO,15,15572,NO,ACTIVO,ND,2013-01-01,Hombre,ND,BOYACA,PUERTO BOYACA,ND,ND,ND,RC,DESPLAZADOS,0 - 1.500.000,0 - 1.300.000,1900-01-01,06-17,NO,2
SI,15,15572,NO,ACTIVO,INDIGENA,2012-12-01,Mujer,ND,BOYACA,PUERTO BOYACA,ND,MONETARIO,ND,CC,DESPLAZADOS,4.500.001 - 6.000.000,0 - 1.300.000,2018-01-01,30-49,SI,1
SI,15,15572,NO,ACTIVO,ND,2012-12-01,Hombre,SECUNDARIA,BOYACA,PUERTO BOYACA,ND,MONETARIO,EDUCACIÓN SECUNDARIA,TI,UNIDOS,1.500.001 - 3.000.000,0 - 1.300.000,2018-01-01,18-29,SI,1
NO,15,15572,NO,ACTIVO,ND,2012-12-01,Mujer,ND,BOYACA,PUERTO BOYACA,ND,MONETARIO,ND,CC,UNIDOS,3.000.001 - 4.500.000,0 - 1.300.000,2018-01-01,18-29,SI,1
NO,15,15572,NO,ACTIVO,ND,2018-04-01,Hombre,ND,BOYACA,PUERTO BOYACA,ND,ND,NUTRICIÓN MENOR,RC,SISBEN,0 - 1.500.000,0 - 1.300.000,1900-01-01,06-17,NO,1
NO,15,15572,NO,ACTIVO,ND,2014-07-01,Hombre,ND,BOYACA,PUERTO BOYACA,ND,ND,NUTRICIÓN MENOR,RC,DESPLAZADOS,0 - 1.500.000,0 - 1.300.000,1900-01-01,06-17,NO,1
SI,15,15572,NO,ACTIVO,ND,2012-12-01,Mujer,ND,BOYACA,PUERTO BOYACA,ND,MONETARIO,NUTRICIÓN,CC,UNIDOS,4.500.001 - 6.000.000,0 - 1.300.000,2018-01-01,18-29,SI,1
NO,15,15572,NO,ACTIVO,ND,2018-05-01,Mujer,TRANSICION,BOYACA,PUERTO BOYACA,ND,ND,TRANSICIÓNNUTRICIÓN MENOR,RC,DESPLAZADOS,0 - 1.500.000,0 - 1.300.000,1900-01-01,06-17,NO,1
NO,15,15572,NO,NO ACTIVO,ND,2012-12-01,Hombre,ND,BOYACA,PUERTO BOYACA,ND,MONETARIO,ND,TI,UNIDOS,1.500.001 - 3.000.000,0 - 1.300.000,2015-01-01,18-29,SI,1
NO,15,15572,NO,ACTIVO,AFROCOLOMBIANO – NEGRO,2012-12-01,Mujer,ND,BOYACA,PUERTO BOYACA,ND,ND,ND,TI,DESPLAZADOS,0 - 1.500.000,0 - 1.300.000,1900-01-01,06-17,NO,1
SI,15,15572,NO,ACTIVO,ND,2012-10-01,Mujer,ND,BOYACA,PUERTO BOYACA,ND,MONETARIO,ND,CC,DESPLAZADOS,> 6.000.001,0 - 1.300.000,2018-01-01,30-49,SI,1
NO,15,15572,NO,ACTIVO,AFROCOLOMBIANO – NEGRO,2012-12-01,Hombre,PRIMARIA,BOYACA,PUERTO BOYACA,ND,ND,EDUCACIÓN PRIMARIA,RC,SISBEN,0 - 1.500.000,0 - 1.300.000,1900-01-01,06-17,NO,1
NO,15,15572,SI,ACTIVO,ND,2012-12-01,Mujer,PRIMARIA,BOYACA,PUERTO BOYACA,ND,ND,EDUCACIÓN PRIMARIA,TI,DESPLAZADOS,0 - 1.500.000,0 - 1.300.000,1900-01-01,06-17,NO,1
NO,15,15572,NO,ACTIVO,ND,2012-12-01,Mujer,ND,BOYACA,PUERTO BOYACA,ND,MONETARIO,ND,CC,SISBEN,4.500.001 - 6.000.000,0 - 1.300.000,2017-01-01,30-49,SI,1
SI,15,15572,NO,ACTIVO,ND,2013-05-01,Mujer,ND,BOYACA,PUERTO BOYACA,ND,MONETARIO,ND,CC,DESPLAZADOS,3.000.001 - 4.500.000,0 - 1.300.000,2018-01-01,30-49,SI,1
NO,15,15572,NO,ACTIVO,ND,2017-04-01,Hombre,PRIMARIA,BOYACA,PUERTO BOYACA,ND,ND,EDUCACIÓN PRIMARIA,TI,DESPLAZADOS,0 - 1.500.000,0 - 1.300.000,1900-01-01,06-17,NO,1
NO,15,15572,NO,ACTIVO,ND,2014-09-01,Hombre,ND,BOYACA,PUERTO BOYACA,ND,ND,NUTRICIÓN MENOR,RC,DESPLAZADOS,0 - 1.500.000,0 - 1.300.000,1900-01-01,06-17,NO,3
NO,15,15572,NO,ACTIVO,ND,2016-06-01,Hombre,ND,BOYACA,PUERTO BOYACA,ND,ND,NUTRICIÓN MENOR,RC,SISBEN,0 - 1.500.000,0 - 1.300.000,1900-01-01,06-17,NO,2
NO,15,15572,NO,ACTIVO,ND,2017-09-01,Hombre,TRANSICION,BOYACA,PUERTO BOYACA,ND,ND,TRANSICIÓNNUTRICIÓN MENOR,RC,DESPLAZADOS,0 - 1.500.000,0 - 1.300.000,1900-01-01,06-17,NO,1
SI,15,15572,NO,ACTIVO,ND,2012-12-01,Mujer,ND,BOYACA,PUERTO BOYACA,ND,MONETARIO,ND,CC,UNIDOS,1.500.001 - 3.000.000,0 - 1.300.000,2017-01-01,30-49,SI,1
NO,15,15572,NO,ACTIVO,ND,2015-05-01,Mujer,ND,BOYACA,PUERTO BOYACA,ND,MONETARIO,NUTRICIÓN,CC,SISBEN,3.000.001 - 4.500.000,0 - 1.300.000,2018-01-01,30-49,SI,1
NO,15,15572,NO,ACTIVO,ND,2015-10-01,Mujer,ND,BOYACA,PUERTO BOYACA,ND,ND,NUTRICIÓN MENOR,RC,DESPLAZADOS,0 - 1.500.000,0 - 1.300.000,1900-01-01,06-17,NO,1
NO,15,15572,NO,ACTIVO,ND,2012-12-01,Hombre,SECUNDARIA,BOYACA,PUERTO BOYACA,ND,ND,EDUCACIÓN SECUNDARIA,CC,DESPLAZADOS,0 - 1.500.000,0 - 1.300.000,1900-01-01,18-29,NO,8
NO,15,15572,NO,ACTIVO,ND,2017-01-01,Hombre,ND,BOYACA,PUERTO BOYACA,ND,ND,NUTRICIÓN MENOR,RC,SISBEN,0 - 1.500.000,0 - 1.300.000,1900-01-01,06-17,NO,4
NO,15,15572,NO,ACTIVO,ND,2012-12-01,Hombre,ND,BOYACA,PUERTO BOYACA,Colombia,ND,ND,TI,ND,0 - 1.500.000,0 - 1.300.000,1900-01-01,18-29,NO,1
NO,15,15572,NO,ACTIVO,AFROCOLOMBIANO – NEGRO,2012-12-01,Hombre,ND,BOYACA,PUERTO BOYACA,ND,ND,ND,TI,SISBEN,0 - 1.500.000,0 - 1.300.000,1900-01-01,18-29,NO,2
NO,15,15572,SI,ACTIVO,ND,2012-12-01,Mujer,ND,BOYACA,PUERTO BOYACA,ND,ND,ND,TI,UNIDOS,0 - 1.500.000,0 - 1.300.000,1900-01-01,18-29,NO,1
NO,15,15572,NO,ACTIVO,MESTIZO,2012-11-01,Mujer,SECUNDARIA,BOYACA,PUERTO BOYACA,ND,MONETARIO,EDUCACIÓN SECUNDARIA,TI,DESPLAZADOS,0 - 1.500.000,0 - 1.300.000,2018-01-01,18-29,SI,1
ND,15,15572,NO,ACTIVO,ND,2015-03-01,Mujer,ND,BOYACA,PUERTO BOYACA,Colombia,ND,TRANSICIÓNNUTRICIÓN MENOR,RC,SISBEN,0 - 1.500.000,0 - 1.300.000,1900-01-01,06-17,NO,1
NO,15,15572,SI,ACTIVO,AFROCOLOMBIANO – NEGRO,2012-12-01,Mujer,SECUNDARIA,BOYACA,PUERTO BOYACA,ND,ND,EDUCACIÓN SECUNDARIA,TI,UNIDOS,0 - 1.500.000,0 - 1.300.000,1900-01-01,18-29,NO,1
SI,15,15572,NO,ACTIVO,ND,2013-07-01,Mujer,ND,BOYACA,PUERTO BOYACA,ND,MONETARIO,ND,CC,DESPLAZADOS,3.000.001 - 4.500.000,0 - 1.300.000,2018-01-01,30-49,SI,1
SI,15,15572,NO,ACTIVO,INDIGENA,2013-11-01,Mujer,ND,BOYACA,PUERTO BOYACA,ND,MONETARIO,ND,CC,DESPLAZADOS,0 - 1.500.000,0 - 1.300.000,2018-01-01,>65,SI,1
NO,15,15572,NO,NO ACTIVO,ND,2012-12-01,Mujer,ND,BOYACA,PUERTO BOYACA,ND,ND,TRANSICIÓN,RC,ND,0 - 1.500.000,0 - 1.300.000,1900-01-01,06-17,NO,1
NO,15,15572,NO,NO ACTIVO,AFROCOLOMBIANO – NEGRO,2012-12-01,Mujer,ND,BOYACA,PUERTO BOYACA,ND,MONETARIO,ND,CC,UNIDOS,0 - 1.500.000,0 - 1.300.000,2014-01-01,30-49,NO,1
SI,15,15572,NO,NO ACTIVO,ND,2012-12-01,Mujer,ND,BOYACA,PUERTO BOYACA,Colombia,MONETARIO,ND,CC,ND,0 - 1.500.000,0 - 1.300.000,2014-01-01,30-49,SI,3
,15,15572,NO,NO ACTIVO,ND,2012-12-01,Hombre,SIN ESPECIFICAR,BOYACA,PUERTO BOYACA,ND,ND,ND,RC,SISBEN,0 - 1.500.000,0 - 1.300.000,1900-01-01,06-17,NO,2
NO,15,15572,NO,ACTIVO,AFROCOLOMBIANO – NEGRO,2012-12-01,Mujer,SECUNDARIA,BOYACA,PUERTO BOYACA,ND,ND,ND,TI,DESPLAZADOS,0 - 1.500.000,0 - 1.300.000,1900-01-01,18-29,NO,2
SI,15,15572,NO,NO ACTIVO,ND,2012-12-01,Mujer,ND,BOYACA,PUERTO BOYACA,Colombia,MONETARIO,ND,CC,UNIDOS,0 - 1.500.000,0 - 1.300.000,2013-01-01,30-49,SI,1
NO,15,15572,NO,ACTIVO,ND,2015-06-01,Mujer,PRIMARIA,BOYACA,PUERTO BOYACA,ND,ND,EDUCACIÓN PRIMARIA,RC,DESPLAZADOS,0 - 1.500.000,0 - 1.300.000,1900-01-01,06-17,NO,1
NO,15,15572,NO,ACTIVO,ND,2013-10-01,Hombre,ND,BOYACA,PUERTO BOYACA,ND,ND,ND,TI,DESPLAZADOS,0 - 1.500.000,0 - 1.300.000,1900-01-01,06-17,NO,1
NO,15,15572,NO,ACTIVO,ND,2012-12-01,Mujer,ND,BOYACA,PUERTO BOYACA,ND,MONETARIO,ND,CC,UNIDOS,0 - 1.500.000,0 - 1.300.000,2018-01-01,30-49,SI,1
SI,15,15572,NO,NO ACTIVO,ND,2012-12-01,Hombre,ND,BOYACA,PUERTO BOYACA,ND,MONETARIO,ND,CC,SISBEN,1.500.001 - 3.000.000,0 - 1.300.000,2016-01-01,30-49,SI,1
NO,15,15572,NO,ACTIVO,ND,2017-05-01,Mujer,PRIMARIA,BOYACA,PUERTO BOYACA,ND,ND,EDUCACIÓN PRIMARIA,RC,SISBEN,0 - 1.500.000,0 - 1.300.000,1900-01-01,06-17,NO,1
SI,15,15572,NO,ACTIVO,ROM O GITANO,2012-12-01,Mujer,ND,BOYACA,PUERTO BOYACA,ND,MONETARIO,NUTRICIÓN,CC,UNIDOS,3.000.001 - 4.500.000,0 - 1.300.000,2018-01-01,30-49,SI,1
NO,15,15572,NO,ACTIVO,ND,2012-12-01,Hombre,ND,BOYACA,PUERTO BOYACA,ND,ND,NUTRICIÓN MENOR,RC,ND,0 - 1.500.000,0 - 1.300.000,1900-01-01,06-17,NO,1
SI,15,15572,NO,NO ACTIVO,ND,2012-12-01,Mujer,ND,BOYACA,PUERTO BOYACA,ND,MONETARIO,ND,CC,ND,0 - 1.500.000,0 - 1.300.000,2014-01-01,30-49,SI,1
NO,15,15572,SI,ACTIVO,ND,2012-12-01,Hombre,ND,BOYACA,PUERTO BOYACA,ND,ND,ND,TI,DESPLAZADOS,0 - 1.500.000,0 - 1.300.000,1900-01-01,18-29,NO,1
NO,15,15572,NO,ACTIVO,ND,2014-09-01,Hombre,SECUNDARIA,BOYACA,PUERTO BOYACA,ND,ND,EDUCACIÓN SECUNDARIA,CC,DESPLAZADOS,0 - 1.500.000,0 - 1.300.000,1900-01-01,18-29,NO,1
NO,15,15572,NO,ACTIVO,ROM O GITANO,2012-12-01,Hombre,PRIMARIA,BOYACA,PUERTO BOYACA,ND,ND,EDUCACIÓN PRIMARIA,RC,UNIDOS,0 - 1.500.000,0 - 1.300.000,1900-01-01,06-17,NO,1
NO,15,15572,NO,NO ACTIVO,AFROCOLOMBIANO – NEGRO,2012-12-01,Hombre,ND,BOYACA,PUERTO BOYACA,ND,ND,ND,CC,DESPLAZADOS,0 - 1.500.000,0 - 1.300.000,1900-01-01,18-29,NO,2
NO,15,15572,NO,NO ACTIVO,ND,2012-12-01,Hombre,ND,BOYACA,PUERTO BOYACA,ND,ND,ND,TI,ND,0 - 1.500.000,0 - 1.300.000,1900-01-01,18-29,NO,2
NO,15,15572,NO,ACTIVO,ND,2015-04-01,Hombre,TRANSICION,BOYACA,PUERTO BOYACA,ND,ND,TRANSICIÓNNUTRICIÓN MENOR,RC,SISBEN,0 - 1.500.000,0 - 1.300.000,1900-01-01,06-17,NO,3
,15,15572,ND,ACTIVO,INDIGENA,2012-12-01,Hombre,ND,BOYACA,PUERTO BOYACA,COLOMBIA,ND,ND,CC,DESPLAZADOS,0 - 1.500.000,0 - 1.300.000,1900-01-01,30-49,SI,1
SI,15,15572,NO,NO ACTIVO,ND,2012-12-01,Mujer,ND,BOYACA,PUERTO BOYACA,Colombia,MONETARIO,ND,CC,UNIDOS,0 - 1.500.000,0 - 1.300.000,2013-01-01,50-65,SI,1
SI,15,15572,NO,ACTIVO,ND,2013-09-01,Mujer,ND,BOYACA,PUERTO BOYACA,ND,MONETARIO,ND,CC,DESPLAZADOS,> 6.000.001,0 - 1.300.000,2018-01-01,30-49,SI,1
SI,15,15572,NO,ACTIVO,ND,2012-11-01,Mujer,ND,BOYACA,PUERTO BOYACA,ND,MONETARIO,ND,CC,DESPLAZADOS,4.500.001 - 6.000.000,0 - 1.300.000,2018-01-01,30-49,SI,1
SI,15,15572,NO,NO ACTIVO,ND,2012-12-01,Mujer,ND,BOYACA,PUERTO BOYACA,ND,MONETARIO,ND,CC,SISBEN,0 - 1.500.000,0 - 1.300.000,2018-01-01,50-65,SI,1
NO,15,15572,NO,ACTIVO,ND,2015-12-01,Mujer,PRIMARIA,BOYACA,PUERTO BOYACA,ND,ND,EDUCACIÓN PRIMARIA,TI,DESPLAZADOS,0 - 1.500.000,0 - 1.300.000,1900-01-01,06-17,NO,2
NO,15,15572,NO,ACTIVO,ROM O GITANO,2012-12-01,Hombre,ND,BOYACA,PUERTO BOYACA,ND,ND,ND,CC,UNIDOS,0 - 1.500.000,0 - 1.300.000,1900-01-01,18-29,NO,1
SI,15,15572,NO,ACTIVO,ND,2012-11-01,Mujer,ND,BOYACA,PUERTO BOYACA,ND,MONETARIO,NUTRICIÓN,CC,UNIDOS,4.500.001 - 6.000.000,0 - 1.300.000,2018-01-01,30-49,SI,1
NO,15,15572,NO,ACTIVO,ND,2015-09-01,Hombre,TRANSICION,BOYACA,PUERTO BOYACA,ND,ND,TRANSICIÓNNUTRICIÓN MENOR,RC,UNIDOS,0 - 1.500.000,0 - 1.300.000,1900-01-01,06-17,NO,2
SI,15,15572,NO,ACTIVO,ND,2013-06-01,Mujer,ND,BOYACA,PUERTO BOYACA,ND,MONETARIO,NUTRICIÓN,CC,DESPLAZADOS,> 6.000.001,0 - 1.300.000,2018-01-01,18-29,SI,1
SI,15,15572,NO,ACTIVO,ND,2012-12-01,Mujer,ND,BOYACA,PUERTO BOYACA,Colombia,MONETARIO,NUTRICIÓN,CC,ND,0 - 1.500.000,0 - 1.300.000,2014-01-01,30-49,SI,1
SI,15,15572,NO,ACTIVO,ND,2012-11-01,Mujer,ND,BOYACA,PUERTO BOYACA,ND,MONETARIO,NUTRICIÓN,CC,DESPLAZADOS,3.000.001 - 4.500.000,0 - 1.300.000,2018-01-01,30-49,SI,1
SI,15,15572,NO,NO ACTIVO,ND,2012-12-01,Hombre,ND,BOYACA,PUERTO BOYACA,ND,MONETARIO,NUTRICIÓN,CC,SISBEN,1.500.001 - 3.000.000,0 - 1.300.000,2015-01-01,30-49,SI,1
SI,15,15572,NO,ACTIVO,ND,2012-12-01,Hombre,ND,BOYACA,PUERTO BOYACA,ND,MONETARIO,NUTRICIÓN,CC,SISBEN,4.500.001 - 6.000.000,0 - 1.300.000,2018-01-01,30-49,SI,1
SI,15,15572,NO,ACTIVO,ND,2013-08-01,Hombre,ND,BOYACA,PUERTO BOYACA,ND,MONETARIO,NUTRICIÓN,CC,DESPLAZADOS,4.500.001 - 6.000.000,0 - 1.300.000,2018-01-01,30-49,SI,1
SI,15,15572,NO,ACTIVO,ND,2012-11-01,Mujer,ND,BOYACA,PUERTO BOYACA,ND,MONETARIO,NUTRICIÓN,CC,DESPLAZADOS,3.000.001 - 4.500.000,0 - 1.300.000,2018-01-01,50-65,SI,1
SI,15,15572,NO,ACTIVO,AFROCOLOMBIANO – NEGRO,2012-12-01,Mujer,ND,BOYACA,PUERTO BOYACA,ND,MONETARIO,NUTRICIÓN,CC,DESPLAZADOS,> 6.000.001,0 - 1.300.000,2018-01-01,30-49,SI,1
SI,15,15572,NO,ACTIVO,AFROCOLOMBIANO – NEGRO,2012-12-01,Mujer,ND,BOYACA,PUERTO BOYACA,ND,MONETARIO,NUTRICIÓN,CC,UNIDOS,1.500.001 - 3.000.000,0 - 1.300.000,2018-01-01,30-49,SI,1
SI,15,15572,NO,ACTIVO,ND,2016-09-01,Hombre,ND,BOYACA,PUERTO BOYACA,ND,MONETARIO,NUTRICIÓN,CC,DESPLAZADOS,1.500.001 - 3.000.000,0 - 1.300.000,2018-01-01,18-29,SI,1
,15,15572,NO,ACTIVO,ND,2015-02-01,Mujer,SIN ESPECIFICAR,BOYACA,PUERTO BOYACA,ND,MONETARIO,NUTRICIÓN,CC,DESPLAZADOS,4.500.001 - 6.000.000,0 - 1.300.000,2018-01-01,18-29,SI,1
SI,15,15572,NO,ACTIVO,ND,2012-12-01,Hombre,ND,BOYACA,PUERTO BOYACA,ND,MONETARIO,NUTRICIÓN,CC,SISBEN,4.500.001 - 6.000.000,0 - 1.300.000,2018-01-01,50-65,SI,1
SI,15,15572,NO,ACTIVO,ND,2014-05-01,Mujer,ND,BOYACA,PUERTO BOYACA,ND,MONETARIO,NUTRICIÓN,CC,DESPLAZADOS,> 6.000.001,0 - 1.300.000,2018-01-01,30-49,SI,1
SI,15,15572,NO,NO ACTIVO,ND,2012-12-01,Mujer,ND,BOYACA,PUERTO BOYACA,ND,MONETARIO,NUTRICIÓN,CC,DESPLAZADOS,3.000.001 - 4.500.000,0 - 1.300.000,2017-01-01,30-49,SI,1
SI,15,15572,NO,ACTIVO,ND,2014-09-01,Hombre,ND,BOYACA,PUERTO BOYACA,ND,MONETARIO,NUTRICIÓN,CC,DESPLAZADOS,3.000.001 - 4.500.000,0 - 1.300.000,2018-01-01,50-65,SI,1
SI,15,15572,NO,ACTIVO,ND,2013-05-01,Mujer,ND,BOYACA,PUERTO BOYACA,ND,MONETARIO,NUTRICIÓN,CC,DESPLAZADOS,4.500.001 - 6.000.000,0 - 1.300.000,2018-01-01,30-49,SI,1
SI,15,15572,NO,ACTIVO,AFROCOLOMBIANO – NEGRO,2014-06-01,Mujer,ND,BOYACA,PUERTO BOYACA,ND,MONETARIO,NUTRICIÓN,CC,UNIDOS,3.000.001 - 4.500.000,0 - 1.300.000,2018-01-01,50-65,SI,1
SI,15,15572,NO,ACTIVO,ND,2012-10-01,Mujer,ND,BOYACA,PUERTO BOYACA,ND,MONETARIO,NUTRICIÓN,CC,DESPLAZADOS,> 6.000.001,0 - 1.300.000,2018-01-01,30-49,SI,1
NO,15,15572,NO,ACTIVO,AFROCOLOMBIANO – NEGRO,2012-12-01,Mujer,ND,BOYACA,PUERTO BOYACA,ND,MONETARIO,NUTRICIÓN,CC,UNIDOS,4.500.001 - 6.000.000,0 - 1.300.000,2018-01-01,18-29,SI,1
NO,15,15572,NO,NO ACTIVO,ND,2016-08-01,Hombre,ND,BOYACA,PUERTO BOYACA,ND,MONETARIO,NUTRICIÓN,CC,DESPLAZADOS,1.500.001 - 3.000.000,0 - 1.300.000,2018-01-01,30-49,SI,1
SI,15,15572,NO,ACTIVO,ND,2012-12-01,Mujer,ND,BOYACA,PUERTO BOYACA,ND,MONETARIO,NUTRICIÓN,CC,UNIDOS,> 6.000.001,0 - 1.300.000,2018-01-01,30-49,SI,1
NO,15,15572,NO,ACTIVO,ND,2012-12-01,Mujer,ND,BOYACA,PUERTO BOYACA,ND,MONETARIO,NUTRICIÓN,CC,DESPLAZADOS,4.500.001 - 6.000.000,0 - 1.300.000,2018-01-01,18-29,SI,1
NO,15,15572,NO,ACTIVO,ND,2015-08-01,Mujer,ND,BOYACA,PUERTO BOYACA,ND,MONETARIO,NUTRICIÓN,CC,DESPLAZADOS,3.000.001 - 4.500.000,0 - 1.300.000,2018-01-01,30-49,SI,1
SI,15,15572,NO,ACTIVO,ND,2017-02-01,Mujer,ND,BOYACA,PUERTO BOYACA,ND,MONETARIO,NUTRICIÓN,CC,DESPLAZADOS,0 - 1.500.000,0 - 1.300.000,2018-01-01,18-29,SI,1
SI,15,15572,NO,ACTIVO,ND,2012-12-01,Mujer,ND,BOYACA,PUERTO BOYACA,ND,MONETARIO,NUTRICIÓN,CC,UNIDOS,1.500.001 - 3.000.000,0 - 1.300.000,2018-01-01,30-49,SI,1
NO,15,15572,NO,ACTIVO,ND,2012-12-01,Mujer,ND,BOYACA,PUERTO BOYACA,ND,MONETARIO,NUTRICIÓN,CC,SISBEN,4.500.001 - 6.000.000,0 - 1.300.000,2018-01-01,18-29,SI,1
SI,15,15572,NO,ACTIVO,ND,2016-05-01,Hombre,ND,BOYACA,PUERTO BOYACA,ND,MONETARIO,NUTRICIÓN,CC,DESPLAZADOS,1.500.001 - 3.000.000,0 - 1.300.000,2018-01-01,30-49,SI,1
SI,15,15572,NO,ACTIVO,AFROCOLOMBIANO – NEGRO,2016-08-01,Mujer,ND,BOYACA,PUERTO BOYACA,ND,MONETARIO,NUTRICIÓN,CC,DESPLAZADOS,1.500.001 - 3.000.000,0 - 1.300.000,2018-01-01,18-29,SI,1
SI,15,15572,NO,ACTIVO,AFROCOLOMBIANO – NEGRO,2012-12-01,Mujer,ND,BOYACA,PUERTO BOYACA,ND,MONETARIO,NUTRICIÓN,CC,SISBEN,3.000.001 - 4.500.000,0 - 1.300.000,2018-01-01,18-29,SI,1
SI,15,15572,NO,ACTIVO,ND,2016-11-01,Mujer,ND,BOYACA,PUERTO BOYACA,ND,MONETARIO,NUTRICIÓN,CC,DESPLAZADOS,1.500.001 - 3.000.000,0 - 1.300.000,2018-01-01,30-49,SI,1
SI,15,15572,NO,ACTIVO,ND,2012-12-01,Hombre,ND,BOYACA,PUERTO BOYACA,ND,MONETARIO,NUTRICIÓN,CC,SISBEN,3.000.001 - 4.500.000,0 - 1.300.000,2018-01-01,30-49,SI,1
SI,15,15572,NO,ACTIVO,ND,2017-04-01,Mujer,ND,BOYACA,PUERTO BOYACA,ND,MONETARIO,NUTRICIÓN,CC,DESPLAZADOS,0 - 1.500.000,0 - 1.300.000,2018-01-01,30-49,SI,1
SI,15,15572,NO,ACTIVO,ND,2014-09-01,Mujer,ND,BOYACA,PUERTO BOYACA,ND,MONETARIO,NUTRICIÓN,CC,DESPLAZADOS,1.500.001 - 3.000.000,0 - 1.300.000,2018-01-01,30-49,SI,1
SI,15,15572,NO,ACTIVO,ND,2015-03-01,Mujer,ND,BOYACA,PUERTO BOYACA,ND,MONETARIO,NUTRICIÓN,CC,DESPLAZADOS,4.500.001 - 6.000.000,0 - 1.300.000,2018-01-01,30-49,SI,1
SI,15,15572,NO,ACTIVO,ND,2012-12-01,Mujer,ND,BOYACA,PUERTO BOYACA,ND,MONETARIO,NUTRICIÓN,CC,SISBEN,3.000.001 - 4.500.000,0 - 1.300.000,2018-01-01,50-65,SI,1
SI,15,15572,NO,ACTIVO,ND,2016-05-01,Mujer,ND,BOYACA,PUERTO BOYACA,ND,MONETARIO,NUTRICIÓN,CC,DESPLAZADOS,3.000.001 - 4.500.000,0 - 1.300.000,2018-01-01,30-49,SI,1
SI,15,15572,NO,ACTIVO,ND,2012-11-01,Hombre,ND,BOYACA,PUERTO BOYACA,ND,MONETARIO,NUTRICIÓN,CC,SISBEN,> 6.000.001,0 - 1.300.000,2018-01-01,30-49,SI,1
SI,15,15572,NO,ACTIVO,ND,2016-06-01,Mujer,ND,BOYACA,PUERTO BOYACA,ND,MONETARIO,NUTRICIÓN,CC,DESPLAZADOS,1.500.001 - 3.000.000,0 - 1.300.000,2018-01-01,30-49,SI,1
SI,15,15572,NO,ACTIVO,ND,2012-12-01,Hombre,ND,BOYACA,PUERTO BOYACA,ND,MONETARIO,NUTRICIÓN,CC,UNIDOS,3.000.001 - 4.500.000,0 - 1.300.000,2018-01-01,30-49,SI,1
NO,15,15572,NO,ACTIVO,ND,2014-12-01,Mujer,ND,BOYACA,PUERTO BOYACA,ND,MONETARIO,NUTRICIÓN,CC,DESPLAZADOS,3.000.001 - 4.500.000,0 - 1.300.000,2018-01-01,30-49,SI,2
SI,15,15572,NO,ACTIVO,ND,2012-12-01,Hombre,ND,BOYACA,PUERTO BOYACA,ND,MONETARIO,NUTRICIÓN,CC,SISBEN,> 6.000.001,0 - 1.300.000,2018-01-01,50-65,SI,1
SI,15,15572,NO,ACTIVO,ND,2014-09-01,Mujer,ND,BOYACA,PUERTO BOYACA,ND,MONETARIO,NUTRICIÓN,CC,DESPLAZADOS,3.000.001 - 4.500.000,0 - 1.300.000,2018-01-01,18-29,SI,1
SI,15,15572,NO,ACTIVO,ND,2016-04-01,Mujer,ND,BOYACA,PUERTO BOYACA,ND,MONETARIO,NUTRICIÓN,CC,DESPLAZADOS,1.500.001 - 3.000.000,0 - 1.300.000,2018-01-01,18-29,SI,1
SI,15,15572,NO,ACTIVO,ND,2016-08-01,Mujer,ND,BOYACA,PUERTO BOYACA,ND,MONETARIO,NUTRICIÓN,CC,DESPLAZADOS,3.000.001 - 4.500.000,0 - 1.300.000,2018-01-01,30-49,SI,1
SI,15,15572,NO,ACTIVO,ND,2014-08-01,Mujer,ND,BOYACA,PUERTO BOYACA,ND,MONETARIO,NUTRICIÓN,CC,DESPLAZADOS,4.500.001 - 6.000.000,0 - 1.300.000,2018-01-01,30-49,SI,1
NO,15,15572,NO,NO ACTIVO,ND,2015-11-01,Hombre,ND,BOYACA,PUERTO BOYACA,ND,MONETARIO,NUTRICIÓN,CC,DESPLAZADOS,1.500.001 - 3.000.000,0 - 1.300.000,2018-01-01,50-65,NO,1
SI,15,15572,NO,ACTIVO,ND,2015-11-01,Mujer,ND,BOYACA,PUERTO BOYACA,ND,MONETARIO,NUTRICIÓN,CC,DESPLAZADOS,1.500.001 - 3.000.000,0 - 1.300.000,2018-01-01,>65,SI,1
SI,15,15572,NO,NO ACTIVO,ND,2012-12-01,Mujer,ND,BOYACA,PUERTO BOYACA,ND,MONETARIO,NUTRICIÓN,CC,UNIDOS,4.500.001 - 6.000.000,0 - 1.300.000,2016-01-01,50-65,SI,1
SI,15,15572,NO,ACTIVO,ND,2015-11-01,Mujer,ND,BOYACA,PUERTO BOYACA,ND,MONETARIO,NUTRICIÓN,CC,DESPLAZADOS,4.500.001 - 6.000.000,0 - 1.300.000,2018-01-01,30-49,SI,1
NO,15,15572,NO,ACTIVO,ND,2014-10-01,Mujer,ND,BOYACA,PUERTO BOYACA,ND,MONETARIO,NUTRICIÓN,CC,DESPLAZADOS,3.000.001 - 4.500.000,0 - 1.300.000,2018-01-01,18-29,SI,1
SI,15,15572,NO,ACTIVO,ND,2012-12-01,Mujer,ND,BOYACA,PUERTO BOYACA,ND,MONETARIO,NUTRICIÓN,CC,SISBEN,3.000.001 - 4.500.000,0 - 1.300.000,2018-01-01,30-49,SI,2
SI,15,15572,NO,ACTIVO,ND,2012-12-01,Mujer,ND,BOYACA,PUERTO BOYACA,ND,MONETARIO,NUTRICIÓN,CC,SISBEN,> 6.000.001,0 - 1.300.000,2018-01-01,18-29,SI,1
SI,15,15572,NO,ACTIVO,ND,2012-12-01,Mujer,ND,BOYACA,PUERTO BOYACA,ND,MONETARIO,NUTRICIÓN,CC,UNIDOS,4.500.001 - 6.000.000,0 - 1.300.000,2018-01-01,18-29,SI,2
SI,15,15572,NO,ACTIVO,ND,2012-11-01,Mujer,ND,BOYACA,PUERTO BOYACA,ND,MONETARIO,NUTRICIÓN,CC,SISBEN,4.500.001 - 6.000.000,0 - 1.300.000,2018-01-01,30-49,SI,1
SI,15,15572,NO,ACTIVO,ND,2013-12-01,Hombre,ND,BOYACA,PUERTO BOYACA,ND,MONETARIO,NUTRICIÓN,CC,DESPLAZADOS,> 6.000.001,0 - 1.300.000,2018-01-01,30-49,SI,1
SI,15,15572,NO,ACTIVO,ND,2013-10-01,Mujer,ND,BOYACA,PUERTO BOYACA,ND,MONETARIO,NUTRICIÓN,CC,DESPLAZADOS,1.500.001 - 3.000.000,0 - 1.300.000,2018-01-01,30-49,SI,1
SI,15,15572,NO,ACTIVO,ND,2014-12-01,Mujer,ND,BOYACA,PUERTO BOYACA,ND,MONETARIO,NUTRICIÓN,CC,DESPLAZADOS,> 6.000.001,0 - 1.300.000,2018-01-01,30-49,SI,1
SI,15,15572,NO,ACTIVO,ND,2012-11-01,Mujer,ND,BOYACA,PUERTO BOYACA,ND,MONETARIO,NUTRICIÓN,CC,DESPLAZADOS,4.500.001 - 6.000.000,0 - 1.300.000,2018-01-01,30-49,SI,1
SI,15,15572,NO,ACTIVO,ND,2015-06-01,Mujer,ND,BOYACA,PUERTO BOYACA,ND,MONETARIO,NUTRICIÓN,CC,DESPLAZADOS,3.000.001 - 4.500.000,0 - 1.300.000,2018-01-01,18-29,SI,1
SI,15,15572,NO,ACTIVO,ND,2012-11-01,Mujer,ND,BOYACA,PUERTO BOYACA,ND,MONETARIO,NUTRICIÓN,CC,SISBEN,> 6.000.001,0 - 1.300.000,2018-01-01,30-49,SI,1
SI,15,15572,NO,ACTIVO,ND,2017-02-01,Hombre,ND,BOYACA,PUERTO BOYACA,ND,MONETARIO,NUTRICIÓN,CC,DESPLAZADOS,0 - 1.500.000,0 - 1.300.000,2018-01-01,30-49,SI,1
SI,15,15572,NO,ACTIVO,ND,2012-11-01,Mujer,ND,BOYACA,PUERTO BOYACA,ND,MONETARIO,NUTRICIÓN,CC,DESPLAZADOS,> 6.000.001,0 - 1.300.000,2018-01-01,30-49,SI,1
SI,15,15572,NO,ACTIVO,ND,2012-11-01,Mujer,ND,BOYACA,PUERTO BOYACA,ND,MONETARIO,NUTRICIÓN,CC,SISBEN,1.500.001 - 3.000.000,0 - 1.300.000,2018-01-01,30-49,SI,1
SI,15,15572,NO,ACTIVO,ND,2017-04-01,Hombre,ND,BOYACA,PUERTO BOYACA,ND,MONETARIO,NUTRICIÓN,CC,DESPLAZADOS,1.500.001 - 3.000.000,0 - 1.300.000,2018-01-01,30-49,SI,1
NO,15,15572,NO,ACTIVO,ND,2017-04-01,Mujer,ND,BOYACA,PUERTO BOYACA,ND,MONETARIO,NUTRICIÓN,CC,DESPLAZADOS,0 - 1.500.000,0 - 1.300.000,2018-01-01,30-49,SI,1
NO,15,15572,NO,ACTIVO,ND,2012-12-01,Mujer,ND,BOYACA,PUERTO BOYACA,ND,MONETARIO,NUTRICIÓN,CC,SISBEN,> 6.000.001,0 - 1.300.000,2018-01-01,18-29,SI,1
SI,15,15572,NO,NO ACTIVO,ND,2012-12-01,Mujer,ND,BOYACA,PUERTO BOYACA,ND,MONETARIO,NUTRICIÓN,TI,DESPLAZADOS,1.500.001 - 3.000.000,0 - 1.300.000,2015-01-01,18-29,SI,1
SI,15,15572,NO,ACTIVO,ND,2014-07-01,Mujer,ND,BOYACA,PUERTO BOYACA,ND,MONETARIO,NUTRICIÓN,CC,DESPLAZADOS,3.000.001 - 4.500.000,0 - 1.300.000,2018-01-01,30-49,SI,1
SI,15,15572,NO,ACTIVO,ND,2015-08-01,Mujer,ND,BOYACA,PUERTO BOYACA,ND,MONETARIO,NUTRICIÓN,CC,DESPLAZADOS,3.000.001 - 4.500.000,0 - 1.300.000,2018-01-01,30-49,SI,1
SI,15,15572,NO,NO ACTIVO,ND,2012-12-01,Mujer,ND,BOYACA,PUERTO BOYACA,ND,MONETARIO,NUTRICIÓN,TI,SISBEN,1.500.001 - 3.000.000,0 - 1.300.000,2015-01-01,18-29,SI,1
SI,15,15572,NO,ACTIVO,ND,2012-12-01,Mujer,ND,BOYACA,PUERTO BOYACA,ND,MONETARIO,NUTRICIÓN,CC,SISBEN,0 - 1.500.000,0 - 1.300.000,2018-01-01,30-49,SI,1
SI,15,15572,NO,ACTIVO,INDIGENA,2012-12-01,Hombre,ND,BOYACA,PUERTO BOYACA,ND,MONETARIO,NUTRICIÓN,CC,DESPLAZADOS,> 6.000.001,0 - 1.300.000,2018-01-01,30-49,SI,1
SI,15,15572,NO,ACTIVO,ND,2016-09-01,Mujer,ND,BOYACA,PUERTO BOYACA,ND,MONETARIO,NUTRICIÓN,CC,DESPLAZADOS,1.500.001 - 3.000.000,0 - 1.300.000,2018-01-01,30-49,SI,1
NO,15,15572,NO,NO ACTIVO,ND,2012-12-01,Mujer,ND,BOYACA,PUERTO BOYACA,ND,MONETARIO,NUTRICIÓN,TI,UNIDOS,4.500.001 - 6.000.000,0 - 1.300.000,2015-01-01,18-29,SI,1
SI,15,15572,NO,ACTIVO,ND,2015-06-01,Mujer,ND,BOYACA,PUERTO BOYACA,ND,MONETARIO,NUTRICIÓN,CC,DESPLAZADOS,3.000.001 - 4.500.000,0 - 1.300.000,2018-01-01,50-65,SI,1
SI,15,15572,NO,ACTIVO,AFROCOLOMBIANO – NEGRO,2012-12-01,Mujer,ND,BOYACA,PUERTO BOYACA,ND,MONETARIO,NUTRICIÓN,CC,DESPLAZADOS,3.000.001 - 4.500.000,0 - 1.300.000,2018-01-01,30-49,SI,1
SI,15,15572,NO,ACTIVO,ND,2012-12-01,Mujer,ND,BOYACA,PUERTO BOYACA,ND,MONETARIO,NUTRICIÓN,CC,SISBEN,3.000.001 - 4.500.000,0 - 1.300.000,2018-01-01,18-29,SI,1
SI,15,15572,NO,ACTIVO,ND,2012-12-01,Hombre,SECUNDARIA,BOYACA,PUERTO BOYACA,ND,MONETARIO,EDUCACIÓN SECUNDARIA,CC,DESPLAZADOS,0 - 1.500.000,0 - 1.300.000,2018-01-01,18-29,SI,1
SI,15,15572,NO,ACTIVO,ND,2015-03-01,Hombre,ND,BOYACA,PUERTO BOYACA,ND,MONETARIO,NUTRICIÓN,CC,DESPLAZADOS,4.500.001 - 6.000.000,0 - 1.300.000,2018-01-01,50-65,SI,1
SI,15,15572,NO,ACTIVO,ND,2012-12-01,Hombre,ND,BOYACA,PUERTO BOYACA,ND,MONETARIO,NUTRICIÓN,CC,DESPLAZADOS,3.000.001 - 4.500.000,0 - 1.300.000,2018-01-01,30-49,SI,1
SI,15,15572,NO,ACTIVO,ND,2014-03-01,Mujer,ND,BOYACA,PUERTO BOYACA,ND,MONETARIO,NUTRICIÓN,CC,SISBEN,4.500.001 - 6.000.000,0 - 1.300.000,2018-01-01,30-49,SI,1
SI,15,15572,NO,ACTIVO,ND,2013-04-01,Mujer,ND,BOYACA,PUERTO BOYACA,ND,MONETARIO,NUTRICIÓN,CC,DESPLAZADOS,> 6.000.001,0 - 1.300.000,2018-01-01,30-49,SI,1
NO,15,15572,NO,ACTIVO,ND,2016-03-01,Mujer,ND,BOYACA,PUERTO BOYACA,ND,MONETARIO,NUTRICIÓN,CC,DESPLAZADOS,1.500.001 - 3.000.000,0 - 1.300.000,2018-01-01,30-49,SI,1
SI,15,15572,NO,ACTIVO,ND,2015-10-01,Mujer,ND,BOYACA,PUERTO BOYACA,ND,MONETARIO,NUTRICIÓN,CC,DESPLAZADOS,1.500.001 - 3.000.000,0 - 1.300.000,2018-01-01,30-49,SI,1
NO,15,15572,NO,ACTIVO,ND,2012-12-01,Mujer,ND,BOYACA,PUERTO BOYACA,ND,MONETARIO,NUTRICIÓN,CC,SISBEN,3.000.001 - 4.500.000,0 - 1.300.000,2018-01-01,30-49,SI,1
SI,15,15572,NO,NO ACTIVO,ND,2012-12-01,Hombre,ND,BOYACA,PUERTO BOYACA,ND,MONETARIO,NUTRICIÓN,CC,SISBEN,0 - 1.500.000,0 - 1.300.000,2013-01-01,50-65,SI,1
SI,15,15572,NO,ACTIVO,ND,2014-09-01,Mujer,ND,BOYACA,PUERTO BOYACA,ND,MONETARIO,NUTRICIÓN,CC,DESPLAZADOS,4.500.001 - 6.000.000,0 - 1.300.000,2018-01-01,30-49,SI,1
NO,15,15572,NO,ACTIVO,ND,2012-12-01,Hombre,ND,BOYACA,PUERTO BOYACA,ND,ND,ND,RC,SISBEN,0 - 1.500.000,0 - 1.300.000,1900-01-01,18-29,NO,1
NO,15,15572,NO,ACTIVO,ND,2013-07-01,Hombre,PRIMARIA,BOYACA,PUERTO BOYACA,ND,ND,EDUCACIÓN PRIMARIA,RC,SISBEN,0 - 1.500.000,0 - 1.300.000,1900-01-01,18-29,NO,1
NO,15,15572,NO,ACTIVO,ND,2012-12-01,Mujer,ND,BOYACA,PUERTO BOYACA,ND,ND,ND,TI,UNIDOS,0 - 1.500.000,0 - 1.300.000,1900-01-01,18-29,NO,124
NO,15,15572,NO,ACTIVO,ND,2017-09-01,Mujer,ND,BOYACA,PUERTO BOYACA,ND,ND,NUTRICIÓN MENOR,RC,DESPLAZADOS,0 - 1.500.000,0 - 1.300.000,1900-01-01,06-17,NO,2
NO,15,15572,NO,ACTIVO,ND,2012-12-01,Hombre,ND,BOYACA,PUERTO BOYACA,ND,ND,ND,RC,UNIDOS,0 - 1.500.000,0 - 1.300.000,1900-01-01,18-29,NO,3
NO,15,15572,NO,ACTIVO,ND,2012-11-01,Mujer,ND,BOYACA,PUERTO BOYACA,ND,ND,ND,TI,DESPLAZADOS,0 - 1.500.000,0 - 1.300.000,1900-01-01,18-29,NO,6
NO,15,15572,NO,ACTIVO,ND,2012-12-01,Mujer,PRIMARIA,BOYACA,PUERTO BOYACA,ND,ND,EDUCACIÓN PRIMARIA,TI,UNIDOS,0 - 1.500.000,0 - 1.300.000,1900-01-01,06-17,NO,125
SI,15,15572,NO,ACTIVO,ND,2015-11-01,Mujer,ND,BOYACA,PUERTO BOYACA,ND,MONETARIO,NUTRICIÓN,CC,DESPLAZADOS,1.500.001 - 3.000.000,0 - 1.300.000,2018-01-01,30-49,SI,1
SI,15,15572,NO,ACTIVO,ND,2016-12-01,Mujer,ND,BOYACA,PUERTO BOYACA,ND,MONETARIO,NUTRICIÓN,CC,DESPLAZADOS,1.500.001 - 3.000.000,0 - 1.300.000,2018-01-01,30-49,SI,1
NO,15,15572,NO,ACTIVO,ROM O GITANO,2012-12-01,Mujer,ND,BOYACA,PUERTO BOYACA,ND,ND,ND,TI,UNIDOS,0 - 1.500.000,0 - 1.300.000,1900-01-01,18-29,NO,3
SI,15,15572,NO,ACTIVO,ND,2012-12-01,Mujer,ND,BOYACA,PUERTO BOYACA,ND,MONETARIO,ND,CC,UNIDOS,0 - 1.500.000,0 - 1.300.000,2018-01-01,50-65,SI,5
NO,15,15572,NO,ACTIVO,ND,2018-07-01,Hombre,ND,BOYACA,PUERTO BOYACA,ND,ND,NUTRICIÓN MENOR,RC,SISBEN,0 - 1.500.000,0 - 1.300.000,1900-01-01,06-17,NO,3
NO,15,15572,NO,ACTIVO,ND,2017-12-01,Hombre,ND,BOYACA,PUERTO BOYACA,ND,ND,NUTRICIÓN MENOR,RC,SISBEN,0 - 1.500.000,0 - 1.300.000,1900-01-01,06-17,NO,7
NO,15,15572,SI,ACTIVO,ND,2012-12-01,Mujer,PRIMARIA,BOYACA,PUERTO BOYACA,ND,ND,EDUCACIÓN PRIMARIA,TI,SISBEN,0 - 1.500.000,0 - 1.300.000,1900-01-01,06-17,NO,2
NO,15,15572,SI,ACTIVO,ND,2012-12-01,Hombre,ND,BOYACA,PUERTO BOYACA,ND,ND,ND,TI,SISBEN,0 - 1.500.000,0 - 1.300.000,1900-01-01,18-29,NO,6
NO,15,15572,NO,ACTIVO,ND,2012-12-01,Mujer,SECUNDARIA,BOYACA,PUERTO BOYACA,ND,ND,ND,TI,SISBEN,0 - 1.500.000,0 - 1.300.000,1900-01-01,18-29,NO,14
NO,15,15572,NO,ACTIVO,INDIGENA,2012-12-01,Mujer,PRIMARIA,BOYACA,PUERTO BOYACA,ND,ND,EDUCACIÓN PRIMARIA,TI,DESPLAZADOS,0 - 1.500.000,0 - 1.300.000,1900-01-01,18-29,NO,1
NO,15,15572,NO,ACTIVO,ND,2017-10-01,Hombre,ND,BOYACA,PUERTO BOYACA,ND,ND,NUTRICIÓN MENOR,RC,DESPLAZADOS,0 - 1.500.000,0 - 1.300.000,1900-01-01,06-17,NO,5
NO,15,15572,NO,ACTIVO,ND,2016-01-01,Mujer,ND,BOYACA,PUERTO BOYACA,ND,MONETARIO,ND,CC,DESPLAZADOS,0 - 1.500.000,0 - 1.300.000,2018-01-01,50-65,SI,1
NO,15,15572,NO,ACTIVO,AFROCOLOMBIANO – NEGRO,2012-12-01,Hombre,PRIMARIA,BOYACA,PUERTO BOYACA,ND,ND,EDUCACIÓN PRIMARIA,TI,UNIDOS,0 - 1.500.000,0 - 1.300.000,1900-01-01,18-29,NO,10
NO,15,15572,NO,ACTIVO,AFROCOLOMBIANO – NEGRO,2012-12-01,Mujer,SECUNDARIA,BOYACA,PUERTO BOYACA,ND,ND,EDUCACIÓN SECUNDARIA,TI,DESPLAZADOS,0 - 1.500.000,0 - 1.300.000,1900-01-01,18-29,NO,6
NO,15,15572,NO,NO ACTIVO,ND,2012-12-01,Mujer,ND,BOYACA,PUERTO BOYACA,ND,ND,ND,CC,UNIDOS,0 - 1.500.000,0 - 1.300.000,1900-01-01,18-29,NO,36
NO,15,15572,NO,NO ACTIVO,ND,2012-12-01,Mujer,ND,BOYACA,PUERTO BOYACA,Colombia,ND,EDUCACIÓN PRIMARIA,TI,ND,0 - 1.500.000,0 - 1.300.000,1900-01-01,06-17,NO,2
NO,15,15572,NO,ACTIVO,ND,2013-12-01,Mujer,ND,BOYACA,PUERTO BOYACA,ND,ND,ND,TI,DESPLAZADOS,0 - 1.500.000,0 - 1.300.000,1900-01-01,18-29,NO,1
NO,15,15572,NO,ACTIVO,AFROCOLOMBIANO – NEGRO,2012-12-01,Hombre,SECUNDARIA,BOYACA,PUERTO BOYACA,ND,ND,EDUCACIÓN SECUNDARIA,TI,UNIDOS,0 - 1.500.000,0 - 1.300.000,1900-01-01,06-17,NO,2
NO,15,15572,NO,ACTIVO,ND,2014-04-01,Mujer,SECUNDARIA,BOYACA,PUERTO BOYACA,ND,ND,EDUCACIÓN SECUNDARIA,TI,DESPLAZADOS,0 - 1.500.000,0 - 1.300.000,1900-01-01,18-29,NO,1
NO,15,15572,NO,ACTIVO,ND,2013-01-01,Mujer,SECUNDARIA,BOYACA,PUERTO BOYACA,ND,ND,EDUCACIÓN SECUNDARIA,TI,DESPLAZADOS,0 - 1.500.000,0 - 1.300.000,1900-01-01,18-29,NO,1
NO,15,15572,NO,ACTIVO,ND,2012-12-01,Hombre,SECUNDARIA,BOYACA,PUERTO BOYACA,ND,ND,EDUCACIÓN SECUNDARIA,RC,DESPLAZADOS,0 - 1.500.000,0 - 1.300.000,1900-01-01,18-29,NO,1
NO,15,15572,NO,ACTIVO,ND,2012-12-01,Mujer,PRIMARIA,BOYACA,PUERTO BOYACA,ND,ND,EDUCACIÓN PRIMARIA,RC,SISBEN,0 - 1.500.000,0 - 1.300.000,1900-01-01,06-17,NO,281
NO,15,15572,NO,NO ACTIVO,AFROCOLOMBIANO – NEGRO,2012-12-01,Hombre,ND,BOYACA,PUERTO BOYACA,Colombia,ND,ND,RC,UNIDOS,0 - 1.500.000,0 - 1.300.000,1900-01-01,18-29,NO,1
NO,15,15572,NO,ACTIVO,AFROCOLOMBIANO – NEGRO,2015-03-01,Mujer,SECUNDARIA,BOYACA,PUERTO BOYACA,ND,ND,EDUCACIÓN SECUNDARIA,TI,UNIDOS,0 - 1.500.000,0 - 1.300.000,1900-01-01,18-29,NO,1
NO,15,15572,NO,ACTIVO,ND,2012-11-01,Mujer,ND,BOYACA,PUERTO BOYACA,ND,MONETARIO,ND,CC,SISBEN,> 6.000.001,0 - 1.300.000,2018-01-01,50-65,SI,1
NO,15,15572,NO,ACTIVO,ND,2014-02-01,Hombre,ND,BOYACA,PUERTO BOYACA,ND,ND,ND,TI,DESPLAZADOS,0 - 1.500.000,0 - 1.300.000,1900-01-01,18-29,NO,1
NO,15,15572,NO,ACTIVO,ND,2013-01-01,Mujer,ND,BOYACA,PUERTO BOYACA,ND,ND,ND,TI,SISBEN,0 - 1.500.000,0 - 1.300.000,1900-01-01,18-29,NO,1
NO,15,15572,NO,ACTIVO,AFROCOLOMBIANO – NEGRO,2012-12-01,Mujer,SECUNDARIA,BOYACA,PUERTO BOYACA,ND,ND,EDUCACIÓN SECUNDARIA,TI,SISBEN,0 - 1.500.000,0 - 1.300.000,1900-01-01,18-29,NO,6
NO,15,15572,NO,ACTIVO,ND,2017-09-01,Hombre,ND,BOYACA,PUERTO BOYACA,ND,ND,NUTRICIÓN MENOR,RC,SISBEN,0 - 1.500.000,0 - 1.300.000,1900-01-01,06-17,NO,6
ND,15,15572,ND,ACTIVO,ND,2012-12-01,Mujer,ND,BOYACA,PUERTO BOYACA,Colombia,ND,EDUCACIÓN SECUNDARIA,TI,SISBEN,0 - 1.500.000,0 - 1.300.000,1900-01-01,06-17,NO,1
NO,15,15572,NO,NO ACTIVO,ND,2012-12-01,Mujer,ND,BOYACA,PUERTO BOYACA,ND,ND,EDUCACIÓN PRIMARIA,RC,ND,0 - 1.500.000,0 - 1.300.000,1900-01-01,06-17,NO,3
NO,15,15572,NO,ACTIVO,AFROCOLOMBIANO – NEGRO,2013-10-01,Hombre,SECUNDARIA,BOYACA,PUERTO BOYACA,ND,ND,EDUCACIÓN SECUNDARIA,TI,DESPLAZADOS,0 - 1.500.000,0 - 1.300.000,1900-01-01,18-29,NO,1
NO,15,15572,NO,ACTIVO,ND,2012-12-01,Mujer,SECUNDARIA,BOYACA,PUERTO BOYACA,ND,ND,EDUCACIÓN SECUNDARIA,TI,SISBEN,0 - 1.500.000,0 - 1.300.000,1900-01-01,18-29,NO,519
NO,15,15572,NO,ACTIVO,ND,2012-12-01,Mujer,PRIMARIA,BOYACA,PUERTO BOYACA,ND,ND,EDUCACIÓN PRIMARIA,TI,UNIDOS,0 - 1.500.000,0 - 1.300.000,1900-01-01,18-29,NO,29
,15,15572,NO,ACTIVO,ND,2018-09-01,Mujer,ND,BOYACA,PUERTO BOYACA,ND,ND,ND,RC,UNIDOS,0 - 1.500.000,0 - 1.300.000,1900-01-01,06-17,NO,1
NO,15,15572,NO,ACTIVO,ND,2012-12-01,Mujer,ND,BOYACA,PUERTO BOYACA,ND,ND,NUTRICIÓN MENOR,RC,SISBEN,0 - 1.500.000,0 - 1.300.000,1900-01-01,06-17,NO,8
NO,15,15572,NO,ACTIVO,ND,2012-12-01,Mujer,ND,BOYACA,PUERTO BOYACA,ND,ND,ND,TI,DESPLAZADOS,0 - 1.500.000,0 - 1.300.000,1900-01-01,18-29,NO,27
NO,15,15572,NO,ACTIVO,AFROCOLOMBIANO – NEGRO,2012-12-01,Mujer,SECUNDARIA,BOYACA,PUERTO BOYACA,ND,ND,EDUCACIÓN SECUNDARIA,TI,UNIDOS,0 - 1.500.000,0 - 1.300.000,1900-01-01,18-29,NO,65
NO,15,15572,NO,ACTIVO,ND,2012-12-01,Mujer,PRIMARIA,BOYACA,PUERTO BOYACA,ND,ND,ND,TI,UNIDOS,0 - 1.500.000,0 - 1.300.000,1900-01-01,18-29,NO,5
NO,15,15572,NO,ACTIVO,AFROCOLOMBIANO – NEGRO,2012-12-01,Mujer,PRIMARIA,BOYACA,PUERTO BOYACA,ND,ND,EDUCACIÓN PRIMARIA,RC,UNIDOS,0 - 1.500.000,0 - 1.300.000,1900-01-01,06-17,NO,6
SI,15,15572,NO,ACTIVO,ROM O GITANO,2012-12-01,Hombre,ND,BOYACA,PUERTO BOYACA,ND,MONETARIO,NUTRICIÓN,CC,UNIDOS,1.500.001 - 3.000.000,0 - 1.300.000,2018-01-01,30-49,SI,1
NO,15,15572,NO,ACTIVO,ND,2018-07-01,Mujer,ND,BOYACA,PUERTO BOYACA,ND,ND,ND,RC,SISBEN,0 - 1.500.000,0 - 1.300.000,1900-01-01,06-17,NO,2
NO,15,15572,NO,NO ACTIVO,ND,2012-12-01,Hombre,ND,BOYACA,PUERTO BOYACA,Colombia,ND,EDUCACIÓN PRIMARIA,TI,ND,0 - 1.500.000,0 - 1.300.000,1900-01-01,18-29,NO,96
SI,15,15572,NO,ACTIVO,ND,2012-12-01,Mujer,ND,BOYACA,PUERTO BOYACA,ND,MONETARIO,NUTRICIÓN,CC,SISBEN,4.500.001 - 6.000.000,0 - 1.300.000,2018-01-01,30-49,SI,2
NO,15,15572,SI,ACTIVO,ND,2012-12-01,Mujer,PRIMARIA,BOYACA,PUERTO BOYACA,ND,ND,EDUCACIÓN PRIMARIA,TI,UNIDOS,0 - 1.500.000,0 - 1.300.000,1900-01-01,18-29,NO,1
NO,15,15572,NO,ACTIVO,ND,2012-12-01,Mujer,SECUNDARIA,BOYACA,PUERTO BOYACA,ND,ND,EDUCACIÓN SECUNDARIA,TI,DESPLAZADOS,0 - 1.500.000,0 - 1.300.000,1900-01-01,06-17,NO,4
NO,15,15572,NO,ACTIVO,ND,2012-12-01,Hombre,PRIMARIA,BOYACA,PUERTO BOYACA,ND,ND,ND,TI,UNIDOS,0 - 1.500.000,0 - 1.300.000,1900-01-01,18-29,NO,4
NO,15,15572,NO,ACTIVO,ND,2012-12-01,Hombre,SECUNDARIA,BOYACA,PUERTO BOYACA,ND,ND,ND,RC,SISBEN,0 - 1.500.000,0 - 1.300.000,1900-01-01,18-29,NO,2
NO,15,15572,NO,NO ACTIVO,ND,2012-12-01,Mujer,ND,BOYACA,PUERTO BOYACA,Colombia,ND,EDUCACIÓN PRIMARIA,RC,ND,0 - 1.500.000,0 - 1.300.000,1900-01-01,18-29,NO,20
NO,15,15572,NO,ACTIVO,ND,2012-12-01,Hombre,ND,BOYACA,PUERTO BOYACA,ND,ND,ND,RC,DESPLAZADOS,0 - 1.500.000,0 - 1.300.000,1900-01-01,06-17,NO,7
NO,15,15572,NO,NO ACTIVO,ND,2012-12-01,Mujer,ND,BOYACA,PUERTO BOYACA,ND,ND,ND,TI,SISBEN,0 - 1.500.000,0 - 1.300.000,1900-01-01,18-29,NO,216
SI,15,15572,NO,NO ACTIVO,ND,2012-12-01,Mujer,ND,BOYACA,PUERTO BOYACA,Colombia,MONETARIO,NUTRICIÓN,CC,ND,0 - 1.500.000,0 - 1.300.000,2014-01-01,50-65,SI,3
NO,15,15572,NO,ACTIVO,ND,2012-10-01,Mujer,ND,BOYACA,PUERTO BOYACA,ND,ND,ND,TI,DESPLAZADOS,0 - 1.500.000,0 - 1.300.000,1900-01-01,18-29,NO,4
NO,15,15572,NO,ACTIVO,ND,2012-12-01,Hombre,PRIMARIA,BOYACA,PUERTO BOYACA,ND,ND,EDUCACIÓN PRIMARIA,RC,UNIDOS,0 - 1.500.000,0 - 1.300.000,1900-01-01,06-17,NO,89
NO,15,15572,NO,NO ACTIVO,AFROCOLOMBIANO – NEGRO,2012-12-01,Mujer,ND,BOYACA,PUERTO BOYACA,ND,ND,ND,CC,UNIDOS,0 - 1.500.000,0 - 1.300.000,1900-01-01,30-49,NO,2
NO,15,15572,NO,ACTIVO,ND,2018-03-01,Hombre,ND,BOYACA,PUERTO BOYACA,ND,ND,NUTRICIÓN MENOR,RC,UNIDOS,0 - 1.500.000,0 - 1.300.000,1900-01-01,06-17,NO,3
NO,15,15572,NO,ACTIVO,ND,2016-08-01,Hombre,SECUNDARIA,BOYACA,PUERTO BOYACA,ND,ND,EDUCACIÓN SECUNDARIA,TI,DESPLAZADOS,0 - 1.500.000,0 - 1.300.000,1900-01-01,18-29,NO,1
,15,15572,NO,ACTIVO,ND,2018-09-01,Mujer,ND,BOYACA,PUERTO BOYACA,ND,ND,NUTRICIÓN MENOR,RC,UNIDOS,0 - 1.500.000,0 - 1.300.000,1900-01-01,06-17,NO,1
NO,15,15572,NO,ACTIVO,ND,2013-08-01,Mujer,SECUNDARIA,BOYACA,PUERTO BOYACA,ND,ND,EDUCACIÓN SECUNDARIA,TI,DESPLAZADOS,0 - 1.500.000,0 - 1.300.000,1900-01-01,18-29,NO,3
NO,15,15572,NO,ACTIVO,ND,2012-12-01,Mujer,ND,BOYACA,PUERTO BOYACA,ND,ND,ND,TI,SISBEN,0 - 1.500.000,0 - 1.300.000,1900-01-01,18-29,NO,125
ND,15,15572,NO,ACTIVO,ND,2012-12-01,Hombre,ND,BOYACA,PUERTO BOYACA,ND,ND,EDUCACIÓN PRIMARIA,TI,SISBEN,0 - 1.500.000,0 - 1.300.000,1900-01-01,18-29,NO,1
NO,15,15572,NO,ACTIVO,ND,2018-01-01,Hombre,ND,BOYACA,PUERTO BOYACA,ND,ND,NUTRICIÓN MENOR,RC,SISBEN,0 - 1.500.000,0 - 1.300.000,1900-01-01,06-17,NO,4
NO,15,15572,NO,ACTIVO,ND,2012-12-01,Mujer,SECUNDARIA,BOYACA,PUERTO BOYACA,ND,ND,EDUCACIÓN SECUNDARIA,TI,SISBEN,0 - 1.500.000,0 - 1.300.000,1900-01-01,06-17,NO,27
NO,15,15572,NO,NO ACTIVO,ND,2012-12-01,Hombre,ND,BOYACA,PUERTO BOYACA,Colombia,ND,ND,CC,SISBEN,0 - 1.500.000,0 - 1.300.000,1900-01-01,30-49,NO,2
SI,15,15572,NO,NO ACTIVO,AFROCOLOMBIANO – NEGRO,2012-12-01,Mujer,ND,BOYACA,PUERTO BOYACA,ND,MONETARIO,ND,CC,UNIDOS,0 - 1.500.000,0 - 1.300.000,2017-01-01,>65,SI,1
NO,15,15572,NO,ACTIVO,ND,2013-01-01,Mujer,ND,BOYACA,PUERTO BOYACA,ND,ND,ND,TI,DESPLAZADOS,0 - 1.500.000,0 - 1.300.000,1900-01-01,18-29,NO,2
NO,15,15572,NO,ACTIVO,ND,2012-10-01,Mujer,SECUNDARIA,BOYACA,PUERTO BOYACA,ND,ND,EDUCACIÓN SECUNDARIA,TI,DESPLAZADOS,0 - 1.500.000,0 - 1.300.000,1900-01-01,18-29,NO,3
SI,15,15572,NO,ACTIVO,ND,2015-04-01,Hombre,ND,BOYACA,PUERTO BOYACA,ND,MONETARIO,NUTRICIÓN,CC,DESPLAZADOS,3.000.001 - 4.500.000,0 - 1.300.000,2018-01-01,50-65,SI,1
NO,15,15572,NO,ACTIVO,AFROCOLOMBIANO – NEGRO,2012-12-01,Hombre,ND,BOYACA,PUERTO BOYACA,ND,ND,ND,TI,UNIDOS,0 - 1.500.000,0 - 1.300.000,1900-01-01,06-17,NO,5
SI,15,15572,NO,ACTIVO,ND,2012-12-01,Mujer,ND,BOYACA,PUERTO BOYACA,ND,MONETARIO,ND,CC,UNIDOS,3.000.001 - 4.500.000,0 - 1.300.000,2018-01-01,30-49,SI,3
NO,15,15572,NO,NO ACTIVO,ND,2012-12-01,Mujer,ND,BOYACA,PUERTO BOYACA,ND,MONETARIO,ND,CC,UNIDOS,3.000.001 - 4.500.000,0 - 1.300.000,2017-01-01,30-49,SI,1
NO,15,15572,NO,NO ACTIVO,ND,2012-12-01,Hombre,ND,BOYACA,PUERTO BOYACA,Colombia,ND,ND,TI,ND,0 - 1.500.000,0 - 1.300.000,1900-01-01,30-49,NO,1
NO,15,15572,NO,ACTIVO,ND,2016-05-01,Mujer,ND,BOYACA,PUERTO BOYACA,ND,ND,ND,TI,DESPLAZADOS,0 - 1.500.000,0 - 1.300.000,1900-01-01,18-29,NO,1
SI,15,15572,NO,NO ACTIVO,AFROCOLOMBIANO – NEGRO,2012-12-01,Mujer,ND,BOYACA,PUERTO BOYACA,ND,MONETARIO,ND,CC,UNIDOS,0 - 1.500.000,0 - 1.300.000,2017-01-01,50-65,SI,1
NO,15,15572,NO,ACTIVO,ND,2012-12-01,Hombre,ND,BOYACA,PUERTO BOYACA,ND,ND,ND,CC,SISBEN,0 - 1.500.000,0 - 1.300.000,1900-01-01,18-29,NO,48
NO,15,15572,NO,ACTIVO,ND,2013-07-01,Hombre,PRIMARIA,BOYACA,PUERTO BOYACA,ND,ND,EDUCACIÓN PRIMARIA,RC,SISBEN,0 - 1.500.000,0 - 1.300.000,1900-01-01,06-17,NO,1
NO,15,15572,NO,ACTIVO,ND,2012-12-01,Hombre,SECUNDARIA,BOYACA,PUERTO BOYACA,ND,ND,EDUCACIÓN SECUNDARIA,TI,SISBEN,0 - 1.500.000,0 - 1.300.000,1900-01-01,18-29,NO,502
NO,15,15572,NO,ACTIVO,ND,2012-12-01,Hombre,ND,BOYACA,PUERTO BOYACA,Colombia,ND,ND,CC,DESPLAZADOS,0 - 1.500.000,0 - 1.300.000,1900-01-01,50-65,SI,1
NO,15,15572,NO,NO ACTIVO,ND,2012-12-01,Hombre,ND,BOYACA,PUERTO BOYACA,ND,ND,ND,CC,DESPLAZADOS,0 - 1.500.000,0 - 1.300.000,1900-01-01,30-49,NO,1
NO,15,15572,NO,ACTIVO,ND,2015-07-01,Mujer,PRIMARIA,BOYACA,PUERTO BOYACA,ND,ND,EDUCACIÓN PRIMARIA,TI,DESPLAZADOS,0 - 1.500.000,0 - 1.300.000,1900-01-01,18-29,NO,1
NO,15,15572,NO,ACTIVO,ND,2018-10-01,Hombre,ND,BOYACA,PUERTO BOYACA,ND,ND,ND,RC,DESPLAZADOS,0 - 1.500.000,0 - 1.300.000,1900-01-01,06-17,NO,2
NO,15,15572,NO,ACTIVO,ND,2013-11-01,Mujer,SECUNDARIA,BOYACA,PUERTO BOYACA,ND,ND,EDUCACIÓN SECUNDARIA,TI,DESPLAZADOS,0 - 1.500.000,0 - 1.300.000,1900-01-01,18-29,NO,1
NO,15,15572,NO,ACTIVO,ND,2012-12-01,Mujer,SECUNDARIA,BOYACA,PUERTO BOYACA,Colombia,ND,EDUCACIÓN SECUNDARIA,TI,DESPLAZADOS,0 - 1.500.000,0 - 1.300.000,1900-01-01,18-29,NO,1
NO,15,15572,NO,NO ACTIVO,AFROCOLOMBIANO – NEGRO,2012-12-01,Hombre,ND,BOYACA,PUERTO BOYACA,ND,ND,ND,TI,UNIDOS,0 - 1.500.000,0 - 1.300.000,1900-01-01,30-49,NO,1
NO,15,15572,NO,NO ACTIVO,ND,2012-12-01,Hombre,ND,BOYACA,PUERTO BOYACA,Colombia,ND,ND,RC,ND,0 - 1.500.000,0 - 1.300.000,1900-01-01,06-17,NO,3
NO,15,15572,NO,ACTIVO,ND,2012-12-01,Hombre,ND,BOYACA,PUERTO BOYACA,ND,ND,ND,TI,DESPLAZADOS,0 - 1.500.000,0 - 1.300.000,1900-01-01,06-17,NO,7
NO,15,15572,NO,ACTIVO,ND,2017-01-01,Mujer,SECUNDARIA,BOYACA,PUERTO BOYACA,ND,ND,EDUCACIÓN SECUNDARIA,TI,DESPLAZADOS,0 - 1.500.000,0 - 1.300.000,1900-01-01,18-29,NO,1
SI,15,15572,NO,ACTIVO,ND,2012-12-01,Mujer,ND,BOYACA,PUERTO BOYACA,ND,MONETARIO,NUTRICIÓN,CC,SISBEN,4.500.001 - 6.000.000,0 - 1.300.000,2018-01-01,50-65,SI,1
NO,15,15572,NO,ACTIVO,ND,2012-12-01,Hombre,PRIMARIA,BOYACA,PUERTO BOYACA,ND,ND,ND,RC,SISBEN,0 - 1.500.000,0 - 1.300.000,1900-01-01,06-17,NO,7
NO,15,15572,NO,ACTIVO,ND,2012-12-01,Hombre,ND,BOYACA,PUERTO BOYACA,ND,ND,ND,RC,DESPLAZADOS,0 - 1.500.000,0 - 1.300.000,1900-01-01,18-29,NO,1
NO,15,15572,NO,ACTIVO,ND,2017-01-01,Mujer,ND,BOYACA,PUERTO BOYACA,ND,MONETARIO,ND,CC,DESPLAZADOS,0 - 1.500.000,0 - 1.300.000,2018-01-01,30-49,SI,1
NO,15,15572,NO,NO ACTIVO,ND,2012-12-01,Hombre,ND,BOYACA,PUERTO BOYACA,Colombia,ND,TRANSICIÓNNUTRICIÓN MENOR,RC,ND,0 - 1.500.000,0 - 1.300.000,1900-01-01,06-17,NO,5
NO,15,15572,NO,ACTIVO,ND,2018-09-01,Mujer,ND,BOYACA,PUERTO BOYACA,ND,ND,ND,RC,UNIDOS,0 - 1.500.000,0 - 1.300.000,1900-01-01,06-17,NO,1
NO,15,15572,NO,ACTIVO,ND,2018-08-01,Hombre,ND,BOYACA,PUERTO BOYACA,ND,ND,ND,RC,UNIDOS,0 - 1.500.000,0 - 1.300.000,1900-01-01,06-17,NO,1
NO,15,15572,NO,ACTIVO,AFROCOLOMBIANO – NEGRO,2016-05-01,Mujer,ND,BOYACA,PUERTO BOYACA,ND,ND,ND,TI,UNIDOS,0 - 1.500.000,0 - 1.300.000,1900-01-01,18-29,NO,1
SI,15,15572,NO,NO ACTIVO,ROM O GITANO,2012-12-01,Mujer,ND,BOYACA,PUERTO BOYACA,ND,MONETARIO,ND,CC,UNIDOS,0 - 1.500.000,0 - 1.300.000,2017-01-01,50-65,SI,1
NO,15,15572,NO,ACTIVO,ND,2012-11-01,Mujer,SECUNDARIA,BOYACA,PUERTO BOYACA,ND,ND,EDUCACIÓN SECUNDARIA,TI,DESPLAZADOS,0 - 1.500.000,0 - 1.300.000,1900-01-01,18-29,NO,9
NO,15,15572,NO,NO ACTIVO,ND,2012-12-01,Mujer,ND,BOYACA,PUERTO BOYACA,ND,ND,ND,CC,UNIDOS,0 - 1.500.000,0 - 1.300.000,1900-01-01,30-49,NO,2
NO,15,15572,NO,NO ACTIVO,ND,2012-12-01,Mujer,ND,BOYACA,PUERTO BOYACA,Colombia,ND,EDUCACIÓN PRIMARIA,RC,ND,0 - 1.500.000,0 - 1.300.000,1900-01-01,06-17,NO,7
SI,15,15572,NO,ACTIVO,ND,2015-02-01,Mujer,ND,BOYACA,PUERTO BOYACA,ND,MONETARIO,NUTRICIÓN,CC,DESPLAZADOS,3.000.001 - 4.500.000,0 - 1.300.000,2018-01-01,30-49,SI,1
SI,15,15572,NO,ACTIVO,ND,2016-10-01,Mujer,ND,BOYACA,PUERTO BOYACA,ND,MONETARIO,NUTRICIÓN,CC,DESPLAZADOS,1.500.001 - 3.000.000,0 - 1.300.000,2018-01-01,>65,SI,1
NO,15,15572,NO,ACTIVO,ND,2013-08-01,Hombre,PRIMARIA,BOYACA,PUERTO BOYACA,ND,ND,EDUCACIÓN PRIMARIA,TI,DESPLAZADOS,0 - 1.500.000,0 - 1.300.000,1900-01-01,06-17,NO,2
NO,15,15572,NO,ACTIVO,ND,2018-04-01,Hombre,ND,BOYACA,PUERTO BOYACA,ND,ND,NUTRICIÓN MENOR,RC,DESPLAZADOS,0 - 1.500.000,0 - 1.300.000,1900-01-01,06-17,NO,1
NO,15,15572,NO,NO ACTIVO,ND,2012-12-01,Hombre,ND,BOYACA,PUERTO BOYACA,Colombia,ND,ND,RC,SISBEN,0 - 1.500.000,0 - 1.300.000,1900-01-01,18-29,NO,1
NO,15,15572,NO,NO ACTIVO,ND,2012-12-01,Mujer,ND,BOYACA,PUERTO BOYACA,Colombia,ND,ND,CC,UNIDOS,0 - 1.500.000,0 - 1.300.000,1900-01-01,30-49,NO,1
NO,15,15572,NO,ACTIVO,ND,2017-09-01,Mujer,ND,BOYACA,PUERTO BOYACA,ND,ND,NUTRICIÓN MENOR,RC,SISBEN,0 - 1.500.000,0 - 1.300.000,1900-01-01,06-17,NO,7
NO,15,15572,NO,ACTIVO,ND,2012-12-01,Mujer,SECUNDARIA,BOYACA,PUERTO BOYACA,ND,ND,EDUCACIÓN SECUNDARIA,TI,DESPLAZADOS,0 - 1.500.000,0 - 1.300.000,1900-01-01,18-29,NO,89
NO,15,15572,NO,ACTIVO,ND,2017-10-01,Mujer,ND,BOYACA,PUERTO BOYACA,ND,ND,NUTRICIÓN MENOR,RC,SISBEN,0 - 1.500.000,0 - 1.300.000,1900-01-01,06-17,NO,6
SI,15,15572,NO,ACTIVO,ND,2012-12-01,Mujer,ND,BOYACA,PUERTO BOYACA,ND,MONETARIO,ND,CC,SISBEN,0 - 1.500.000,0 - 1.300.000,2018-01-01,30-49,SI,5
NO,15,15572,NO,ACTIVO,ND,2015-07-01,Hombre,SECUNDARIA,BOYACA,PUERTO BOYACA,ND,ND,EDUCACIÓN SECUNDARIA,TI,SISBEN,0 - 1.500.000,0 - 1.300.000,1900-01-01,18-29,NO,1
SI,15,15572,NO,ACTIVO,ND,2012-12-01,Hombre,ND,BOYACA,PUERTO BOYACA,ND,MONETARIO,NUTRICIÓN,CC,DESPLAZADOS,> 6.000.001,0 - 1.300.000,2018-01-01,50-65,SI,1
NO,15,15572,NO,ACTIVO,ND,2013-06-01,Hombre,SECUNDARIA,BOYACA,PUERTO BOYACA,ND,ND,EDUCACIÓN SECUNDARIA,TI,DESPLAZADOS,0 - 1.500.000,0 - 1.300.000,1900-01-01,06-17,NO,1
NO,15,15572,NO,ACTIVO,ND,2012-10-01,Hombre,PRIMARIA,BOYACA,PUERTO BOYACA,ND,ND,EDUCACIÓN PRIMARIA,RC,SISBEN,0 - 1.500.000,0 - 1.300.000,1900-01-01,18-29,NO,1
NO,15,15572,NO,NO ACTIVO,ND,2012-12-01,Mujer,ND,BOYACA,PUERTO BOYACA,ND,MONETARIO,ND,CC,UNIDOS,0 - 1.500.000,0 - 1.300.000,2013-01-01,50-65,NO,1
NO,15,15572,NO,ACTIVO,ND,2012-12-01,Mujer,SECUNDARIA,BOYACA,PUERTO BOYACA,ND,ND,EDUCACIÓN SECUNDARIA,TI,UNIDOS,0 - 1.500.000,0 - 1.300.000,1900-01-01,18-29,NO,308
ND,15,15572,ND,NO ACTIVO,ND,2012-12-01,Hombre,ND,BOYACA,PUERTO BOYACA,Colombia,ND,TRANSICIÓNNUTRICIÓN MENOR,TI,ND,0 - 1.500.000,0 - 1.300.000,1900-01-01,06-17,NO,1
NO,15,15572,NO,ACTIVO,AFROCOLOMBIANO – NEGRO,2012-12-01,Mujer,PRIMARIA,BOYACA,PUERTO BOYACA,ND,ND,EDUCACIÓN PRIMARIA,TI,UNIDOS,0 - 1.500.000,0 - 1.300.000,1900-01-01,18-29,NO,4
SI,15,15572,NO,ACTIVO,ND,2012-12-01,Mujer,ND,BOYACA,PUERTO BOYACA,ND,MONETARIO,NUTRICIÓN,CC,DESPLAZADOS,> 6.000.001,0 - 1.300.000,2017-01-01,50-65,SI,1
NO,15,15572,NO,ACTIVO,ND,2015-09-01,Mujer,ND,BOYACA,PUERTO BOYACA,ND,MONETARIO,ND,CC,SISBEN,1.500.001 - 3.000.000,0 - 1.300.000,2018-01-01,30-49,SI,1
NO,15,15572,NO,ACTIVO,ND,2012-12-01,Hombre,SECUNDARIA,BOYACA,PUERTO BOYACA,ND,ND,ND,TI,DESPLAZADOS,0 - 1.500.000,0 - 1.300.000,1900-01-01,18-29,NO,3
NO,15,15572,NO,NO ACTIVO,ND,2012-12-01,Hombre,ND,BOYACA,PUERTO BOYACA,Colombia,ND,ND,TI,ND,0 - 1.500.000,0 - 1.300.000,1900-01-01,06-17,NO,1
,15,15572,NO,ACTIVO,ND,2018-04-01,Hombre,ND,BOYACA,PUERTO BOYACA,ND,ND,NUTRICIÓN MENOR,RC,UNIDOS,0 - 1.500.000,0 - 1.300.000,1900-01-01,06-17,NO,1
NO,15,15572,NO,ACTIVO,ND,2012-12-01,Hombre,PRIMARIA,BOYACA,PUERTO BOYACA,ND,ND,EDUCACIÓN PRIMARIA,TI,UNIDOS,0 - 1.500.000,0 - 1.300.000,1900-01-01,06-17,NO,130
ND,15,15572,ND,ACTIVO,INDIGENA,2012-12-01,Mujer,ND,BOYACA,PUERTO BOYACA,Colombia,ND,EDUCACIÓN PRIMARIA,RC,DESPLAZADOS,0 - 1.500.000,0 - 1.300.000,1900-01-01,18-29,NO,1
NO,15,15572,NO,ACTIVO,ND,2012-12-01,Mujer,SECUNDARIA,BOYACA,PUERTO BOYACA,ND,ND,EDUCACIÓN SECUNDARIA,RC,UNIDOS,0 - 1.500.000,0 - 1.300.000,1900-01-01,06-17,NO,1
NO,15,15572,SI,ACTIVO,ND,2012-12-01,Hombre,PRIMARIA,BOYACA,PUERTO BOYACA,ND,ND,EDUCACIÓN PRIMARIA,TI,UNIDOS,0 - 1.500.000,0 - 1.300.000,1900-01-01,18-29,NO,2
NO,15,15572,NO,ACTIVO,ND,2012-11-01,Mujer,SECUNDARIA,BOYACA,PUERTO BOYACA,ND,ND,EDUCACIÓN SECUNDARIA,RC,DESPLAZADOS,0 - 1.500.000,0 - 1.300.000,1900-01-01,18-29,NO,1
NO,15,15572,NO,ACTIVO,ND,2016-11-01,Hombre,SECUNDARIA,BOYACA,PUERTO BOYACA,ND,ND,EDUCACIÓN SECUNDARIA,TI,DESPLAZADOS,0 - 1.500.000,0 - 1.300.000,1900-01-01,18-29,NO,1
NO,15,15572,NO,ACTIVO,ND,2013-01-01,Hombre,SECUNDARIA,BOYACA,PUERTO BOYACA,ND,ND,EDUCACIÓN SECUNDARIA,TI,DESPLAZADOS,0 - 1.500.000,0 - 1.300.000,1900-01-01,18-29,NO,4
NO,15,15572,SI,ACTIVO,ND,2012-12-01,Hombre,PRIMARIA,BOYACA,PUERTO BOYACA,ND,ND,EDUCACIÓN PRIMARIA,TI,SISBEN,0 - 1.500.000,0 - 1.300.000,1900-01-01,18-29,NO,1
NO,15,15572,NO,ACTIVO,ND,2012-12-01,Mujer,ND,BOYACA,PUERTO BOYACA,Colombia,ND,EDUCACIÓN PRIMARIA,TI,ND,0 - 1.500.000,0 - 1.300.000,1900-01-01,18-29,NO,4
NO,15,15572,NO,ACTIVO,ND,2013-08-01,Hombre,PRIMARIA,BOYACA,PUERTO BOYACA,ND,ND,EDUCACIÓN PRIMARIA,TI,DESPLAZADOS,0 - 1.500.000,0 - 1.300.000,1900-01-01,18-29,NO,1
NO,15,15572,NO,ACTIVO,ND,2012-12-01,Mujer,PRIMARIA,BOYACA,PUERTO BOYACA,ND,ND,ND,TI,SISBEN,0 - 1.500.000,0 - 1.300.000,1900-01-01,18-29,NO,2
NO,15,15572,NO,ACTIVO,ND,2016-10-01,Hombre,PRIMARIA,BOYACA,PUERTO BOYACA,ND,ND,EDUCACIÓN PRIMARIA,TI,DESPLAZADOS,0 - 1.500.000,0 - 1.300.000,1900-01-01,18-29,NO,1
SI,15,15572,NO,ACTIVO,ND,2013-06-01,Mujer,ND,BOYACA,PUERTO BOYACA,ND,MONETARIO,ND,CC,DESPLAZADOS,1.500.001 - 3.000.000,0 - 1.300.000,2018-01-01,50-65,SI,1
NO,15,15572,NO,ACTIVO,ND,2017-10-01,Mujer,ND,BOYACA,PUERTO BOYACA,ND,ND,NUTRICIÓN MENOR,RC,UNIDOS,0 - 1.500.000,0 - 1.300.000,1900-01-01,06-17,NO,2
NO,15,15572,NO,ACTIVO,ND,2017-08-01,Mujer,ND,BOYACA,PUERTO BOYACA,ND,ND,NUTRICIÓN MENOR,RC,DESPLAZADOS,0 - 1.500.000,0 - 1.300.000,1900-01-01,06-17,NO,1
NO,15,15572,NO,ACTIVO,ND,2018-05-01,Hombre,ND,BOYACA,PUERTO BOYACA,ND,ND,NUTRICIÓN MENOR,RC,SISBEN,0 - 1.500.000,0 - 1.300.000,1900-01-01,06-17,NO,4
SI,15,15572,NO,ACTIVO,AFROCOLOMBIANO – NEGRO,2012-12-01,Mujer,ND,BOYACA,PUERTO BOYACA,ND,MONETARIO,NUTRICIÓN,CC,UNIDOS,> 6.000.001,0 - 1.300.000,2018-01-01,50-65,SI,1
NO,15,15572,NO,NO ACTIVO,ND,2012-12-01,Mujer,ND,BOYACA,PUERTO BOYACA,Colombia,ND,ND,TI,ND,0 - 1.500.000,0 - 1.300.000,1900-01-01,06-17,NO,1
NO,15,15572,NO,ACTIVO,ND,2012-12-01,Mujer,ND,BOYACA,PUERTO BOYACA,ND,ND,ND,CC,SISBEN,0 - 1.500.000,0 - 1.300.000,1900-01-01,18-29,NO,44
NO,15,15572,NO,ACTIVO,ND,2017-12-01,Mujer,ND,BOYACA,PUERTO BOYACA,ND,ND,NUTRICIÓN MENOR,RC,UNIDOS,0 - 1.500.000,0 - 1.300.000,1900-01-01,06-17,NO,3
NO,15,15572,NO,ACTIVO,ND,2013-06-01,Hombre,SECUNDARIA,BOYACA,PUERTO BOYACA,ND,ND,EDUCACIÓN SECUNDARIA,TI,DESPLAZADOS,0 - 1.500.000,0 - 1.300.000,1900-01-01,18-29,NO,5
NO,15,15572,NO,ACTIVO,ND,2012-12-01,Hombre,ND,BOYACA,PUERTO BOYACA,ND,ND,ND,TI,UNIDOS,0 - 1.500.000,0 - 1.300.000,1900-01-01,18-29,NO,146
NO,15,15572,NO,ACTIVO,ND,2017-09-01,Hombre,ND,BOYACA,PUERTO BOYACA,ND,ND,NUTRICIÓN MENOR,RC,DESPLAZADOS,0 - 1.500.000,0 - 1.300.000,1900-01-01,06-17,NO,4
NO,15,15572,NO,ACTIVO,ND,2017-05-01,Mujer,ND,BOYACA,PUERTO BOYACA,ND,ND,NUTRICIÓN MENOR,RC,UNIDOS,0 - 1.500.000,0 - 1.300.000,1900-01-01,06-17,NO,2
NO,15,15572,NO,NO ACTIVO,ND,2012-12-01,Mujer,ND,BOYACA,PUERTO BOYACA,ND,ND,ND,RC,SISBEN,0 - 1.500.000,0 - 1.300.000,1900-01-01,06-17,NO,2
NO,15,15572,NO,ACTIVO,ND,2012-12-01,Hombre,PRIMARIA,BOYACA,PUERTO BOYACA,ND,ND,EDUCACIÓN PRIMARIA,RC,UNIDOS,0 - 1.500.000,0 - 1.300.000,1900-01-01,18-29,NO,3
NO,15,15572,NO,ACTIVO,ND,2012-12-01,Mujer,ND,BOYACA,PUERTO BOYACA,ND,ND,NUTRICIÓN MENOR,RC,ND,0 - 1.500.000,0 - 1.300.000,1900-01-01,06-17,NO,2
NO,15,15572,NO,ACTIVO,ND,2012-12-01,Mujer,ND,BOYACA,PUERTO BOYACA,ND,ND,ND,CC,SISBEN,0 - 1.500.000,0 - 1.300.000,1900-01-01,30-49,NO,3
NO,15,15572,NO,NO ACTIVO,ND,2012-12-01,Mujer,ND,BOYACA,PUERTO BOYACA,ND,MONETARIO,ND,CC,UNIDOS,4.500.001 - 6.000.000,0 - 1.300.000,2017-01-01,30-49,SI,1
SI,15,15572,NO,ACTIVO,ND,2012-12-01,Mujer,ND,BOYACA,PUERTO BOYACA,ND,MONETARIO,ND,CC,UNIDOS,1.500.001 - 3.000.000,0 - 1.300.000,2018-01-01,50-65,SI,8
NO,15,15572,NO,ACTIVO,ND,2012-11-01,Mujer,SECUNDARIA,BOYACA,PUERTO BOYACA,ND,ND,EDUCACIÓN SECUNDARIA,TI,SISBEN,0 - 1.500.000,0 - 1.300.000,1900-01-01,18-29,NO,5
NO,15,15572,NO,ACTIVO,ND,2012-12-01,Mujer,PRIMARIA,BOYACA,PUERTO BOYACA,ND,ND,EDUCACIÓN PRIMARIA,TI,SISBEN,0 - 1.500.000,0 - 1.300.000,1900-01-01,06-17,NO,342
NO,15,15572,NO,ACTIVO,ND,2012-12-01,Hombre,SECUNDARIA,BOYACA,PUERTO BOYACA,ND,ND,EDUCACIÓN SECUNDARIA,RC,SISBEN,0 - 1.500.000,0 - 1.300.000,1900-01-01,06-17,NO,4
NO,15,15572,NO,ACTIVO,ND,2018-09-01,Mujer,ND,BOYACA,PUERTO BOYACA,ND,ND,NUTRICIÓN MENOR,RC,DESPLAZADOS,0 - 1.500.000,0 - 1.300.000,1900-01-01,06-17,NO,2
NO,15,15572,NO,ACTIVO,ND,2014-10-01,Mujer,PRIMARIA,BOYACA,PUERTO BOYACA,ND,ND,EDUCACIÓN PRIMARIA,TI,DESPLAZADOS,0 - 1.500.000,0 - 1.300.000,1900-01-01,06-17,NO,1
NO,15,15572,NO,ACTIVO,ROM O GITANO,2012-12-01,Hombre,PRIMARIA,BOYACA,PUERTO BOYACA,ND,ND,EDUCACIÓN PRIMARIA,TI,UNIDOS,0 - 1.500.000,0 - 1.300.000,1900-01-01,18-29,NO,1
NO,15,15572,NO,ACTIVO,ND,2017-12-01,Mujer,ND,BOYACA,PUERTO BOYACA,ND,ND,NUTRICIÓN MENOR,RC,SISBEN,0 - 1.500.000,0 - 1.300.000,1900-01-01,06-17,NO,6
,15,15572,NO,NO ACTIVO,ND,2012-12-01,Hombre,SIN ESPECIFICAR,BOYACA,PUERTO BOYACA,ND,ND,ND,CC,SISBEN,0 - 1.500.000,0 - 1.300.000,1900-01-01,30-49,NO,1
NO,15,15572,NO,ACTIVO,ND,2012-10-01,Mujer,ND,BOYACA,PUERTO BOYACA,ND,ND,ND,TI,DESPLAZADOS,0 - 1.500.000,0 - 1.300.000,1900-01-01,06-17,NO,2
NO,15,15572,NO,ACTIVO,ND,2016-11-01,Mujer,PRIMARIA,BOYACA,PUERTO BOYACA,ND,ND,EDUCACIÓN PRIMARIA,TI,DESPLAZADOS,0 - 1.500.000,0 - 1.300.000,1900-01-01,06-17,NO,1
SI,15,15572,NO,NO ACTIVO,ND,2012-12-01,Mujer,ND,BOYACA,PUERTO BOYACA,Colombia,MONETARIO,ND,CC,ND,0 - 1.500.000,0 - 1.300.000,2014-01-01,50-65,SI,5
NO,15,15572,NO,ACTIVO,AFROCOLOMBIANO – NEGRO,2012-12-01,Hombre,PRIMARIA,BOYACA,PUERTO BOYACA,ND,ND,EDUCACIÓN PRIMARIA,RC,UNIDOS,0 - 1.500.000,0 - 1.300.000,1900-01-01,06-17,NO,2
NO,15,15572,NO,NO ACTIVO,ND,2012-12-01,Hombre,ND,BOYACA,PUERTO BOYACA,Colombia,ND,EDUCACIÓN PRIMARIA,TI,UNIDOS,0 - 1.500.000,0 - 1.300.000,1900-01-01,18-29,NO,1
NO,15,15572,NO,ACTIVO,ND,2012-12-01,Mujer,ND,BOYACA,PUERTO BOYACA,ND,MONETARIO,ND,CC,DESPLAZADOS,1.500.001 - 3.000.000,0 - 1.300.000,2018-01-01,30-49,SI,1
NO,15,15572,NO,ACTIVO,ND,2012-12-01,Hombre,PRIMARIA,BOYACA,PUERTO BOYACA,ND,ND,EDUCACIÓN PRIMARIA,RC,SISBEN,0 - 1.500.000,0 - 1.300.000,1900-01-01,06-17,NO,226
NO,15,15572,NO,NO ACTIVO,ND,2012-12-01,Hombre,ND,BOYACA,PUERTO BOYACA,Colombia,ND,ND,CC,ND,0 - 1.500.000,0 - 1.300.000,1900-01-01,18-29,NO,1
NO,15,15572,NO,ACTIVO,ND,2012-12-01,Hombre,SECUNDARIA,BOYACA,PUERTO BOYACA,ND,ND,EDUCACIÓN SECUNDARIA,TI,UNIDOS,0 - 1.500.000,0 - 1.300.000,1900-01-01,06-17,NO,6
NO,15,15572,NO,ACTIVO,ND,2016-11-01,Mujer,PRIMARIA,BOYACA,PUERTO BOYACA,ND,ND,EDUCACIÓN PRIMARIA,TI,DESPLAZADOS,0 - 1.500.000,0 - 1.300.000,1900-01-01,18-29,NO,1
SI,15,15572,NO,ACTIVO,ND,2012-12-01,Mujer,ND,BOYACA,PUERTO BOYACA,ND,MONETARIO,ND,CC,SISBEN,0 - 1.500.000,0 - 1.300.000,2018-01-01,50-65,SI,6
NO,15,15572,SI,ACTIVO,ND,2012-12-01,Mujer,PRIMARIA,BOYACA,PUERTO BOYACA,ND,ND,EDUCACIÓN PRIMARIA,TI,UNIDOS,0 - 1.500.000,0 - 1.300.000,1900-01-01,06-17,NO,2
SI,15,15572,NO,ACTIVO,ND,2012-12-01,Mujer,ND,BOYACA,PUERTO BOYACA,ND,MONETARIO,ND,CC,UNIDOS,0 - 1.500.000,0 - 1.300.000,2018-01-01,50-65,SI,7
SI,15,15572,NO,ACTIVO,ND,2012-12-01,Mujer,ND,BOYACA,PUERTO BOYACA,ND,MONETARIO,ND,CC,DESPLAZADOS,0 - 1.500.000,0 - 1.300.000,2018-01-01,>65,SI,1
NO,15,15572,NO,NO ACTIVO,ND,2012-12-01,Hombre,ND,BOYACA,PUERTO BOYACA,Colombia,ND,ND,CC,UNIDOS,0 - 1.500.000,0 - 1.300.000,1900-01-01,30-49,NO,1
NO,15,15572,NO,ACTIVO,ND,2012-12-01,Mujer,ND,BOYACA,PUERTO BOYACA,ND,ND,ND,RC,DESPLAZADOS,0 - 1.500.000,0 - 1.300.000,1900-01-01,18-29,NO,2
NO,15,15572,NO,ACTIVO,ND,2012-12-01,Mujer,ND,BOYACA,PUERTO BOYACA,ND,ND,ND,TI,SISBEN,0 - 1.500.000,0 - 1.300.000,1900-01-01,06-17,NO,30
NO,15,15572,NO,ACTIVO,ND,2018-01-01,Mujer,ND,BOYACA,PUERTO BOYACA,ND,ND,NUTRICIÓN MENOR,RC,UNIDOS,0 - 1.500.000,0 - 1.300.000,1900-01-01,06-17,NO,2
NO,15,15572,NO,ACTIVO,ND,2017-05-01,Mujer,ND,BOYACA,PUERTO BOYACA,ND,ND,NUTRICIÓN MENOR,RC,DESPLAZADOS,0 - 1.500.000,0 - 1.300.000,1900-01-01,06-17,NO,3
NO,15,15572,NO,ACTIVO,ND,2013-10-01,Hombre,SECUNDARIA,BOYACA,PUERTO BOYACA,ND,ND,EDUCACIÓN SECUNDARIA,TI,UNIDOS,0 - 1.500.000,0 - 1.300.000,1900-01-01,18-29,NO,2
NO,15,15572,NO,ACTIVO,AFROCOLOMBIANO – NEGRO,2012-12-01,Mujer,ND,BOYACA,PUERTO BOYACA,ND,ND,ND,TI,SISBEN,0 - 1.500.000,0 - 1.300.000,1900-01-01,18-29,NO,2
NO,15,15572,NO,ACTIVO,ND,2012-12-01,Hombre,ND,BOYACA,PUERTO BOYACA,ND,ND,NUTRICIÓN MENOR,RC,SISBEN,0 - 1.500.000,0 - 1.300.000,1900-01-01,06-17,NO,7
SI,15,15572,NO,NO ACTIVO,ND,2012-12-01,Mujer,ND,BOYACA,PUERTO BOYACA,Colombia,MONETARIO,ND,CC,ND,0 - 1.500.000,0 - 1.300.000,2014-01-01,50-65,SI,9
NO,15,15572,NO,ACTIVO,ND,2012-12-01,Mujer,ND,BOYACA,PUERTO BOYACA,ND,ND,EDUCACIÓN PRIMARIA,RC,ND,0 - 1.500.000,0 - 1.300.000,1900-01-01,06-17,NO,1
NO,15,15572,NO,ACTIVO,ND,2015-05-01,Mujer,SECUNDARIA,BOYACA,PUERTO BOYACA,ND,ND,EDUCACIÓN SECUNDARIA,TI,DESPLAZADOS,0 - 1.500.000,0 - 1.300.000,1900-01-01,18-29,NO,1
NO,15,15572,NO,ACTIVO,ND,2012-12-01,Mujer,ND,BOYACA,PUERTO BOYACA,ND,ND,ND,RC,DESPLAZADOS,0 - 1.500.000,0 - 1.300.000,1900-01-01,06-17,NO,1
NO,15,15572,NO,NO ACTIVO,ND,2012-12-01,Hombre,ND,BOYACA,PUERTO BOYACA,ND,ND,ND,TI,SISBEN,0 - 1.500.000,0 - 1.300.000,1900-01-01,18-29,NO,188
NO,15,15572,NO,ACTIVO,AFROCOLOMBIANO – NEGRO,2012-12-01,Hombre,PRIMARIA,BOYACA,PUERTO BOYACA,ND,ND,EDUCACIÓN PRIMARIA,TI,SISBEN,0 - 1.500.000,0 - 1.300.000,1900-01-01,06-17,NO,2
NO,15,15572,NO,ACTIVO,ND,2017-02-01,Mujer,PRIMARIA,BOYACA,PUERTO BOYACA,ND,ND,EDUCACIÓN PRIMARIA,TI,DESPLAZADOS,0 - 1.500.000,0 - 1.300.000,1900-01-01,06-17,NO,2
NO,15,15572,NO,ACTIVO,ND,2018-09-01,Hombre,ND,BOYACA,PUERTO BOYACA,ND,ND,ND,RC,UNIDOS,0 - 1.500.000,0 - 1.300.000,1900-01-01,06-17,NO,3
NO,15,15572,NO,ACTIVO,ND,2012-12-01,Hombre,ND,BOYACA,PUERTO BOYACA,ND,ND,ND,RC,UNIDOS,0 - 1.500.000,0 - 1.300.000,1900-01-01,06-17,NO,23
NO,15,15572,NO,ACTIVO,ND,2013-10-01,Mujer,SECUNDARIA,BOYACA,PUERTO BOYACA,ND,ND,EDUCACIÓN SECUNDARIA,TI,DESPLAZADOS,0 - 1.500.000,0 - 1.300.000,1900-01-01,18-29,NO,3
NO,15,15572,NO,ACTIVO,ND,2018-07-01,Mujer,ND,BOYACA,PUERTO BOYACA,ND,ND,NUTRICIÓN MENOR,RC,UNIDOS,0 - 1.500.000,0 - 1.300.000,1900-01-01,06-17,NO,1
SI,15,15572,NO,ACTIVO,ND,2016-05-01,Mujer,ND,BOYACA,PUERTO BOYACA,ND,MONETARIO,NUTRICIÓN,CC,DESPLAZADOS,1.500.001 - 3.000.000,0 - 1.300.000,2018-01-01,30-49,SI,1
NO,15,15572,NO,ACTIVO,ND,2016-09-01,Hombre,PRIMARIA,BOYACA,PUERTO BOYACA,ND,ND,EDUCACIÓN PRIMARIA,TI,DESPLAZADOS,0 - 1.500.000,0 - 1.300.000,1900-01-01,18-29,NO,2
NO,15,15572,NO,NO ACTIVO,ND,2012-12-01,Hombre,ND,BOYACA,PUERTO BOYACA,ND,ND,ND,CC,UNIDOS,0 - 1.500.000,0 - 1.300.000,2015-01-01,30-49,SI,1
NO,15,15572,NO,ACTIVO,ND,2014-05-01,Mujer,PRIMARIA,BOYACA,PUERTO BOYACA,ND,ND,EDUCACIÓN PRIMARIA,TI,DESPLAZADOS,0 - 1.500.000,0 - 1.300.000,1900-01-01,18-29,NO,1
NO,15,15572,NO,NO ACTIVO,ND,2012-12-01,Hombre,PRIMARIA,BOYACA,PUERTO BOYACA,ND,ND,ND,TI,SISBEN,0 - 1.500.000,0 - 1.300.000,1900-01-01,18-29,NO,2
NO,15,15572,NO,ACTIVO,ND,2012-12-01,Hombre,ND,BOYACA,PUERTO BOYACA,Colombia,ND,ND,RC,ND,0 - 1.500.000,0 - 1.300.000,1900-01-01,18-29,NO,1
NO,15,15572,NO,NO ACTIVO,ND,2012-12-01,Mujer,ND,BOYACA,PUERTO BOYACA,ND,MONETARIO,ND,CC,SISBEN,3.000.001 - 4.500.000,0 - 1.300.000,2015-01-01,30-49,NO,1
NO,15,15572,NO,ACTIVO,ROM O GITANO,2012-12-01,Hombre,PRIMARIA,BOYACA,PUERTO BOYACA,ND,ND,EDUCACIÓN PRIMARIA,TI,UNIDOS,0 - 1.500.000,0 - 1.300.000,1900-01-01,06-17,NO,3
NO,15,15572,NO,NO ACTIVO,ND,2012-12-01,Mujer,ND,BOYACA,PUERTO BOYACA,ND,ND,EDUCACIÓN PRIMARIA,RC,ND,0 - 1.500.000,0 - 1.300.000,1900-01-01,18-29,NO,1
ND,15,15572,NO,ACTIVO,AFROCOLOMBIANO – NEGRO,2012-12-01,Hombre,ND,BOYACA,PUERTO BOYACA,ND,ND,EDUCACIÓN SECUNDARIA,RC,SISBEN,0 - 1.500.000,0 - 1.300.000,1900-01-01,18-29,NO,1
NO,15,15572,NO,NO ACTIVO,AFROCOLOMBIANO – NEGRO,2012-12-01,Mujer,PRIMARIA,BOYACA,PUERTO BOYACA,ND,ND,ND,TI,DESPLAZADOS,0 - 1.500.000,0 - 1.300.000,1900-01-01,18-29,NO,1
SI,15,15572,NO,ACTIVO,AFROCOLOMBIANO – NEGRO,2012-12-01,Mujer,ND,BOYACA,PUERTO BOYACA,ND,MONETARIO,ND,CC,UNIDOS,0 - 1.500.000,0 - 1.300.000,2018-01-01,50-65,SI,4
NO,15,15572,NO,ACTIVO,ND,2013-04-01,Mujer,SECUNDARIA,BOYACA,PUERTO BOYACA,ND,ND,EDUCACIÓN SECUNDARIA,TI,DESPLAZADOS,0 - 1.500.000,0 - 1.300.000,1900-01-01,18-29,NO,2
,15,15572,NO,ACTIVO,ND,2018-06-01,Mujer,ND,BOYACA,PUERTO BOYACA,ND,ND,NUTRICIÓN MENOR,RC,SISBEN,0 - 1.500.000,0 - 1.300.000,1900-01-01,06-17,NO,1
NO,15,15572,NO,ACTIVO,ND,2016-12-01,Mujer,PRIMARIA,BOYACA,PUERTO BOYACA,ND,ND,EDUCACIÓN PRIMARIA,TI,DESPLAZADOS,0 - 1.500.000,0 - 1.300.000,1900-01-01,18-29,NO,1
NO,15,15572,NO,ACTIVO,ND,2016-06-01,Hombre,ND,BOYACA,PUERTO BOYACA,ND,ND,ND,TI,DESPLAZADOS,0 - 1.500.000,0 - 1.300.000,1900-01-01,18-29,NO,1
ND,15,15572,ND,ACTIVO,ND,2012-11-01,Mujer,ND,BOYACA,PUERTO BOYACA,Colombia,ND,EDUCACIÓN SECUNDARIA,TI,UNIDOS,0 - 1.500.000,0 - 1.300.000,1900-01-01,18-29,NO,1
,15,15572,NO,ACTIVO,ND,2018-04-01,Hombre,ND,BOYACA,PUERTO BOYACA,ND,ND,NUTRICIÓN MENOR,RC,SISBEN,0 - 1.500.000,0 - 1.300.000,1900-01-01,06-17,NO,1
NO,15,15572,NO,ACTIVO,ND,2012-12-01,Hombre,ND,BOYACA,PUERTO BOYACA,ND,ND,EDUCACIÓN PRIMARIA,RC,UNIDOS,0 - 1.500.000,0 - 1.300.000,1900-01-01,18-29,NO,1
NO,15,15572,NO,ACTIVO,ND,2012-12-01,Mujer,ND,BOYACA,PUERTO BOYACA,ND,ND,ND,TI,DESPLAZADOS,0 - 1.500.000,0 - 1.300.000,1900-01-01,06-17,NO,4
NO,15,15572,NO,ACTIVO,ND,2012-12-01,Hombre,ND,BOYACA,PUERTO BOYACA,ND,ND,ND,TI,UNIDOS,0 - 1.500.000,0 - 1.300.000,1900-01-01,06-17,NO,11
SI,15,15572,NO,ACTIVO,ND,2013-10-01,Mujer,ND,BOYACA,PUERTO BOYACA,ND,MONETARIO,ND,CC,DESPLAZADOS,3.000.001 - 4.500.000,0 - 1.300.000,2018-01-01,30-49,SI,1
ND,15,15572,NO,ACTIVO,AFROCOLOMBIANO – NEGRO,2012-12-01,Mujer,ND,BOYACA,PUERTO BOYACA,ND,MONETARIO,ND,TI,SISBEN,3.000.001 - 4.500.000,0 - 1.300.000,2018-01-01,30-49,SI,1
,15,15572,NO,ACTIVO,AFROCOLOMBIANO – NEGRO,2017-09-01,Mujer,SIN ESPECIFICAR,BOYACA,PUERTO BOYACA,ND,ND,EDUCACIÓN SECUNDARIA,TI,UNIDOS,0 - 1.500.000,0 - 1.300.000,1900-01-01,18-29,NO,1
NO,15,15572,NO,NO ACTIVO,AFROCOLOMBIANO – NEGRO,2012-12-01,Hombre,ND,BOYACA,PUERTO BOYACA,ND,ND,ND,TI,UNIDOS,0 - 1.500.000,0 - 1.300.000,1900-01-01,18-29,NO,43
NO,15,15572,NO,NO ACTIVO,AFROCOLOMBIANO – NEGRO,2012-12-01,Mujer,ND,BOYACA,PUERTO BOYACA,ND,ND,ND,CC,UNIDOS,0 - 1.500.000,0 - 1.300.000,1900-01-01,18-29,NO,7
NO,15,15572,NO,ACTIVO,ND,2018-02-01,Hombre,ND,BOYACA,PUERTO BOYACA,ND,ND,NUTRICIÓN MENOR,RC,SISBEN,0 - 1.500.000,0 - 1.300.000,1900-01-01,06-17,NO,7
NO,15,15572,NO,NO ACTIVO,ND,2012-12-01,Hombre,ND,BOYACA,PUERTO BOYACA,ND,ND,EDUCACIÓN PRIMARIA,TI,ND,0 - 1.500.000,0 - 1.300.000,1900-01-01,18-29,NO,5
SI,15,15572,NO,ACTIVO,ND,2012-12-01,Hombre,ND,BOYACA,PUERTO BOYACA,ND,MONETARIO,ND,CC,SISBEN,0 - 1.500.000,0 - 1.300.000,2018-01-01,50-65,SI,2
NO,15,15572,NO,ACTIVO,ND,2017-04-01,Mujer,ND,BOYACA,PUERTO BOYACA,Colombia,MONETARIO,ND,CC,DESPLAZADOS,0 - 1.500.000,0 - 1.300.000,2018-01-01,30-49,SI,1
NO,15,15572,NO,ACTIVO,ND,2018-02-01,Mujer,ND,BOYACA,PUERTO BOYACA,ND,ND,NUTRICIÓN MENOR,RC,SISBEN,0 - 1.500.000,0 - 1.300.000,1900-01-01,06-17,NO,7
NO,15,15572,NO,ACTIVO,ND,2016-04-01,Hombre,SECUNDARIA,BOYACA,PUERTO BOYACA,ND,ND,EDUCACIÓN SECUNDARIA,TI,SISBEN,0 - 1.500.000,0 - 1.300.000,1900-01-01,18-29,NO,1
NO,15,15572,NO,ACTIVO,ND,2012-12-01,Mujer,PRIMARIA,BOYACA,PUERTO BOYACA,ND,ND,EDUCACIÓN PRIMARIA,RC,SISBEN,0 - 1.500.000,0 - 1.300.000,1900-01-01,18-29,NO,5
NO,15,15572,NO,ACTIVO,ND,2016-04-01,Hombre,SECUNDARIA,BOYACA,PUERTO BOYACA,ND,ND,EDUCACIÓN SECUNDARIA,TI,DESPLAZADOS,0 - 1.500.000,0 - 1.300.000,1900-01-01,18-29,NO,1
NO,15,15572,NO,ACTIVO,ND,2014-07-01,Mujer,SECUNDARIA,BOYACA,PUERTO BOYACA,ND,ND,EDUCACIÓN SECUNDARIA,TI,DESPLAZADOS,0 - 1.500.000,0 - 1.300.000,1900-01-01,18-29,NO,2
NO,15,15572,NO,ACTIVO,AFROCOLOMBIANO – NEGRO,2012-12-01,Mujer,ND,BOYACA,PUERTO BOYACA,ND,ND,ND,TI,SISBEN,0 - 1.500.000,0 - 1.300.000,1900-01-01,06-17,NO,1
NO,15,15572,NO,ACTIVO,ND,2012-12-01,Hombre,SECUNDARIA,BOYACA,PUERTO BOYACA,ND,ND,EDUCACIÓN SECUNDARIA,RC,UNIDOS,0 - 1.500.000,0 - 1.300.000,1900-01-01,06-17,NO,2
NO,15,15572,NO,NO ACTIVO,ND,2012-12-01,Hombre,ND,BOYACA,PUERTO BOYACA,Colombia,MONETARIO,ND,CC,SISBEN,0 - 1.500.000,0 - 1.300.000,2016-01-01,30-49,SI,1
NO,15,15572,NO,NO ACTIVO,ROM O GITANO,2012-12-01,Hombre,ND,BOYACA,PUERTO BOYACA,ND,ND,ND,CC,UNIDOS,0 - 1.500.000,0 - 1.300.000,1900-01-01,30-49,NO,1
NO,15,15572,NO,ACTIVO,ROM O GITANO,2012-12-01,Mujer,SECUNDARIA,BOYACA,PUERTO BOYACA,ND,ND,EDUCACIÓN SECUNDARIA,TI,UNIDOS,0 - 1.500.000,0 - 1.300.000,1900-01-01,18-29,NO,5
ND,15,15572,NO,ACTIVO,ND,2012-12-01,Mujer,ND,BOYACA,PUERTO BOYACA,ND,ND,EDUCACIÓN SECUNDARIA,TI,DESPLAZADOS,0 - 1.500.000,0 - 1.300.000,1900-01-01,18-29,NO,1
NO,15,15572,NO,NO ACTIVO,ND,2012-12-01,Hombre,ND,BOYACA,PUERTO BOYACA,ND,ND,ND,CC,UNIDOS,0 - 1.500.000,0 - 1.300.000,1900-01-01,18-29,NO,46
NO,15,15572,NO,NO ACTIVO,ND,2012-12-01,Hombre,ND,BOYACA,PUERTO BOYACA,Colombia,ND,ND,TI,ND,0 - 1.500.000,0 - 1.300.000,1900-01-01,18-29,NO,54
NO,15,15572,NO,ACTIVO,ND,2012-12-01,Mujer,SECUNDARIA,BOYACA,PUERTO BOYACA,ND,ND,EDUCACIÓN SECUNDARIA,RC,SISBEN,0 - 1.500.000,0 - 1.300.000,1900-01-01,18-29,NO,20
NO,15,15572,NO,ACTIVO,ND,2012-12-01,Mujer,ND,BOYACA,PUERTO BOYACA,ND,ND,ND,RC,SISBEN,0 - 1.500.000,0 - 1.300.000,1900-01-01,06-17,NO,38
NO,15,15572,NO,NO ACTIVO,ND,2012-12-01,Hombre,ND,BOYACA,PUERTO BOYACA,ND,ND,ND,CC,SISBEN,0 - 1.500.000,0 - 1.300.000,1900-01-01,18-29,NO,58
SI,15,15572,NO,ACTIVO,ND,2013-11-01,Mujer,ND,BOYACA,PUERTO BOYACA,ND,MONETARIO,ND,CC,DESPLAZADOS,4.500.001 - 6.000.000,0 - 1.300.000,2018-01-01,30-49,SI,1
NO,15,15572,NO,ACTIVO,ND,2012-12-01,Mujer,PRIMARIA,BOYACA,PUERTO BOYACA,ND,ND,ND,TI,UNIDOS,0 - 1.500.000,0 - 1.300.000,1900-01-01,06-17,NO,2
NO,15,15572,NO,ACTIVO,ND,2012-12-01,Mujer,SECUNDARIA,BOYACA,PUERTO BOYACA,ND,ND,EDUCACIÓN SECUNDARIA,RC,SISBEN,0 - 1.500.000,0 - 1.300.000,1900-01-01,06-17,NO,5
NO,15,15572,NO,ACTIVO,ND,2014-10-01,Mujer,PRIMARIA,BOYACA,PUERTO BOYACA,ND,ND,EDUCACIÓN PRIMARIA,TI,DESPLAZADOS,0 - 1.500.000,0 - 1.300.000,1900-01-01,18-29,NO,1
NO,15,15572,NO,ACTIVO,ND,2018-09-01,Hombre,ND,BOYACA,PUERTO BOYACA,ND,ND,NUTRICIÓN MENOR,RC,UNIDOS,0 - 1.500.000,0 - 1.300.000,1900-01-01,06-17,NO,1
NO,15,15572,SI,ACTIVO,ND,2012-11-01,Mujer,SECUNDARIA,BOYACA,PUERTO BOYACA,ND,ND,EDUCACIÓN SECUNDARIA,TI,DESPLAZADOS,0 - 1.500.000,0 - 1.300.000,1900-01-01,18-29,NO,1
ND,15,15572,ND,ACTIVO,ND,2012-12-01,Mujer,ND,BOYACA,PUERTO BOYACA,Colombia,ND,EDUCACIÓN PRIMARIA,RC,DESPLAZADOS,0 - 1.500.000,0 - 1.300.000,1900-01-01,06-17,NO,1
SI,15,15572,NO,NO ACTIVO,ND,2012-12-01,Mujer,ND,BOYACA,PUERTO BOYACA,Colombia,MONETARIO,NUTRICIÓN,CC,SISBEN,1.500.001 - 3.000.000,0 - 1.300.000,2016-01-01,30-49,SI,1
NO,15,15572,NO,ACTIVO,ND,2012-12-01,Mujer,ND,BOYACA,PUERTO BOYACA,ND,ND,ND,TI,UNIDOS,0 - 1.500.000,0 - 1.300.000,1900-01-01,30-49,NO,2
NO,15,15572,NO,ACTIVO,ND,2014-12-01,Hombre,PRIMARIA,BOYACA,PUERTO BOYACA,ND,ND,EDUCACIÓN PRIMARIA,TI,DESPLAZADOS,0 - 1.500.000,0 - 1.300.000,1900-01-01,18-29,NO,1
NO,15,15572,NO,ACTIVO,ND,2012-12-01,Hombre,PRIMARIA,BOYACA,PUERTO BOYACA,ND,ND,EDUCACIÓN PRIMARIA,TI,UNIDOS,0 - 1.500.000,0 - 1.300.000,1900-01-01,18-29,NO,39
SI,15,15572,NO,ACTIVO,ND,2016-10-01,Hombre,ND,BOYACA,PUERTO BOYACA,ND,MONETARIO,NUTRICIÓN,CC,DESPLAZADOS,1.500.001 - 3.000.000,0 - 1.300.000,2018-01-01,30-49,SI,1
NO,15,15572,NO,ACTIVO,ND,2012-10-01,Mujer,PRIMARIA,BOYACA,PUERTO BOYACA,ND,ND,EDUCACIÓN PRIMARIA,RC,SISBEN,0 - 1.500.000,0 - 1.300.000,1900-01-01,18-29,NO,1
NO,15,15572,NO,NO ACTIVO,ND,2012-12-01,Mujer,ND,BOYACA,PUERTO BOYACA,Colombia,ND,ND,RC,ND,0 - 1.500.000,0 - 1.300.000,1900-01-01,18-29,NO,2
NO,15,15572,NO,ACTIVO,ND,2012-12-01,Hombre,SECUNDARIA,BOYACA,PUERTO BOYACA,ND,ND,ND,TI,SISBEN,0 - 1.500.000,0 - 1.300.000,1900-01-01,18-29,NO,35
NO,15,15572,NO,ACTIVO,ND,2012-12-01,Hombre,SECUNDARIA,BOYACA,PUERTO BOYACA,ND,ND,EDUCACIÓN SECUNDARIA,TI,SISBEN,0 - 1.500.000,0 - 1.300.000,1900-01-01,06-17,NO,16
NO,15,15572,NO,NO ACTIVO,ND,2012-12-01,Mujer,ND,BOYACA,PUERTO BOYACA,ND,ND,ND,CC,SISBEN,0 - 1.500.000,0 - 1.300.000,1900-01-01,30-49,NO,10
NO,15,15572,NO,NO ACTIVO,ND,2012-12-01,Hombre,ND,BOYACA,PUERTO BOYACA,Colombia,ND,ND,RC,ND,0 - 1.500.000,0 - 1.300.000,1900-01-01,18-29,NO,3
NO,15,15572,NO,NO ACTIVO,ND,2012-12-01,Mujer,ND,BOYACA,PUERTO BOYACA,Colombia,ND,EDUCACIÓN PRIMARIA,TI,ND,0 - 1.500.000,0 - 1.300.000,1900-01-01,18-29,NO,74
NO,15,15572,NO,ACTIVO,ND,2012-12-01,Hombre,PRIMARIA,BOYACA,PUERTO BOYACA,ND,ND,EDUCACIÓN PRIMARIA,TI,DESPLAZADOS,0 - 1.500.000,0 - 1.300.000,1900-01-01,18-29,NO,10
NO,15,15572,NO,ACTIVO,ND,2012-12-01,Mujer,PRIMARIA,BOYACA,PUERTO BOYACA,ND,ND,EDUCACIÓN PRIMARIA,RC,UNIDOS,0 - 1.500.000,0 - 1.300.000,1900-01-01,06-17,NO,90
NO,15,15572,NO,ACTIVO,ND,2018-11-01,Hombre,ND,BOYACA,PUERTO BOYACA,ND,ND,ND,RC,SISBEN,0 - 1.500.000,0 - 1.300.000,1900-01-01,06-17,NO,4
NO,15,15572,NO,ACTIVO,ND,2012-12-01,Mujer,ND,BOYACA,PUERTO BOYACA,ND,ND,ND,RC,SISBEN,0 - 1.500.000,0 - 1.300.000,1900-01-01,18-29,NO,2
SI,15,15572,NO,ACTIVO,ND,2014-05-01,Mujer,ND,BOYACA,PUERTO BOYACA,ND,MONETARIO,ND,CC,DESPLAZADOS,0 - 1.500.000,0 - 1.300.000,2018-01-01,>65,SI,1
,15,15572,NO,NO ACTIVO,ND,2012-12-01,Hombre,ND,BOYACA,PUERTO BOYACA,ND,ND,EDUCACIÓN PRIMARIA,TI,ND,0 - 1.500.000,0 - 1.300.000,1900-01-01,18-29,NO,1
SI,15,15572,NO,NO ACTIVO,ND,2012-12-01,Mujer,ND,BOYACA,PUERTO BOYACA,Colombia,MONETARIO,ND,CC,ND,0 - 1.500.000,0 - 1.300.000,2014-01-01,30-49,SI,13
NO,15,15572,NO,ACTIVO,AFROCOLOMBIANO – NEGRO,2012-12-01,Hombre,PRIMARIA,BOYACA,PUERTO BOYACA,ND,ND,EDUCACIÓN PRIMARIA,TI,SISBEN,0 - 1.500.000,0 - 1.300.000,1900-01-01,18-29,NO,1
NO,15,15572,SI,ACTIVO,ND,2012-12-01,Hombre,SECUNDARIA,BOYACA,PUERTO BOYACA,ND,ND,EDUCACIÓN SECUNDARIA,TI,DESPLAZADOS,0 - 1.500.000,0 - 1.300.000,1900-01-01,18-29,NO,2
NO,15,15572,NO,ACTIVO,ND,2012-12-01,Hombre,PRIMARIA,BOYACA,PUERTO BOYACA,ND,ND,EDUCACIÓN PRIMARIA,TI,SISBEN,0 - 1.500.000,0 - 1.300.000,1900-01-01,18-29,NO,86
SI,15,15572,NO,NO ACTIVO,ND,2012-12-01,Mujer,ND,BOYACA,PUERTO BOYACA,ND,MONETARIO,ND,CC,SISBEN,1.500.001 - 3.000.000,0 - 1.300.000,2015-01-01,>65,NO,1
NO,15,15572,NO,NO ACTIVO,ND,2012-12-01,Hombre,ND,BOYACA,PUERTO BOYACA,ND,ND,ND,CC,UNIDOS,0 - 1.500.000,0 - 1.300.000,1900-01-01,30-49,NO,7
NO,15,15572,NO,ACTIVO,ND,2018-11-01,Hombre,ND,BOYACA,PUERTO BOYACA,ND,ND,ND,RC,DESPLAZADOS,0 - 1.500.000,0 - 1.300.000,1900-01-01,06-17,NO,1
NO,15,15572,NO,ACTIVO,ND,2012-11-01,Mujer,SECUNDARIA,BOYACA,PUERTO BOYACA,ND,ND,EDUCACIÓN SECUNDARIA,RC,SISBEN,0 - 1.500.000,0 - 1.300.000,1900-01-01,18-29,NO,1
NO,15,15572,NO,NO ACTIVO,ND,2012-12-01,Mujer,ND,BOYACA,PUERTO BOYACA,ND,ND,ND,CC,DESPLAZADOS,0 - 1.500.000,0 - 1.300.000,1900-01-01,18-29,NO,20
NO,15,15572,NO,ACTIVO,AFROCOLOMBIANO – NEGRO,2012-12-01,Hombre,SECUNDARIA,BOYACA,PUERTO BOYACA,ND,ND,EDUCACIÓN SECUNDARIA,RC,UNIDOS,0 - 1.500.000,0 - 1.300.000,1900-01-01,18-29,NO,3
SI,15,15572,NO,ACTIVO,ND,2012-12-01,Mujer,ND,BOYACA,PUERTO BOYACA,ND,MONETARIO,ND,CC,SISBEN,4.500.001 - 6.000.000,0 - 1.300.000,2018-01-01,30-49,SI,2
SI,15,15572,NO,ACTIVO,ND,2012-12-01,Mujer,ND,BOYACA,PUERTO BOYACA,ND,MONETARIO,ND,CC,UNIDOS,0 - 1.500.000,0 - 1.300.000,2018-01-01,50-65,SI,3
NO,15,15572,NO,ACTIVO,ND,2015-05-01,Hombre,SECUNDARIA,BOYACA,PUERTO BOYACA,ND,ND,EDUCACIÓN SECUNDARIA,TI,SISBEN,0 - 1.500.000,0 - 1.300.000,1900-01-01,18-29,NO,1
NO,15,15572,NO,ACTIVO,AFROCOLOMBIANO – NEGRO,2012-12-01,Mujer,SECUNDARIA,BOYACA,PUERTO BOYACA,ND,ND,EDUCACIÓN SECUNDARIA,RC,UNIDOS,0 - 1.500.000,0 - 1.300.000,1900-01-01,18-29,NO,5
NO,15,15572,NO,NO ACTIVO,ND,2012-12-01,Mujer,ND,BOYACA,PUERTO BOYACA,ND,ND,ND,CC,DESPLAZADOS,0 - 1.500.000,0 - 1.300.000,1900-01-01,30-49,NO,1
NO,15,15572,NO,ACTIVO,ND,2018-03-01,Hombre,ND,BOYACA,PUERTO BOYACA,ND,ND,NUTRICIÓN MENOR,RC,SISBEN,0 - 1.500.000,0 - 1.300.000,1900-01-01,06-17,NO,7
NO,15,15572,NO,ACTIVO,ND,2012-12-01,Hombre,SECUNDARIA,BOYACA,PUERTO BOYACA,ND,ND,EDUCACIÓN SECUNDARIA,TI,DESPLAZADOS,0 - 1.500.000,0 - 1.300.000,1900-01-01,18-29,NO,85
NO,15,15572,NO,ACTIVO,ND,2012-12-01,Mujer,SECUNDARIA,BOYACA,PUERTO BOYACA,ND,ND,EDUCACIÓN SECUNDARIA,TI,UNIDOS,0 - 1.500.000,0 - 1.300.000,1900-01-01,06-17,NO,13
NO,15,15572,NO,ACTIVO,ND,2017-07-01,Hombre,ND,BOYACA,PUERTO BOYACA,ND,ND,NUTRICIÓN MENOR,RC,SISBEN,0 - 1.500.000,0 - 1.300.000,1900-01-01,06-17,NO,11
NO,15,15572,NO,NO ACTIVO,ND,2012-11-01,Mujer,SECUNDARIA,BOYACA,PUERTO BOYACA,ND,ND,ND,TI,DESPLAZADOS,0 - 1.500.000,0 - 1.300.000,1900-01-01,18-29,NO,2
NO,15,15572,NO,ACTIVO,AFROCOLOMBIANO – NEGRO,2012-12-01,Hombre,SECUNDARIA,BOYACA,PUERTO BOYACA,ND,ND,EDUCACIÓN SECUNDARIA,TI,SISBEN,0 - 1.500.000,0 - 1.300.000,1900-01-01,18-29,NO,6
NO,15,15572,NO,NO ACTIVO,AFROCOLOMBIANO – NEGRO,2012-12-01,Hombre,ND,BOYACA,PUERTO BOYACA,ND,ND,ND,CC,UNIDOS,0 - 1.500.000,0 - 1.300.000,1900-01-01,30-49,NO,4
NO,15,15572,NO,NO ACTIVO,ND,2012-12-01,Mujer,ND,BOYACA,PUERTO BOYACA,ND,ND,ND,TI,SISBEN,0 - 1.500.000,0 - 1.300.000,1900-01-01,30-49,NO,3
SI,15,15572,NO,NO ACTIVO,ND,2012-12-01,Hombre,ND,BOYACA,PUERTO BOYACA,Colombia,MONETARIO,ND,CC,SISBEN,0 - 1.500.000,0 - 1.300.000,2013-01-01,>65,SI,1
NO,15,15572,NO,ACTIVO,ND,2013-07-01,Hombre,PRIMARIA,BOYACA,PUERTO BOYACA,ND,ND,EDUCACIÓN PRIMARIA,TI,DESPLAZADOS,0 - 1.500.000,0 - 1.300.000,1900-01-01,18-29,NO,3
SI,15,15572,NO,ACTIVO,ND,2013-06-01,Mujer,ND,BOYACA,PUERTO BOYACA,ND,MONETARIO,ND,CC,DESPLAZADOS,0 - 1.500.000,0 - 1.300.000,2018-01-01,50-65,SI,1
NO,15,15572,NO,ACTIVO,ROM O GITANO,2012-12-01,Mujer,ND,BOYACA,PUERTO BOYACA,ND,ND,ND,TI,UNIDOS,0 - 1.500.000,0 - 1.300.000,1900-01-01,06-17,NO,1
SI,15,15572,NO,NO ACTIVO,ND,2012-12-01,Mujer,ND,BOYACA,PUERTO BOYACA,Colombia,MONETARIO,ND,CC,ND,0 - 1.500.000,0 - 1.300.000,2014-01-01,30-49,SI,6
NO,15,15572,NO,ACTIVO,AFROCOLOMBIANO – NEGRO,2012-12-01,Hombre,PRIMARIA,BOYACA,PUERTO BOYACA,ND,ND,ND,RC,DESPLAZADOS,0 - 1.500.000,0 - 1.300.000,1900-01-01,18-29,NO,1
NO,15,15572,NO,ACTIVO,ND,2018-08-01,Hombre,ND,BOYACA,PUERTO BOYACA,ND,ND,NUTRICIÓN MENOR,RC,SISBEN,0 - 1.500.000,0 - 1.300.000,1900-01-01,06-17,NO,1
NO,15,15572,NO,ACTIVO,ND,2012-12-01,Mujer,ND,BOYACA,PUERTO BOYACA,ND,MONETARIO,ND,CC,DESPLAZADOS,1.500.001 - 3.000.000,0 - 1.300.000,2017-01-01,>65,NO,1
NO,15,15572,NO,ACTIVO,ND,2018-11-01,Hombre,ND,BOYACA,PUERTO BOYACA,ND,ND,NUTRICIÓN MENOR,RC,DESPLAZADOS,0 - 1.500.000,0 - 1.300.000,1900-01-01,06-17,NO,2
NO,15,15572,NO,ACTIVO,ND,2018-08-01,Hombre,ND,BOYACA,PUERTO BOYACA,ND,ND,ND,RC,SISBEN,0 - 1.500.000,0 - 1.300.000,1900-01-01,06-17,NO,2
ND,15,15572,ND,ACTIVO,ND,2012-12-01,Mujer,ND,BOYACA,PUERTO BOYACA,Colombia,ND,EDUCACIÓN SECUNDARIA,TI,UNIDOS,0 - 1.500.000,0 - 1.300.000,1900-01-01,18-29,NO,3
,15,15572,NO,ACTIVO,ND,2018-03-01,Hombre,ND,BOYACA,PUERTO BOYACA,ND,ND,NUTRICIÓN MENOR,RC,SISBEN,0 - 1.500.000,0 - 1.300.000,1900-01-01,06-17,NO,1
NO,15,15572,NO,ACTIVO,AFROCOLOMBIANO – NEGRO,2016-05-01,Mujer,SECUNDARIA,BOYACA,PUERTO BOYACA,ND,ND,EDUCACIÓN SECUNDARIA,TI,UNIDOS,0 - 1.500.000,0 - 1.300.000,1900-01-01,18-29,NO,1
NO,15,15572,NO,ACTIVO,ND,2014-09-01,Mujer,SECUNDARIA,BOYACA,PUERTO BOYACA,ND,ND,EDUCACIÓN SECUNDARIA,TI,DESPLAZADOS,0 - 1.500.000,0 - 1.300.000,1900-01-01,18-29,NO,2
NO,15,15572,NO,NO ACTIVO,ND,2012-12-01,Hombre,ND,BOYACA,PUERTO BOYACA,Colombia,ND,ND,CC,ND,0 - 1.500.000,0 - 1.300.000,1900-01-01,30-49,NO,1
NO,15,15572,NO,NO ACTIVO,ND,2012-12-01,Mujer,ND,BOYACA,PUERTO BOYACA,Colombia,ND,ND,TI,DESPLAZADOS,0 - 1.500.000,0 - 1.300.000,1900-01-01,18-29,NO,1
SI,15,15572,NO,ACTIVO,AFROCOLOMBIANO – NEGRO,2012-12-01,Mujer,ND,BOYACA,PUERTO BOYACA,ND,MONETARIO,ND,CC,UNIDOS,0 - 1.500.000,0 - 1.300.000,2018-01-01,50-65,SI,2
NO,15,15572,NO,NO ACTIVO,ND,2012-12-01,Hombre,ND,BOYACA,PUERTO BOYACA,ND,ND,ND,CC,DESPLAZADOS,0 - 1.500.000,0 - 1.300.000,1900-01-01,18-29,NO,9
NO,15,15572,NO,NO ACTIVO,ND,2012-12-01,Mujer,ND,BOYACA,PUERTO BOYACA,Colombia,ND,ND,TI,ND,0 - 1.500.000,0 - 1.300.000,1900-01-01,18-29,NO,50
NO,15,15572,NO,ACTIVO,ND,2012-12-01,Hombre,SECUNDARIA,BOYACA,PUERTO BOYACA,ND,ND,EDUCACIÓN SECUNDARIA,TI,DESPLAZADOS,0 - 1.500.000,0 - 1.300.000,1900-01-01,06-17,NO,3
NO,15,15572,NO,NO ACTIVO,ND,2012-12-01,Mujer,ND,BOYACA,PUERTO BOYACA,ND,ND,ND,CC,SISBEN,0 - 1.500.000,0 - 1.300.000,1900-01-01,18-29,NO,67
NO,15,15572,NO,NO ACTIVO,AFROCOLOMBIANO – NEGRO,2012-12-01,Hombre,ND,BOYACA,PUERTO BOYACA,ND,ND,ND,CC,SISBEN,0 - 1.500.000,0 - 1.300.000,1900-01-01,18-29,NO,2
NO,15,15572,NO,ACTIVO,ND,2012-12-01,Hombre,ND,BOYACA,PUERTO BOYACA,ND,ND,ND,TI,SISBEN,0 - 1.500.000,0 - 1.300.000,1900-01-01,18-29,NO,200
NO,15,15572,NO,NO ACTIVO,ND,2012-12-01,Hombre,ND,BOYACA,PUERTO BOYACA,ND,ND,ND,TI,UNIDOS,0 - 1.500.000,0 - 1.300.000,1900-01-01,30-49,NO,2
NO,15,15572,NO,ACTIVO,AFROCOLOMBIANO – NEGRO,2012-12-01,Mujer,PRIMARIA,BOYACA,PUERTO BOYACA,ND,ND,EDUCACIÓN PRIMARIA,RC,UNIDOS,0 - 1.500.000,0 - 1.300.000,1900-01-01,18-29,NO,2
NO,15,15572,NO,NO ACTIVO,AFROCOLOMBIANO – NEGRO,2012-12-01,Hombre,ND,BOYACA,PUERTO BOYACA,ND,ND,ND,CC,SISBEN,0 - 1.500.000,0 - 1.300.000,1900-01-01,30-49,NO,1
NO,15,15572,NO,ACTIVO,ND,2012-12-01,Hombre,SECUNDARIA,BOYACA,PUERTO BOYACA,ND,ND,EDUCACIÓN SECUNDARIA,TI,UNIDOS,0 - 1.500.000,0 - 1.300.000,1900-01-01,18-29,NO,261
NO,15,15572,NO,ACTIVO,AFROCOLOMBIANO – NEGRO,2016-10-01,Hombre,PRIMARIA,BOYACA,PUERTO BOYACA,ND,ND,EDUCACIÓN PRIMARIA,TI,DESPLAZADOS,0 - 1.500.000,0 - 1.300.000,1900-01-01,18-29,NO,1
NO,15,15572,NO,ACTIVO,ND,2012-12-01,Mujer,PRIMARIA,BOYACA,PUERTO BOYACA,ND,ND,EDUCACIÓN PRIMARIA,TI,SISBEN,0 - 1.500.000,0 - 1.300.000,1900-01-01,18-29,NO,44
NO,15,15572,NO,ACTIVO,ND,2017-02-01,Mujer,PRIMARIA,BOYACA,PUERTO BOYACA,ND,ND,EDUCACIÓN PRIMARIA,TI,DESPLAZADOS,0 - 1.500.000,0 - 1.300.000,1900-01-01,18-29,NO,1
NO,15,15572,NO,ACTIVO,ND,2012-12-01,Hombre,ND,BOYACA,PUERTO BOYACA,ND,ND,ND,TI,SISBEN,0 - 1.500.000,0 - 1.300.000,1900-01-01,06-17,NO,35
NO,15,15572,NO,NO ACTIVO,ND,2012-12-01,Hombre,ND,BOYACA,PUERTO BOYACA,Colombia,ND,EDUCACIÓN PRIMARIA,RC,ND,0 - 1.500.000,0 - 1.300.000,1900-01-01,06-17,NO,5
NO,15,15572,NO,ACTIVO,ND,2013-06-01,Mujer,SECUNDARIA,BOYACA,PUERTO BOYACA,ND,ND,EDUCACIÓN SECUNDARIA,TI,DESPLAZADOS,0 - 1.500.000,0 - 1.300.000,1900-01-01,18-29,NO,6
NO,15,15572,NO,ACTIVO,AFROCOLOMBIANO – NEGRO,2012-12-01,Hombre,ND,BOYACA,PUERTO BOYACA,ND,ND,ND,TI,UNIDOS,0 - 1.500.000,0 - 1.300.000,1900-01-01,18-29,NO,39
NO,15,15572,NO,ACTIVO,ND,2017-10-01,Hombre,ND,BOYACA,PUERTO BOYACA,ND,ND,NUTRICIÓN MENOR,RC,SISBEN,0 - 1.500.000,0 - 1.300.000,1900-01-01,06-17,NO,6
NO,15,15572,NO,ACTIVO,ND,2012-12-01,Mujer,SECUNDARIA,BOYACA,PUERTO BOYACA,ND,ND,ND,TI,UNIDOS,0 - 1.500.000,0 - 1.300.000,1900-01-01,18-29,NO,14
NO,15,15572,NO,ACTIVO,ND,2012-12-01,Hombre,PRIMARIA,BOYACA,PUERTO BOYACA,ND,ND,ND,TI,UNIDOS,0 - 1.500.000,0 - 1.300.000,1900-01-01,06-17,NO,3
NO,15,15572,NO,ACTIVO,ND,2012-12-01,Mujer,SECUNDARIA,BOYACA,PUERTO BOYACA,ND,ND,EDUCACIÓN SECUNDARIA,RC,UNIDOS,0 - 1.500.000,0 - 1.300.000,1900-01-01,18-29,NO,10
NO,15,15572,NO,ACTIVO,ND,2012-12-01,Mujer,PRIMARIA,BOYACA,PUERTO BOYACA,ND,ND,EDUCACIÓN PRIMARIA,RC,UNIDOS,0 - 1.500.000,0 - 1.300.000,1900-01-01,18-29,NO,3
NO,15,15572,NO,ACTIVO,ND,2012-12-01,Mujer,PRIMARIA,BOYACA,PUERTO BOYACA,ND,ND,EDUCACIÓN PRIMARIA,TI,DESPLAZADOS,0 - 1.500.000,0 - 1.300.000,1900-01-01,06-17,NO,57
SI,15,15572,NO,NO ACTIVO,ND,2012-12-01,Hombre,ND,BOYACA,PUERTO BOYACA,ND,ND,ND,CC,SISBEN,0 - 1.500.000,0 - 1.300.000,2015-01-01,30-49,SI,1
NO,15,15572,NO,NO ACTIVO,ND,2012-12-01,Mujer,ND,BOYACA,PUERTO BOYACA,ND,ND,ND,RC,SISBEN,0 - 1.500.000,0 - 1.300.000,1900-01-01,18-29,NO,2
NO,15,15572,NO,ACTIVO,ND,2012-12-01,Hombre,PRIMARIA,BOYACA,PUERTO BOYACA,ND,ND,EDUCACIÓN PRIMARIA,TI,DESPLAZADOS,0 - 1.500.000,0 - 1.300.000,1900-01-01,06-17,NO,60
NO,15,15572,NO,ACTIVO,AFROCOLOMBIANO – NEGRO,2012-12-01,Hombre,PRIMARIA,BOYACA,PUERTO BOYACA,ND,ND,EDUCACIÓN PRIMARIA,RC,UNIDOS,0 - 1.500.000,0 - 1.300.000,1900-01-01,18-29,NO,4
NO,15,15572,NO,ACTIVO,ND,2012-12-01,Mujer,ND,BOYACA,PUERTO BOYACA,ND,ND,NUTRICIÓN MENOR,RC,ND,0 - 1.500.000,0 - 1.300.000,1900-01-01,18-29,NO,1
ND,15,15572,NO,ACTIVO,ND,2012-12-01,Mujer,ND,BOYACA,PUERTO BOYACA,ND,MONETARIO,ND,CC,UNIDOS,1.500.001 - 3.000.000,0 - 1.300.000,2018-01-01,50-65,SI,1
NO,15,15572,NO,ACTIVO,AFROCOLOMBIANO – NEGRO,2012-12-01,Mujer,PRIMARIA,BOYACA,PUERTO BOYACA,ND,ND,EDUCACIÓN PRIMARIA,RC,SISBEN,0 - 1.500.000,0 - 1.300.000,1900-01-01,18-29,NO,1
NO,15,15572,NO,ACTIVO,AFROCOLOMBIANO – NEGRO,2012-12-01,Hombre,SECUNDARIA,BOYACA,PUERTO BOYACA,ND,ND,EDUCACIÓN SECUNDARIA,TI,SISBEN,0 - 1.500.000,0 - 1.300.000,1900-01-01,06-17,NO,1
NO,15,15572,NO,ACTIVO,ND,2018-08-01,Mujer,ND,BOYACA,PUERTO BOYACA,ND,ND,ND,RC,DESPLAZADOS,0 - 1.500.000,0 - 1.300.000,1900-01-01,06-17,NO,2
NO,15,15572,NO,ACTIVO,ND,2016-12-01,Hombre,PRIMARIA,BOYACA,PUERTO BOYACA,ND,ND,EDUCACIÓN PRIMARIA,TI,DESPLAZADOS,0 - 1.500.000,0 - 1.300.000,1900-01-01,18-29,NO,1
NO,15,15572,NO,ACTIVO,ND,2018-10-01,Hombre,ND,BOYACA,PUERTO BOYACA,ND,ND,ND,RC,SISBEN,0 - 1.500.000,0 - 1.300.000,1900-01-01,06-17,NO,4
NO,15,15572,NO,ACTIVO,ND,2012-12-01,Hombre,ND,BOYACA,PUERTO BOYACA,ND,ND,ND,TI,DESPLAZADOS,0 - 1.500.000,0 - 1.300.000,1900-01-01,18-29,NO,37
NO,15,15572,NO,ACTIVO,ND,2012-10-01,Hombre,PRIMARIA,BOYACA,PUERTO BOYACA,ND,ND,EDUCACIÓN PRIMARIA,RC,SISBEN,0 - 1.500.000,0 - 1.300.000,1900-01-01,06-17,NO,2
NO,15,15572,NO,NO ACTIVO,ND,2012-12-01,Hombre,ND,BOYACA,PUERTO BOYACA,ND,ND,ND,TI,SISBEN,0 - 1.500.000,0 - 1.300.000,1900-01-01,30-49,NO,2
SI,15,15572,NO,ACTIVO,ND,2012-12-01,Mujer,ND,BOYACA,PUERTO BOYACA,ND,MONETARIO,NUTRICIÓN,CC,UNIDOS,4.500.001 - 6.000.000,0 - 1.300.000,2018-01-01,50-65,SI,1
NO,15,15572,NO,NO ACTIVO,ND,2012-12-01,Hombre,ND,BOYACA,PUERTO BOYACA,ND,ND,ND,TI,UNIDOS,0 - 1.500.000,0 - 1.300.000,1900-01-01,18-29,NO,110
NO,15,15572,NO,ACTIVO,ND,2012-12-01,Hombre,ND,BOYACA,PUERTO BOYACA,ND,ND,ND,CC,SISBEN,0 - 1.500.000,0 - 1.300.000,1900-01-01,30-49,NO,6
NO,15,15572,NO,ACTIVO,ND,2016-11-01,Hombre,PRIMARIA,BOYACA,PUERTO BOYACA,ND,ND,EDUCACIÓN PRIMARIA,TI,DESPLAZADOS,0 - 1.500.000,0 - 1.300.000,1900-01-01,06-17,NO,2
NO,15,15572,NO,ACTIVO,ND,2018-11-01,Hombre,ND,BOYACA,PUERTO BOYACA,ND,ND,ND,RC,UNIDOS,0 - 1.500.000,0 - 1.300.000,1900-01-01,06-17,NO,1
NO,15,15572,NO,ACTIVO,ND,2012-12-01,Hombre,PRIMARIA,BOYACA,PUERTO BOYACA,ND,ND,EDUCACIÓN PRIMARIA,TI,SISBEN,0 - 1.500.000,0 - 1.300.000,1900-01-01,06-17,NO,406
NO,15,15572,NO,ACTIVO,AFROCOLOMBIANO – NEGRO,2012-12-01,Hombre,PRIMARIA,BOYACA,PUERTO BOYACA,ND,ND,EDUCACIÓN PRIMARIA,TI,UNIDOS,0 - 1.500.000,0 - 1.300.000,1900-01-01,06-17,NO,10
SI,15,15572,NO,ACTIVO,AFROCOLOMBIANO – NEGRO,2012-12-01,Hombre,ND,BOYACA,PUERTO BOYACA,ND,MONETARIO,ND,CC,SISBEN,3.000.001 - 4.500.000,0 - 1.300.000,2018-01-01,30-49,SI,1
NO,15,15572,NO,ACTIVO,ND,2017-09-01,Hombre,ND,BOYACA,PUERTO BOYACA,Colombia,ND,ND,TI,SISBEN,0 - 1.500.000,0 - 1.300.000,1900-01-01,18-29,NO,1
NO,15,15572,NO,ACTIVO,AFROCOLOMBIANO – NEGRO,2012-12-01,Mujer,ND,BOYACA,PUERTO BOYACA,ND,ND,ND,TI,UNIDOS,0 - 1.500.000,0 - 1.300.000,1900-01-01,18-29,NO,28
NO,15,15572,NO,ACTIVO,AFROCOLOMBIANO – NEGRO,2012-12-01,Mujer,SECUNDARIA,BOYACA,PUERTO BOYACA,ND,ND,EDUCACIÓN SECUNDARIA,TI,UNIDOS,0 - 1.500.000,0 - 1.300.000,1900-01-01,06-17,NO,3
NO,15,15572,SI,ACTIVO,ND,2012-12-01,Mujer,PRIMARIA,BOYACA,PUERTO BOYACA,ND,ND,EDUCACIÓN PRIMARIA,TI,SISBEN,0 - 1.500.000,0 - 1.300.000,1900-01-01,18-29,NO,1
NO,15,15572,NO,ACTIVO,ND,2014-04-01,Hombre,SECUNDARIA,BOYACA,PUERTO BOYACA,ND,ND,EDUCACIÓN SECUNDARIA,TI,DESPLAZADOS,0 - 1.500.000,0 - 1.300.000,1900-01-01,18-29,NO,1
NO,15,15572,NO,ACTIVO,AFROCOLOMBIANO – NEGRO,2012-12-01,Mujer,ND,BOYACA,PUERTO BOYACA,ND,MONETARIO,ND,CC,UNIDOS,3.000.001 - 4.500.000,0 - 1.300.000,2018-01-01,30-49,SI,1
ND,15,15572,ND,ACTIVO,ND,2012-11-01,Mujer,ND,BOYACA,PUERTO BOYACA,Colombia,ND,EDUCACIÓN SECUNDARIA,TI,SISBEN,0 - 1.500.000,0 - 1.300.000,1900-01-01,06-17,NO,1
SI,15,15572,NO,ACTIVO,ND,2016-04-01,Mujer,ND,BOYACA,PUERTO BOYACA,ND,MONETARIO,NUTRICIÓN,CC,DESPLAZADOS,1.500.001 - 3.000.000,0 - 1.300.000,2018-01-01,30-49,SI,1
NO,15,15572,NO,ACTIVO,ND,2012-12-01,Hombre,PRIMARIA,BOYACA,PUERTO BOYACA,ND,ND,ND,RC,SISBEN,0 - 1.500.000,0 - 1.300.000,1900-01-01,18-29,NO,1
,15,15572,NO,ACTIVO,ND,2018-11-01,Hombre,ND,BOYACA,PUERTO BOYACA,ND,ND,NUTRICIÓN MENOR,RC,SISBEN,0 - 1.500.000,0 - 1.300.000,1900-01-01,06-17,NO,1
NO,15,15572,NO,ACTIVO,ND,2012-12-01,Mujer,ND,BOYACA,PUERTO BOYACA,ND,ND,EDUCACIÓN PRIMARIA,RC,ND,0 - 1.500.000,0 - 1.300.000,1900-01-01,18-29,NO,1
NO,15,15572,NO,ACTIVO,ND,2012-12-01,Hombre,ND,BOYACA,PUERTO BOYACA,Colombia,ND,NUTRICIÓN MENOR,RC,SISBEN,0 - 1.500.000,0 - 1.300.000,1900-01-01,18-29,NO,1
NO,15,15572,NO,ACTIVO,ND,2012-10-01,Mujer,SECUNDARIA,BOYACA,PUERTO BOYACA,ND,ND,EDUCACIÓN SECUNDARIA,TI,SISBEN,0 - 1.500.000,0 - 1.300.000,1900-01-01,18-29,NO,1
SI,15,15572,NO,ACTIVO,ND,2014-12-01,Mujer,ND,BOYACA,PUERTO BOYACA,ND,MONETARIO,NUTRICIÓN,CC,DESPLAZADOS,3.000.001 - 4.500.000,0 - 1.300.000,2018-01-01,30-49,SI,1
NO,15,15572,NO,ACTIVO,ND,2015-03-01,Mujer,PRIMARIA,BOYACA,PUERTO BOYACA,ND,ND,EDUCACIÓN PRIMARIA,TI,DESPLAZADOS,0 - 1.500.000,0 - 1.300.000,1900-01-01,18-29,NO,2
NO,15,15572,NO,NO ACTIVO,ND,2013-08-01,Mujer,ND,BOYACA,PUERTO BOYACA,ND,MONETARIO,NUTRICIÓN,CC,UNIDOS,1.500.001 - 3.000.000,0 - 1.300.000,2014-01-01,30-49,SI,1
NO,15,15572,NO,ACTIVO,ND,2017-11-01,Mujer,ND,BOYACA,PUERTO BOYACA,ND,ND,NUTRICIÓN MENOR,RC,SISBEN,0 - 1.500.000,0 - 1.300.000,1900-01-01,06-17,NO,7
SI,15,15572,NO,ACTIVO,ND,2013-08-01,Mujer,ND,BOYACA,PUERTO BOYACA,ND,MONETARIO,ND,CC,DESPLAZADOS,1.500.001 - 3.000.000,0 - 1.300.000,2018-01-01,>65,SI,1
NO,15,15572,NO,ACTIVO,ND,2016-11-01,Hombre,PRIMARIA,BOYACA,PUERTO BOYACA,ND,ND,EDUCACIÓN PRIMARIA,TI,DESPLAZADOS,0 - 1.500.000,0 - 1.300.000,1900-01-01,18-29,NO,2
NO,15,15572,NO,ACTIVO,ND,2017-11-01,Hombre,ND,BOYACA,PUERTO BOYACA,ND,ND,NUTRICIÓN MENOR,RC,SISBEN,0 - 1.500.000,0 - 1.300.000,1900-01-01,06-17,NO,1
NO,15,15572,NO,NO ACTIVO,ND,2012-12-01,Hombre,ND,BOYACA,PUERTO BOYACA,Colombia,ND,EDUCACIÓN PRIMARIA,RC,ND,0 - 1.500.000,0 - 1.300.000,1900-01-01,18-29,NO,16
NO,15,15572,NO,ACTIVO,ND,2012-12-01,Mujer,PRIMARIA,BOYACA,PUERTO BOYACA,ND,ND,ND,TI,SISBEN,0 - 1.500.000,0 - 1.300.000,1900-01-01,06-17,NO,2
NO,15,15572,NO,ACTIVO,ND,2015-07-01,Hombre,SECUNDARIA,BOYACA,PUERTO BOYACA,ND,ND,EDUCACIÓN SECUNDARIA,TI,DESPLAZADOS,0 - 1.500.000,0 - 1.300.000,1900-01-01,18-29,NO,1
NO,15,15572,NO,ACTIVO,ND,2018-11-01,Mujer,ND,BOYACA,PUERTO BOYACA,ND,ND,ND,RC,SISBEN,0 - 1.500.000,0 - 1.300.000,1900-01-01,06-17,NO,4
NO,15,15572,NO,ACTIVO,ND,2012-12-01,Hombre,SECUNDARIA,BOYACA,PUERTO BOYACA,ND,ND,EDUCACIÓN SECUNDARIA,RC,UNIDOS,0 - 1.500.000,0 - 1.300.000,1900-01-01,18-29,NO,5
NO,15,15572,NO,ACTIVO,ND,2015-11-01,Mujer,SECUNDARIA,BOYACA,PUERTO BOYACA,ND,ND,EDUCACIÓN SECUNDARIA,TI,DESPLAZADOS,0 - 1.500.000,0 - 1.300.000,1900-01-01,18-29,NO,2
NO,15,15572,NO,ACTIVO,ND,2012-12-01,Hombre,ND,BOYACA,PUERTO BOYACA,ND,ND,ND,CC,UNIDOS,0 - 1.500.000,0 - 1.300.000,1900-01-01,30-49,NO,3
NO,15,15572,NO,NO ACTIVO,ND,2012-12-01,Mujer,ND,BOYACA,PUERTO BOYACA,ND,MONETARIO,ND,CC,UNIDOS,0 - 1.500.000,0 - 1.300.000,2015-01-01,>65,NO,1
NO,15,15572,NO,ACTIVO,ND,2015-03-01,Hombre,PRIMARIA,BOYACA,PUERTO BOYACA,ND,ND,EDUCACIÓN PRIMARIA,TI,DESPLAZADOS,0 - 1.500.000,0 - 1.300.000,1900-01-01,18-29,NO,1
NO,15,15572,NO,ACTIVO,ND,2018-03-01,Hombre,ND,BOYACA,PUERTO BOYACA,ND,ND,NUTRICIÓN MENOR,RC,DESPLAZADOS,0 - 1.500.000,0 - 1.300.000,1900-01-01,06-17,NO,1
SI,15,15572,NO,ACTIVO,ND,2012-12-01,Mujer,ND,BOYACA,PUERTO BOYACA,ND,MONETARIO,ND,CC,UNIDOS,1.500.001 - 3.000.000,0 - 1.300.000,2018-01-01,50-65,SI,6
NO,15,15572,NO,NO ACTIVO,ND,2012-12-01,Mujer,ND,BOYACA,PUERTO BOYACA,ND,ND,EDUCACIÓN PRIMARIA,TI,ND,0 - 1.500.000,0 - 1.300.000,1900-01-01,06-17,NO,1
,15,15572,NO,ACTIVO,ND,2018-06-01,Hombre,ND,BOYACA,PUERTO BOYACA,ND,ND,NUTRICIÓN MENOR,RC,SISBEN,0 - 1.500.000,0 - 1.300.000,1900-01-01,06-17,NO,1
NO,15,15572,NO,ACTIVO,ND,2018-03-01,Mujer,ND,BOYACA,PUERTO BOYACA,ND,ND,NUTRICIÓN MENOR,RC,DESPLAZADOS,0 - 1.500.000,0 - 1.300.000,1900-01-01,06-17,NO,4
NO,15,15572,NO,ACTIVO,ND,2012-12-01,Hombre,PRIMARIA,BOYACA,PUERTO BOYACA,ND,ND,ND,TI,SISBEN,0 - 1.500.000,0 - 1.300.000,1900-01-01,18-29,NO,11
SI,15,15572,NO,ACTIVO,ND,2012-12-01,Mujer,ND,BOYACA,PUERTO BOYACA,ND,MONETARIO,ND,CC,SISBEN,3.000.001 - 4.500.000,0 - 1.300.000,2018-01-01,30-49,SI,4
SI,15,15572,NO,ACTIVO,ND,2014-11-01,Mujer,ND,BOYACA,PUERTO BOYACA,ND,MONETARIO,ND,CC,DESPLAZADOS,3.000.001 - 4.500.000,0 - 1.300.000,2018-01-01,30-49,SI,1
NO,15,15572,NO,ACTIVO,INDIGENA,2012-12-01,Mujer,SECUNDARIA,BOYACA,PUERTO BOYACA,ND,ND,EDUCACIÓN SECUNDARIA,TI,SISBEN,0 - 1.500.000,0 - 1.300.000,1900-01-01,18-29,NO,2
NO,15,15572,NO,ACTIVO,ND,2012-12-01,Hombre,SECUNDARIA,BOYACA,PUERTO BOYACA,ND,ND,EDUCACIÓN SECUNDARIA,RC,SISBEN,0 - 1.500.000,0 - 1.300.000,1900-01-01,18-29,NO,10
NO,15,15572,NO,ACTIVO,ND,2018-05-01,Mujer,ND,BOYACA,PUERTO BOYACA,ND,ND,NUTRICIÓN MENOR,RC,SISBEN,0 - 1.500.000,0 - 1.300.000,1900-01-01,06-17,NO,5
NO,15,15572,NO,ACTIVO,ND,2018-05-01,Mujer,ND,BOYACA,PUERTO BOYACA,ND,ND,ND,RC,SISBEN,0 - 1.500.000,0 - 1.300.000,1900-01-01,06-17,NO,2
NO,15,15572,NO,ACTIVO,ND,2012-12-01,Hombre,PRIMARIA,BOYACA,PUERTO BOYACA,ND,ND,ND,TI,SISBEN,0 - 1.500.000,0 - 1.300.000,1900-01-01,06-17,NO,7
NO,15,15572,NO,ACTIVO,AFROCOLOMBIANO – NEGRO,2012-12-01,Mujer,PRIMARIA,BOYACA,PUERTO BOYACA,ND,ND,EDUCACIÓN PRIMARIA,TI,UNIDOS,0 - 1.500.000,0 - 1.300.000,1900-01-01,06-17,NO,10
NO,15,15572,SI,ACTIVO,ND,2012-12-01,Hombre,PRIMARIA,BOYACA,PUERTO BOYACA,ND,ND,EDUCACIÓN PRIMARIA,TI,SISBEN,0 - 1.500.000,0 - 1.300.000,1900-01-01,06-17,NO,2
NO,15,15572,NO,ACTIVO,ND,2018-05-01,Hombre,ND,BOYACA,PUERTO BOYACA,ND,ND,NUTRICIÓN MENOR,RC,UNIDOS,0 - 1.500.000,0 - 1.300.000,1900-01-01,06-17,NO,2
NO,15,15572,NO,NO ACTIVO,AFROCOLOMBIANO – NEGRO,2012-12-01,Hombre,ND,BOYACA,PUERTO BOYACA,ND,ND,ND,CC,UNIDOS,0 - 1.500.000,0 - 1.300.000,1900-01-01,18-29,NO,8
NO,15,15572,NO,ACTIVO,ND,2012-11-01,Hombre,SECUNDARIA,BOYACA,PUERTO BOYACA,ND,ND,EDUCACIÓN SECUNDARIA,TI,DESPLAZADOS,0 - 1.500.000,0 - 1.300.000,1900-01-01,18-29,NO,8
NO,15,15572,NO,ACTIVO,AFROCOLOMBIANO – NEGRO,2012-12-01,Hombre,SECUNDARIA,BOYACA,PUERTO BOYACA,ND,ND,EDUCACIÓN SECUNDARIA,TI,UNIDOS,0 - 1.500.000,0 - 1.300.000,1900-01-01,18-29,NO,33
NO,15,15572,NO,NO ACTIVO,ND,2012-12-01,Hombre,ND,BOYACA,PUERTO BOYACA,ND,ND,ND,CC,SISBEN,0 - 1.500.000,0 - 1.300.000,1900-01-01,30-49,NO,8
NO,15,15572,NO,ACTIVO,ND,2018-06-01,Hombre,ND,BOYACA,PUERTO BOYACA,ND,ND,NUTRICIÓN MENOR,RC,DESPLAZADOS,0 - 1.500.000,0 - 1.300.000,1900-01-01,06-17,NO,4
NO,15,15572,NO,ACTIVO,ND,2018-09-01,Hombre,ND,BOYACA,PUERTO BOYACA,ND,ND,ND,RC,SISBEN,0 - 1.500.000,0 - 1.300.000,1900-01-01,06-17,NO,4
NO,15,15572,NO,ACTIVO,ROM O GITANO,2012-12-01,Hombre,SECUNDARIA,BOYACA,PUERTO BOYACA,ND,ND,EDUCACIÓN SECUNDARIA,TI,UNIDOS,0 - 1.500.000,0 - 1.300.000,1900-01-01,18-29,NO,5
NO,15,15572,NO,NO ACTIVO,ND,2012-12-01,Hombre,ND,BOYACA,PUERTO BOYACA,Colombia,ND,EDUCACIÓN PRIMARIA,TI,ND,0 - 1.500.000,0 - 1.300.000,1900-01-01,06-17,NO,4
NO,15,15572,NO,NO ACTIVO,ND,2012-12-01,Mujer,ND,BOYACA,PUERTO BOYACA,Colombia,ND,ND,RC,ND,0 - 1.500.000,0 - 1.300.000,1900-01-01,06-17,NO,2
NO,15,15572,NO,ACTIVO,ND,2016-07-01,Mujer,ND,BOYACA,PUERTO BOYACA,ND,MONETARIO,NUTRICIÓN,CC,DESPLAZADOS,1.500.001 - 3.000.000,0 - 1.300.000,2018-01-01,30-49,SI,1
NO,15,15572,NO,ACTIVO,ND,2018-03-01,Mujer,ND,BOYACA,PUERTO BOYACA,ND,ND,NUTRICIÓN MENOR,RC,SISBEN,0 - 1.500.000,0 - 1.300.000,1900-01-01,06-17,NO,2
NO,15,15572,NO,ACTIVO,ND,2012-12-01,Hombre,ND,BOYACA,PUERTO BOYACA,ND,ND,ND,RC,SISBEN,0 - 1.500.000,0 - 1.300.000,1900-01-01,06-17,NO,36
NO,15,15572,NO,ACTIVO,ND,2018-09-01,Mujer,ND,BOYACA,PUERTO BOYACA,ND,ND,ND,RC,DESPLAZADOS,0 - 1.500.000,0 - 1.300.000,1900-01-01,06-17,NO,3
NO,15,15572,NO,ACTIVO,ND,2012-11-01,Hombre,SECUNDARIA,BOYACA,PUERTO BOYACA,ND,ND,EDUCACIÓN SECUNDARIA,TI,SISBEN,0 - 1.500.000,0 - 1.300.000,1900-01-01,18-29,NO,5
SI,15,15572,NO,NO ACTIVO,ND,2012-12-01,Hombre,ND,BOYACA,PUERTO BOYACA,Colombia,MONETARIO,ND,CC,UNIDOS,0 - 1.500.000,0 - 1.300.000,2016-01-01,30-49,SI,1
SI,15,15572,NO,ACTIVO,ND,2012-12-01,Mujer,ND,BOYACA,PUERTO BOYACA,ND,MONETARIO,ND,CC,SISBEN,0 - 1.500.000,0 - 1.300.000,2018-01-01,50-65,SI,9
SI,15,15572,NO,ACTIVO,ND,2015-09-01,Mujer,ND,BOYACA,PUERTO BOYACA,ND,MONETARIO,ND,CC,DESPLAZADOS,0 - 1.500.000,0 - 1.300.000,2018-01-01,50-65,SI,1
NO,15,15572,NO,ACTIVO,ND,2012-12-01,Hombre,ND,BOYACA,PUERTO BOYACA,ND,ND,ND,CC,UNIDOS,0 - 1.500.000,0 - 1.300.000,1900-01-01,18-29,NO,42
SI,15,15572,NO,ACTIVO,ND,2012-12-01,Mujer,ND,BOYACA,PUERTO BOYACA,ND,MONETARIO,ND,CC,UNIDOS,0 - 1.500.000,0 - 1.300.000,2018-01-01,30-49,SI,4
NO,15,15572,NO,NO ACTIVO,ND,2012-12-01,Mujer,ND,BOYACA,PUERTO BOYACA,ND,ND,EDUCACIÓN PRIMARIA,TI,ND,0 - 1.500.000,0 - 1.300.000,1900-01-01,18-29,NO,3
NO,15,15572,NO,ACTIVO,ND,2012-12-01,Mujer,PRIMARIA,BOYACA,PUERTO BOYACA,ND,ND,EDUCACIÓN PRIMARIA,TI,DESPLAZADOS,0 - 1.500.000,0 - 1.300.000,1900-01-01,18-29,NO,3
NO,15,15572,NO,ACTIVO,ND,2012-12-01,Mujer,ND,BOYACA,PUERTO BOYACA,ND,ND,ND,TI,UNIDOS,0 - 1.500.000,0 - 1.300.000,1900-01-01,06-17,NO,13
SI,15,15572,NO,ACTIVO,ND,2016-09-01,Mujer,ND,BOYACA,PUERTO BOYACA,ND,MONETARIO,ND,CC,DESPLAZADOS,0 - 1.500.000,0 - 1.300.000,2018-01-01,50-65,SI,1
NO,15,15572,NO,ACTIVO,AFROCOLOMBIANO – NEGRO,2012-12-01,Mujer,ND,BOYACA,PUERTO BOYACA,ND,ND,ND,TI,UNIDOS,0 - 1.500.000,0 - 1.300.000,1900-01-01,06-17,NO,2
NO,15,15572,NO,ACTIVO,ND,2012-12-01,Hombre,PRIMARIA,BOYACA,PUERTO BOYACA,ND,ND,EDUCACIÓN PRIMARIA,RC,SISBEN,0 - 1.500.000,0 - 1.300.000,1900-01-01,18-29,NO,11
ND,15,15572,NO,ACTIVO,ND,2012-12-01,Mujer,ND,BOYACA,PUERTO BOYACA,ND,ND,EDUCACIÓN SECUNDARIA,RC,UNIDOS,0 - 1.500.000,0 - 1.300.000,1900-01-01,18-29,NO,2
